2025-10-08 19:47:13 EDT - Backup cron job scheduled for tag 'umg-oms-uat' at 2025-10-08 20:05 EDT
2025-10-08 19:47:13 EDT - Patching cron job scheduled for tag 'umg-oms-uat' at 2025-10-09 00:05 EDT
2025-10-08 19:48:28 EDT - Backup cron job scheduled for tag 'umg-oms-eu-uat' at 2025-10-08 20:10 EDT
2025-10-08 19:48:28 EDT - Patching cron job scheduled for tag 'umg-oms-eu-uat' at 2025-10-09 00:10 EDT
2025-10-08 19:50:32 EDT - Backup cron job scheduled for tag 'umg-uat' at 2025-10-08 21:35 EDT
2025-10-08 19:50:32 EDT - Patching cron job scheduled for tag 'umg-uat' at 2025-10-09 01:35 EDT
2025-10-08 19:53:07 EDT - Backup cron job scheduled for tag 'Allen-uat' at 2025-10-08 22:35 EDT
2025-10-08 19:53:07 EDT - Patching cron job scheduled for tag 'Allen-uat' at 2025-10-09 02:35 EDT
2025-10-08 19:54:13 EDT - Backup cron job scheduled for tag 'incomm-wms-uat' at 2025-10-08 23:30 EDT
2025-10-08 19:54:13 EDT - Patching cron job scheduled for tag 'incomm-wms-uat' at 2025-10-09 03:30 EDT
2025-10-09 19:25:09 EDT - Backup cron job scheduled for tag '10-0-9-157-SaddleCreek' at 2025-10-09 21:00 EDT
2025-10-09 19:25:09 EDT - Patching cron job scheduled for tag '10-0-9-157-SaddleCreek' at 2025-10-10 01:00 EDT
2025-10-09 19:26:01 EDT - Backup cron job scheduled for tag '10-0-10-210-SaddleCreek' at 2025-10-09 21:00 EDT
2025-10-09 19:26:01 EDT - Patching cron job scheduled for tag '10-0-10-210-SaddleCreek' at 2025-10-10 01:00 EDT
2025-10-09 19:26:44 EDT - Backup cron job scheduled for tag '10-0-8-202-SaddleCreek' at 2025-10-09 21:00 EDT
2025-10-09 19:26:45 EDT - Patching cron job scheduled for tag '10-0-8-202-SaddleCreek' at 2025-10-10 01:00 EDT
2025-10-09 19:27:33 EDT - Backup cron job scheduled for tag '10-0-10-236-SaddleCreek' at 2025-10-09 21:00 EDT
2025-10-09 19:27:33 EDT - Patching cron job scheduled for tag '10-0-10-236-SaddleCreek' at 2025-10-10 01:00 EDT
2025-10-09 19:28:47 EDT - Backup cron job scheduled for tag '10-0-9-178-SaddleCreek' at 2025-10-09 21:00 EDT
2025-10-09 19:28:47 EDT - Patching cron job scheduled for tag '10-0-9-178-SaddleCreek' at 2025-10-10 01:00 EDT
2025-10-09 19:29:26 EDT - Backup cron job scheduled for tag '10-0-10-209-SaddleCreek' at 2025-10-09 21:00 EDT
2025-10-09 19:29:26 EDT - Patching cron job scheduled for tag '10-0-10-209-SaddleCreek' at 2025-10-10 01:00 EDT
2025-10-09 19:32:25 EDT - Backup cron job scheduled for tag 'colehaan-uat' at 2025-10-09 20:05 EDT
2025-10-09 19:32:25 EDT - Patching cron job scheduled for tag 'colehaan-uat' at 2025-10-10 00:05 EDT
2025-10-10 19:12:14 EDT - Backup cron job scheduled for tag 'UPS-Pilot' at 2025-10-10 20:05 EDT
2025-10-10 19:12:14 EDT - Patching cron job scheduled for tag 'UPS-Pilot' at 2025-10-11 00:05 EDT
2025-10-10 19:13:10 EDT - Backup cron job scheduled for tag 'Phillips-UAT' at 2025-10-10 20:15 EDT
2025-10-10 19:13:10 EDT - Patching cron job scheduled for tag 'Phillips-UAT' at 2025-10-11 00:15 EDT
2025-10-10 19:15:51 EDT - Backup cron job scheduled for tag 'Birkenstock-UAT' at 2025-10-10 20:40 EDT
2025-10-10 19:15:51 EDT - Patching cron job scheduled for tag 'Birkenstock-UAT' at 2025-10-11 00:40 EDT
2025-10-10 19:16:43 EDT - Backup cron job scheduled for tag 'Swarovski-UAT' at 2025-10-10 21:15 EDT
2025-10-10 19:16:43 EDT - Patching cron job scheduled for tag 'Swarovski-UAT' at 2025-10-11 01:15 EDT
2025-10-10 19:17:46 EDT - Backup cron job scheduled for tag 'Post-Sales-UAT-1' at 2025-10-10 21:40 EDT
2025-10-10 19:17:46 EDT - Patching cron job scheduled for tag 'Post-Sales-UAT-1' at 2025-10-11 01:40 EDT
2025-10-10 19:18:53 EDT - Backup cron job scheduled for tag 'PostSales-UAT-Batch' at 2025-10-10 21:40 EDT
2025-10-10 19:18:53 EDT - Patching cron job scheduled for tag 'PostSales-UAT-Batch' at 2025-10-11 01:40 EDT
2025-10-10 19:33:11 EDT - Backup cron job scheduled for tag 'PZN-UAT-1' at 2025-10-10 22:00 EDT
2025-10-10 19:33:11 EDT - Patching cron job scheduled for tag 'PZN-UAT-1' at 2025-10-11 02:00 EDT
2025-10-10 19:34:41 EDT - Backup cron job scheduled for tag 'PZN-UAT-2' at 2025-10-10 22:15 EDT
2025-10-10 19:34:41 EDT - Patching cron job scheduled for tag 'PZN-UAT-2' at 2025-10-11 02:15 EDT
2025-10-10 19:36:30 EDT - Backup cron job scheduled for tag 'UPS-PZN-3' at 2025-10-10 22:45 EDT
2025-10-10 19:36:31 EDT - Patching cron job scheduled for tag 'UPS-PZN-3' at 2025-10-11 02:45 EDT
2025-10-10 19:37:14 EDT - Backup cron job scheduled for tag 'UPS-PZN-4' at 2025-10-10 23:00 EDT
2025-10-10 19:37:15 EDT - Patching cron job scheduled for tag 'UPS-PZN-4' at 2025-10-11 03:00 EDT
2025-10-15 12:38:38 EDT - Backup cron job scheduled for tag 'upseuropeuat-app' at 2025-10-15 21:00 EDT
2025-10-15 12:38:38 EDT - Patching cron job scheduled for tag 'upseuropeuat-app' at 2025-10-16 01:00 EDT
2025-10-15 12:39:32 EDT - Backup cron job scheduled for tag 'upseuropeuat-batch' at 2025-10-15 21:00 EDT
2025-10-15 12:39:32 EDT - Patching cron job scheduled for tag 'upseuropeuat-batch' at 2025-10-16 01:00 EDT
2025-10-15 12:40:32 EDT - Backup cron job scheduled for tag 'transumg-uat' at 2025-10-15 22:30 EDT
2025-10-15 12:40:32 EDT - Patching cron job scheduled for tag 'transumg-uat' at 2025-10-16 02:30 EDT
2025-10-18 10:53:40 EDT - Backup cron job scheduled for tag 'colehaanprod-app' at 2025-10-18 20:05 EDT
2025-10-18 10:53:40 EDT - Patching cron job scheduled for tag 'colehaanprod-app' at 2025-10-19 00:05 EDT
2025-10-18 10:54:33 EDT - Backup cron job scheduled for tag 'colehaanprod-batch' at 2025-10-18 20:10 EDT
2025-10-18 10:54:33 EDT - Patching cron job scheduled for tag 'colehaanprod-batch' at 2025-10-19 00:10 EDT
2025-10-24 21:13:54 EDT - Backup cron job scheduled for tag 'Trans-App' at 2025-10-24 23:00 EDT
2025-10-24 21:13:54 EDT - Patching cron job scheduled for tag 'Trans-App' at 2025-10-25 03:00 EDT
2025-10-24 21:15:12 EDT - Backup cron job scheduled for tag 'Trans-Batch' at 2025-10-24 23:05 EDT
2025-10-24 21:15:13 EDT - Patching cron job scheduled for tag 'Trans-Batch' at 2025-10-25 03:05 EDT
2025-10-25 04:39:39 EDT - Backup cron job scheduled for tag 'UPS-EU-APP' at 2025-10-25 20:40 EDT
2025-10-25 04:39:39 EDT - Patching cron job scheduled for tag 'UPS-EU-APP' at 2025-10-26 00:40 EDT
2025-10-25 04:40:54 EDT - Backup cron job scheduled for tag 'UPS-EU-Batch' at 2025-10-25 20:45 EDT
2025-10-25 04:40:54 EDT - Patching cron job scheduled for tag 'UPS-EU-Batch' at 2025-10-26 00:45 EDT
2025-10-25 04:42:57 EDT - Backup cron job scheduled for tag 'Allen-App-1' at 2025-10-26 00:30 EDT
2025-10-25 04:42:57 EDT - Patching cron job scheduled for tag 'Allen-App-1' at 2025-10-26 04:30 EDT
2025-10-25 04:43:51 EDT - Backup cron job scheduled for tag 'Allen-App-2' at 2025-10-26 00:40 EDT
2025-10-25 04:43:52 EDT - Patching cron job scheduled for tag 'Allen-App-2' at 2025-10-26 04:40 EDT
2025-10-25 04:44:34 EDT - Backup cron job scheduled for tag 'Allen-Batch' at 2025-10-26 00:40 EDT
2025-10-25 04:44:34 EDT - Patching cron job scheduled for tag 'Allen-Batch' at 2025-10-26 04:40 EDT
2025-10-25 04:45:15 EDT - Backup cron job scheduled for tag 'Allen-Luca' at 2025-10-26 01:00 EDT
2025-10-25 04:45:15 EDT - Patching cron job scheduled for tag 'Allen-Luca' at 2025-10-26 05:00 EDT
2025-10-28 17:50:56 EDT - Backup cron job scheduled for tag 'CA-UAT' at 2025-10-28 21:00 EDT
2025-10-28 17:50:56 EDT - Patching cron job scheduled for tag 'CA-UAT' at 2025-10-29 01:00 EDT
2025-10-28 17:55:23 EDT - Backup cron job scheduled for tag 'CraneLogistics' at 2025-10-28 22:30 EDT
2025-10-28 17:55:23 EDT - Patching cron job scheduled for tag 'CraneLogistics' at 2025-10-29 02:30 EDT
2025-10-28 17:56:16 EDT - Backup cron job scheduled for tag 'CDS Logistics' at 2025-10-28 22:00 EDT
2025-10-28 17:56:16 EDT - Patching cron job scheduled for tag 'CDS Logistics' at 2025-10-29 02:00 EDT
2025-10-28 17:57:14 EDT - Backup cron job scheduled for tag 'ACT-Fulfillment' at 2025-10-28 20:05 EDT
2025-10-28 17:57:14 EDT - Patching cron job scheduled for tag 'ACT-Fulfillment' at 2025-10-29 00:05 EDT
2025-10-28 17:58:10 EDT - Backup cron job scheduled for tag 'Vanguard UAT' at 2025-10-28 21:00 EDT
2025-10-28 17:58:10 EDT - Patching cron job scheduled for tag 'Vanguard UAT' at 2025-10-29 01:00 EDT
2025-10-29 04:42:29 EDT - Backup cron job scheduled for tag 'umg-us-prod' at 2025-10-29 04:47 EDT
2025-10-29 04:42:30 EDT - Patching cron job scheduled for tag 'umg-us-prod' at 2025-10-29 04:45 EDT
2025-10-29 04:43:50 EDT - Backup cron job scheduled for tag 'umg-us-bravado-prod' at 2025-10-29 04:48 EDT
2025-10-29 04:43:50 EDT - Patching cron job scheduled for tag 'umg-us-bravado-prod' at 2025-10-29 04:50 EDT
2025-10-29 11:33:53 EDT - Backup cron job scheduled for tag 'umgspw-europe-Node1' at 2025-10-29 11:38 EDT
2025-10-29 11:33:53 EDT - Patching cron job scheduled for tag 'umgspw-europe-Node1' at 2025-10-29 13:05 EDT
2025-10-29 11:34:51 EDT - Backup cron job scheduled for tag 'umgspw-europe-Node-2' at 2025-10-29 11:39 EDT
2025-10-29 11:34:52 EDT - Patching cron job scheduled for tag 'umgspw-europe-Node-2' at 2025-10-29 13:10 EDT
2025-10-29 18:51:03 EDT - Backup cron job scheduled for tag 'ConMed-1' at 2025-10-29 22:00 EDT
2025-10-29 18:51:03 EDT - Patching cron job scheduled for tag 'ConMed-1' at 2025-10-30 02:00 EDT
2025-10-29 18:51:52 EDT - Backup cron job scheduled for tag 'Conmed-2' at 2025-10-29 22:05 EDT
2025-10-29 18:51:52 EDT - Patching cron job scheduled for tag 'Conmed-2' at 2025-10-30 02:05 EDT
2025-10-29 20:27:47 EDT - Backup cron job scheduled for tag 'Conmed-3' at 2025-10-29 22:10 EDT
2025-10-29 20:27:47 EDT - Patching cron job scheduled for tag 'Conmed-3' at 2025-10-30 02:10 EDT
2025-10-29 20:29:08 EDT - Backup cron job scheduled for tag 'Caseys JOP' at 2025-10-29 20:34 EDT
2025-10-29 20:29:08 EDT - Patching cron job scheduled for tag 'Caseys JOP' at 2025-10-30 00:02 EDT
2025-10-29 20:29:55 EDT - Backup cron job scheduled for tag 'Caseys WCS' at 2025-10-29 20:34 EDT
2025-10-29 20:29:55 EDT - Patching cron job scheduled for tag 'Caseys WCS' at 2025-10-30 00:06 EDT
2025-10-29 20:30:46 EDT - Backup cron job scheduled for tag 'Caseys THT' at 2025-10-29 20:35 EDT
2025-10-29 20:30:46 EDT - Patching cron job scheduled for tag 'Caseys THT' at 2025-10-30 00:10 EDT
2025-10-29 20:31:41 EDT - Backup cron job scheduled for tag 'Caseys ANK' at 2025-10-29 20:36 EDT
2025-10-29 20:31:41 EDT - Patching cron job scheduled for tag 'Caseys ANK' at 2025-10-30 00:15 EDT
2025-10-29 21:13:47 EDT - Backup cron job scheduled for tag 'Cycle-Logistics UAT' at 2025-10-29 22:30 EDT
2025-10-29 21:13:47 EDT - Patching cron job scheduled for tag 'Cycle-Logistics UAT' at 2025-10-30 02:30 EDT
2025-10-29 21:14:40 EDT - Backup cron job scheduled for tag 'CEVA-UTI-Lenovo UAT' at 2025-10-29 21:19 EDT
2025-10-29 21:14:40 EDT - Patching cron job scheduled for tag 'CEVA-UTI-Lenovo UAT' at 2025-10-30 01:05 EDT
2025-10-29 21:15:43 EDT - Backup cron job scheduled for tag 'Curology UAT' at 2025-10-29 22:45 EDT
2025-10-29 21:15:43 EDT - Patching cron job scheduled for tag 'Curology UAT' at 2025-10-30 02:45 EDT
2025-10-30 19:09:04 EDT - Backup cron job scheduled for tag 'Denso-uat-batch' at 2025-10-30 22:05 EDT
2025-10-30 19:09:04 EDT - Patching cron job scheduled for tag 'Denso-uat-batch' at 2025-10-31 02:05 EDT
2025-10-30 19:09:22 EDT - Backup cron job scheduled for tag 'DIBUAT-Application' at 2025-10-30 20:10 EDT
2025-10-30 19:09:22 EDT - Patching cron job scheduled for tag 'DIBUAT-Application' at 2025-10-31 00:10 EDT
2025-10-30 19:10:29 EDT - Backup cron job scheduled for tag 'Denso-App-Uat' at 2025-10-30 22:10 EDT
2025-10-30 19:10:29 EDT - Patching cron job scheduled for tag 'Denso-App-Uat' at 2025-10-31 02:10 EDT
2025-10-30 19:10:32 EDT - Backup cron job scheduled for tag 'DIBUAT-Batch' at 2025-10-30 20:15 EDT
2025-10-30 19:10:32 EDT - Patching cron job scheduled for tag 'DIBUAT-Batch' at 2025-10-31 00:15 EDT
2025-10-31 15:40:42 EDT - Backup cron job scheduled for tag 'UMG-OMS-EU-APP-1' at 2025-10-31 20:05 EDT
2025-10-31 15:40:42 EDT - Patching cron job scheduled for tag 'UMG-OMS-EU-APP-1' at 2025-11-01 00:05 EDT
2025-10-31 15:41:47 EDT - Backup cron job scheduled for tag 'UMG-OMS-EU-Batch' at 2025-10-31 20:10 EDT
2025-10-31 15:41:47 EDT - Patching cron job scheduled for tag 'UMG-OMS-EU-Batch' at 2025-11-01 00:10 EDT
2025-10-31 15:43:02 EDT - Backup cron job scheduled for tag 'UMG-OMS-EU-App-3-4' at 2025-10-31 20:15 EDT
2025-10-31 15:43:02 EDT - Patching cron job scheduled for tag 'UMG-OMS-EU-App-3-4' at 2025-11-01 00:15 EDT
2025-10-31 15:44:13 EDT - Backup cron job scheduled for tag 'UMG-OMS-US-APP-1-2' at 2025-10-31 20:25 EDT
2025-10-31 15:44:13 EDT - Patching cron job scheduled for tag 'UMG-OMS-US-APP-1-2' at 2025-11-01 00:25 EDT
2025-10-31 15:45:10 EDT - Backup cron job scheduled for tag 'UMG-OMS-US-Batch' at 2025-10-31 20:30 EDT
2025-10-31 15:45:10 EDT - Patching cron job scheduled for tag 'UMG-OMS-US-Batch' at 2025-11-01 00:30 EDT
2025-10-31 15:46:15 EDT - Backup cron job scheduled for tag 'UMG-OMS-US-App-3-4' at 2025-10-31 20:35 EDT
2025-10-31 15:46:15 EDT - Patching cron job scheduled for tag 'UMG-OMS-US-App-3-4' at 2025-11-01 00:35 EDT
2025-11-01 13:45:03 EDT - Backup cron job scheduled for tag 'UPS-Pilot-App' at 2025-11-01 19:00 EDT
2025-11-01 13:45:03 EDT - Patching cron job scheduled for tag 'UPS-Pilot-App' at 2025-11-01 23:00 EDT
2025-11-01 13:45:45 EDT - Backup cron job scheduled for tag 'UPS-Pilot-Batch' at 2025-11-01 19:10 EDT
2025-11-01 13:45:45 EDT - Patching cron job scheduled for tag 'UPS-Pilot-Batch' at 2025-11-01 23:10 EDT
2025-11-01 13:46:53 EDT - Backup cron job scheduled for tag 'UPS-Philips-App' at 2025-11-01 19:30 EDT
2025-11-01 13:46:53 EDT - Patching cron job scheduled for tag 'UPS-Philips-App' at 2025-11-01 23:30 EDT
2025-11-01 13:47:47 EDT - Backup cron job scheduled for tag 'UPS-Philips-Batch' at 2025-11-01 19:40 EDT
2025-11-01 13:47:47 EDT - Patching cron job scheduled for tag 'UPS-Philips-Batch' at 2025-11-01 23:40 EDT
2025-11-01 13:48:51 EDT - Backup cron job scheduled for tag 'UPS-Seagate-App' at 2025-11-01 20:05 EDT
2025-11-01 13:48:51 EDT - Patching cron job scheduled for tag 'UPS-Seagate-App' at 2025-11-02 00:05 EDT
2025-11-01 13:49:44 EDT - Backup cron job scheduled for tag 'UPS-Seagate-Batch' at 2025-11-01 20:10 EDT
2025-11-01 13:49:44 EDT - Patching cron job scheduled for tag 'UPS-Seagate-Batch' at 2025-11-02 00:10 EDT
2025-11-01 13:53:14 EDT - Backup cron job scheduled for tag 'UPS-Swarovski-App' at 2025-11-01 21:00 EST
2025-11-01 13:53:14 EDT - Patching cron job scheduled for tag 'UPS-Swarovski-App' at 2025-11-02 01:00 EST
2025-11-01 13:54:02 EDT - Backup cron job scheduled for tag 'UPS-Swarovski-Batch' at 2025-11-01 21:10 EST
2025-11-01 13:54:02 EDT - Patching cron job scheduled for tag 'UPS-Swarovski-Batch' at 2025-11-02 01:10 EST
2025-11-02 09:35:22 EST - Backup cron job scheduled for tag 'DuroDyne-UAT' at 2025-11-02 20:10 EST
2025-11-02 09:35:22 EST - Patching cron job scheduled for tag 'DuroDyne-UAT' at 2025-11-03 00:10 EST
2025-11-02 09:37:34 EST - Backup cron job scheduled for tag 'g3-uat' at 2025-11-02 20:30 EST
2025-11-02 09:37:34 EST - Patching cron job scheduled for tag 'g3-uat' at 2025-11-03 00:30 EST
2025-11-02 09:40:37 EST - Backup cron job scheduled for tag 'HCP-UAT' at 2025-11-02 21:30 EST
2025-11-02 09:40:37 EST - Patching cron job scheduled for tag 'HCP-UAT' at 2025-11-03 01:30 EST
2025-11-02 09:41:58 EST - Backup cron job scheduled for tag 'Hayes-UAT' at 2025-11-02 22:00 EST
2025-11-02 09:41:58 EST - Patching cron job scheduled for tag 'Hayes-UAT' at 2025-11-03 02:00 EST
2025-11-02 09:48:13 EST - Backup cron job scheduled for tag 'FL-UAT' at 2025-11-02 22:00 EST
2025-11-02 09:48:13 EST - Patching cron job scheduled for tag 'FL-UAT' at 2025-11-03 02:00 EST
2025-11-03 12:58:09 EST - Backup cron job scheduled for tag 'jas-uat' at 2025-11-03 20:05 EST
2025-11-03 12:58:09 EST - Patching cron job scheduled for tag 'jas-uat' at 2025-11-04 00:05 EST
2025-11-03 12:59:31 EST - Backup cron job scheduled for tag 'hensley-uat' at 2025-11-03 21:00 EST
2025-11-03 12:59:32 EST - Patching cron job scheduled for tag 'hensley-uat' at 2025-11-04 01:00 EST
2025-11-03 13:00:17 EST - Backup cron job scheduled for tag 'Hilco-uat' at 2025-11-03 21:05 EST
2025-11-03 13:00:17 EST - Patching cron job scheduled for tag 'Hilco-uat' at 2025-11-04 01:05 EST
2025-11-03 13:00:58 EST - Backup cron job scheduled for tag 'its-uat' at 2025-11-03 21:10 EST
2025-11-03 13:00:58 EST - Patching cron job scheduled for tag 'its-uat' at 2025-11-04 01:10 EST
2025-11-03 13:02:00 EST - Backup cron job scheduled for tag 'honest-uat' at 2025-11-03 21:30 EST
2025-11-03 13:02:00 EST - Patching cron job scheduled for tag 'honest-uat' at 2025-11-04 01:30 EST
2025-11-03 13:04:56 EST - Backup cron job scheduled for tag 'saddlecreek-nexcom-prod-app' at 2025-11-03 22:05 EST
2025-11-03 13:04:56 EST - Patching cron job scheduled for tag 'saddlecreek-nexcom-prod-app' at 2025-11-04 02:05 EST
2025-11-03 13:05:42 EST - Backup cron job scheduled for tag 'saddlecreek-nexcom-prod-batch' at 2025-11-03 22:10 EST
2025-11-03 13:05:42 EST - Patching cron job scheduled for tag 'saddlecreek-nexcom-prod-batch' at 2025-11-04 02:10 EST
2025-11-04 12:28:18 EST - Backup cron job scheduled for tag 'Midea-UAT' at 2025-11-04 20:30 EST
2025-11-04 12:28:18 EST - Patching cron job scheduled for tag 'Midea-UAT' at 2025-11-05 00:30 EST
2025-11-04 12:29:48 EST - Backup cron job scheduled for tag 'PSS-UAT' at 2025-11-04 21:00 EST
2025-11-04 12:29:48 EST - Patching cron job scheduled for tag 'PSS-UAT' at 2025-11-05 01:00 EST
2025-11-04 12:30:53 EST - Backup cron job scheduled for tag 'LNF-UAT' at 2025-11-04 21:30 EST
2025-11-04 12:30:54 EST - Patching cron job scheduled for tag 'LNF-UAT' at 2025-11-05 01:30 EST
2025-11-04 12:31:47 EST - Backup cron job scheduled for tag 'KSP-UAT' at 2025-11-04 22:00 EST
2025-11-04 12:31:47 EST - Patching cron job scheduled for tag 'KSP-UAT' at 2025-11-05 02:00 EST
2025-11-04 12:32:52 EST - Backup cron job scheduled for tag 'ScootersCoffee-uat' at 2025-11-04 22:00 EST
2025-11-04 12:32:52 EST - Patching cron job scheduled for tag 'ScootersCoffee-uat' at 2025-11-05 02:00 EST
2025-11-04 12:33:42 EST - Backup cron job scheduled for tag 'SOS-UAT' at 2025-11-04 22:30 EST
2025-11-04 12:33:42 EST - Patching cron job scheduled for tag 'SOS-UAT' at 2025-11-05 02:30 EST
2025-11-04 14:19:12 EST - Backup cron job scheduled for tag 'SaddleCreek-East-WestApp1-2' at 2025-11-04 22:30 EST
2025-11-04 14:19:12 EST - Patching cron job scheduled for tag 'SaddleCreek-East-WestApp1-2' at 2025-11-05 02:30 EST
2025-11-04 14:21:13 EST - Backup cron job scheduled for tag 'SaddleCreek-East-WestApp3-4' at 2025-11-04 22:40 EST
2025-11-04 14:21:13 EST - Patching cron job scheduled for tag 'SaddleCreek-East-WestApp3-4' at 2025-11-05 02:40 EST
2025-11-04 14:22:46 EST - Backup cron job scheduled for tag 'SaddleCreek-East-West-Batch' at 2025-11-04 22:50 EST
2025-11-04 14:22:46 EST - Patching cron job scheduled for tag 'SaddleCreek-East-West-Batch' at 2025-11-05 02:50 EST
2025-11-05 12:46:28 EST - Backup cron job scheduled for tag 'TIG-UAT' at 2025-11-05 20:10 EST
2025-11-05 12:46:28 EST - Patching cron job scheduled for tag 'TIG-UAT' at 2025-11-06 00:10 EST
2025-11-05 12:48:31 EST - Backup cron job scheduled for tag 'SaddleCreek-Infor' at 2025-11-05 22:05 EST
2025-11-05 12:48:31 EST - Patching cron job scheduled for tag 'SaddleCreek-Infor' at 2025-11-06 02:05 EST
2025-11-05 12:49:18 EST - Backup cron job scheduled for tag 'WhiteCap-uat' at 2025-11-05 20:30 EST
2025-11-05 12:49:18 EST - Patching cron job scheduled for tag 'WhiteCap-uat' at 2025-11-06 00:30 EST
2025-11-05 12:49:54 EST - Backup cron job scheduled for tag 'SaddleCreek-Billing' at 2025-11-05 22:15 EST
2025-11-05 12:49:54 EST - Patching cron job scheduled for tag 'SaddleCreek-Billing' at 2025-11-06 02:15 EST
2025-11-05 12:50:36 EST - Backup cron job scheduled for tag 'Touchstone-uat' at 2025-11-05 21:00 EST
2025-11-05 12:50:36 EST - Patching cron job scheduled for tag 'Touchstone-uat' at 2025-11-06 01:00 EST
2025-11-05 12:52:00 EST - Backup cron job scheduled for tag 'Suncast-uat' at 2025-11-05 21:30 EST
2025-11-05 12:52:00 EST - Patching cron job scheduled for tag 'Suncast-uat' at 2025-11-06 01:30 EST
2025-11-05 12:53:05 EST - Backup cron job scheduled for tag 'USP-uat' at 2025-11-05 22:00 EST
2025-11-05 12:53:05 EST - Patching cron job scheduled for tag 'USP-uat' at 2025-11-06 02:00 EST
2025-11-06 12:48:28 EST - Backup cron job scheduled for tag 'SaddleCreek-RRS-App' at 2025-11-06 22:00 EST
2025-11-06 12:48:28 EST - Patching cron job scheduled for tag 'SaddleCreek-RRS-App' at 2025-11-07 02:00 EST
2025-11-06 12:49:41 EST - Backup cron job scheduled for tag 'SaddleCreek-RRS-Batch' at 2025-11-06 22:15 EST
2025-11-06 12:49:42 EST - Patching cron job scheduled for tag 'SaddleCreek-RRS-Batch' at 2025-11-07 02:15 EST
2025-11-06 12:50:06 EST - Backup cron job scheduled for tag 'RXO-UAT' at 2025-11-06 20:10 EST
2025-11-06 12:50:06 EST - Patching cron job scheduled for tag 'RXO-UAT' at 2025-11-07 00:10 EST
2025-11-06 12:51:03 EST - Backup cron job scheduled for tag 'RXO-UAT' at 2025-11-06 20:30 EST
2025-11-06 12:51:03 EST - Patching cron job scheduled for tag 'RXO-UAT' at 2025-11-07 00:30 EST
2025-11-06 12:52:02 EST - Backup cron job scheduled for tag 'StandardFiber-uat' at 2025-11-06 21:00 EST
2025-11-06 12:52:02 EST - Patching cron job scheduled for tag 'StandardFiber-uat' at 2025-11-07 01:00 EST
2025-11-06 12:53:13 EST - Backup cron job scheduled for tag 'Sears-uat' at 2025-11-06 21:30 EST
2025-11-06 12:53:13 EST - Patching cron job scheduled for tag 'Sears-uat' at 2025-11-07 01:30 EST
2025-11-06 12:54:15 EST - Backup cron job scheduled for tag 'Tekton-uat' at 2025-11-06 22:00 EST
2025-11-06 12:54:15 EST - Patching cron job scheduled for tag 'Tekton-uat' at 2025-11-07 02:00 EST
2025-11-06 12:55:32 EST - Backup cron job scheduled for tag 'OIA-uat' at 2025-11-06 22:30 EST
2025-11-06 12:55:32 EST - Patching cron job scheduled for tag 'OIA-uat' at 2025-11-07 02:30 EST
2025-11-06 12:56:26 EST - Backup cron job scheduled for tag 'SourceLogistics-uat' at 2025-11-06 23:00 EST
2025-11-06 12:56:26 EST - Patching cron job scheduled for tag 'SourceLogistics-uat' at 2025-11-07 03:00 EST
2025-11-07 09:36:38 EST - Backup cron job scheduled for tag 'SaddleCreek-Central-App' at 2025-11-07 22:05 EST
2025-11-07 09:36:38 EST - Patching cron job scheduled for tag 'SaddleCreek-Central-App' at 2025-11-08 02:05 EST
2025-11-07 09:37:35 EST - Backup cron job scheduled for tag 'SaddleCreek-Central-Batch' at 2025-11-07 22:10 EST
2025-11-07 09:37:35 EST - Patching cron job scheduled for tag 'SaddleCreek-Central-Batch' at 2025-11-08 02:10 EST
2025-11-07 09:38:50 EST - Backup cron job scheduled for tag 'SaddleCreek-Central-Slice' at 2025-11-07 22:20 EST
2025-11-07 09:38:50 EST - Patching cron job scheduled for tag 'SaddleCreek-Central-Slice' at 2025-11-08 02:20 EST
2025-11-07 09:41:40 EST - Backup cron job scheduled for tag 'SaddleCreek-SCLS-App' at 2025-11-08 01:00 EST
2025-11-07 09:41:40 EST - Patching cron job scheduled for tag 'SaddleCreek-SCLS-App' at 2025-11-08 05:00 EST
2025-11-07 09:42:38 EST - Backup cron job scheduled for tag 'SaddleCreek-SCLS-Batch' at 2025-11-08 01:15 EST
2025-11-07 09:42:38 EST - Patching cron job scheduled for tag 'SaddleCreek-SCLS-Batch' at 2025-11-08 05:15 EST
2025-11-07 09:44:14 EST - Backup cron job scheduled for tag 'UPS-APACPZN-App' at 2025-11-07 21:05 EST
2025-11-07 09:44:14 EST - Patching cron job scheduled for tag 'UPS-APACPZN-App' at 2025-11-08 01:05 EST
2025-11-07 09:45:13 EST - Backup cron job scheduled for tag 'UPS-APACPZN-Batch' at 2025-11-07 21:20 EST
2025-11-07 09:45:13 EST - Patching cron job scheduled for tag 'UPS-APACPZN-Batch' at 2025-11-08 01:20 EST
2025-11-07 09:46:33 EST - Backup cron job scheduled for tag 'UPS-Birkenstock-WES' at 2025-11-07 21:30 EST
2025-11-07 09:46:33 EST - Patching cron job scheduled for tag 'UPS-Birkenstock-WES' at 2025-11-08 01:30 EST
2025-11-07 09:47:45 EST - Backup cron job scheduled for tag 'UPS-Birkenstock-App' at 2025-11-07 21:40 EST
2025-11-07 09:47:45 EST - Patching cron job scheduled for tag 'UPS-Birkenstock-App' at 2025-11-08 01:40 EST
2025-11-07 09:48:39 EST - Backup cron job scheduled for tag 'UPS-Birkenstock-Batch' at 2025-11-07 21:50 EST
2025-11-07 09:48:39 EST - Patching cron job scheduled for tag 'UPS-Birkenstock-Batch' at 2025-11-08 01:50 EST
2025-11-08 08:58:23 EST - Backup cron job scheduled for tag 'UPS-Productionization-API' at 2025-11-08 20:05 EST
2025-11-08 08:58:24 EST - Patching cron job scheduled for tag 'UPS-Productionization-API' at 2025-11-09 00:05 EST
2025-11-08 09:00:36 EST - Backup cron job scheduled for tag 'UPS-Productionization-App' at 2025-11-08 20:15 EST
2025-11-08 09:00:36 EST - Patching cron job scheduled for tag 'UPS-Productionization-App' at 2025-11-09 00:15 EST
2025-11-08 09:03:04 EST - Backup cron job scheduled for tag 'UPS-Productionization-Batch' at 2025-11-08 20:25 EST
2025-11-08 09:03:05 EST - Patching cron job scheduled for tag 'UPS-Productionization-Batch' at 2025-11-09 00:25 EST
2025-11-08 09:04:12 EST - Backup cron job scheduled for tag 'UPS-Productionization-DOM-App' at 2025-11-08 20:30 EST
2025-11-08 09:04:12 EST - Patching cron job scheduled for tag 'UPS-Productionization-DOM-App' at 2025-11-09 00:30 EST
2025-11-08 09:05:12 EST - Backup cron job scheduled for tag 'UPS-Productionization-DOMS-Batch' at 2025-11-08 20:35 EST
2025-11-08 09:05:12 EST - Patching cron job scheduled for tag 'UPS-Productionization-DOMS-Batch' at 2025-11-09 00:35 EST
2025-11-08 09:06:23 EST - Backup cron job scheduled for tag 'UPS Productionization-Post-Sales-App' at 2025-11-08 20:40 EST
2025-11-08 09:06:24 EST - Patching cron job scheduled for tag 'UPS Productionization-Post-Sales-App' at 2025-11-09 00:40 EST
2025-11-08 09:07:25 EST - Backup cron job scheduled for tag 'UPS Productionization-Post-Sales-Batch' at 2025-11-08 20:50 EST
2025-11-08 09:07:25 EST - Patching cron job scheduled for tag 'UPS Productionization-Post-Sales-Batch' at 2025-11-09 00:50 EST
2025-11-08 09:10:46 EST - Backup cron job scheduled for tag 'NFI-APP-1' at 2025-11-09 00:30 EST
2025-11-08 09:10:46 EST - Patching cron job scheduled for tag 'NFI-APP-1' at 2025-11-09 04:30 EST
2025-11-08 09:11:34 EST - Backup cron job scheduled for tag 'NFI-APP-2' at 2025-11-09 00:35 EST
2025-11-08 09:11:34 EST - Patching cron job scheduled for tag 'NFI-APP-2' at 2025-11-09 04:35 EST
2025-11-08 09:12:28 EST - Backup cron job scheduled for tag 'NFI-Batch' at 2025-11-09 00:50 EST
2025-11-08 09:12:28 EST - Patching cron job scheduled for tag 'NFI-Batch' at 2025-11-09 04:50 EST
2025-11-08 09:15:46 EST - Backup cron job scheduled for tag 'StandardFiber-APP' at 2025-11-09 01:30 EST
2025-11-08 09:15:46 EST - Patching cron job scheduled for tag 'StandardFiber-APP' at 2025-11-09 05:30 EST
2025-11-08 09:16:51 EST - Backup cron job scheduled for tag 'StandardFiber-Batch' at 2025-11-09 01:45 EST
2025-11-08 09:16:51 EST - Patching cron job scheduled for tag 'StandardFiber-Batch' at 2025-11-09 05:45 EST
2025-11-09 01:34:55 EST - Backup cron job scheduled for tag 'UPS Productionization-Post-Sales' at 2025-11-09 01:39 EST
2025-11-09 01:34:55 EST - Patching cron job scheduled for tag 'UPS Productionization-Post-Sales' at 2025-11-09 01:35 EST
2025-11-11 12:21:01 EST - Backup cron job scheduled for tag 'Sony-Australia-App' at 2025-11-11 22:00 EST
2025-11-11 12:21:01 EST - Patching cron job scheduled for tag 'Sony-Australia-App' at 2025-11-12 02:00 EST
2025-11-11 12:32:03 EST - Backup cron job scheduled for tag 'Sony-Australia-Batch' at 2025-11-11 22:10 EST
2025-11-11 12:32:04 EST - Patching cron job scheduled for tag 'Sony-Australia-Batch' at 2025-11-12 02:10 EST
2025-11-12 11:56:20 EST - Backup cron job scheduled for tag 'Vantiva-WMS-APP' at 2025-11-13 01:00 EST
2025-11-12 11:56:20 EST - Patching cron job scheduled for tag 'Vantiva-WMS-APP' at 2025-11-13 05:00 EST
2025-11-12 11:57:18 EST - Backup cron job scheduled for tag 'Vantiva-WMS-Batch' at 2025-11-13 01:05 EST
2025-11-12 11:57:18 EST - Patching cron job scheduled for tag 'Vantiva-WMS-Batch' at 2025-11-13 05:05 EST
2025-11-12 11:58:39 EST - Backup cron job scheduled for tag 'Vantiva-DOMs-App' at 2025-11-13 01:10 EST
2025-11-12 11:58:39 EST - Patching cron job scheduled for tag 'Vantiva-DOMs-App' at 2025-11-13 05:10 EST
2025-11-12 11:59:51 EST - Backup cron job scheduled for tag 'Vantiva-DOMs-Batch' at 2025-11-13 01:15 EST
2025-11-12 11:59:51 EST - Patching cron job scheduled for tag 'Vantiva-DOMs-Batch' at 2025-11-13 05:15 EST
2025-11-12 12:11:08 EST - Backup cron job scheduled for tag 'Technicolor-APP' at 2025-11-13 01:15 EST
2025-11-12 12:11:08 EST - Patching cron job scheduled for tag 'Technicolor-APP' at 2025-11-13 05:15 EST
2025-11-12 12:12:14 EST - Backup cron job scheduled for tag 'Technicolor-Batch' at 2025-11-13 01:20 EST
2025-11-12 12:12:14 EST - Patching cron job scheduled for tag 'Technicolor-Batch' at 2025-11-13 05:20 EST
2025-11-15 03:49:10 EST - Backup cron job scheduled for tag 'BFA-Production-App' at 2025-11-16 00:00 EST
2025-11-15 03:49:10 EST - Patching cron job scheduled for tag 'BFA-Production-App' at 2025-11-16 04:00 EST
2025-11-15 03:49:55 EST - Backup cron job scheduled for tag 'BFA-Production-Batch' at 2025-11-16 00:05 EST
2025-11-15 03:49:55 EST - Patching cron job scheduled for tag 'BFA-Production-Batch' at 2025-11-16 04:05 EST
2025-11-15 03:50:59 EST - Backup cron job scheduled for tag 'Brooks-Production-App' at 2025-11-16 01:30 EST
2025-11-15 03:50:59 EST - Patching cron job scheduled for tag 'Brooks-Production-App' at 2025-11-16 05:30 EST
2025-11-15 03:51:43 EST - Backup cron job scheduled for tag 'Brooks-Production-Batch' at 2025-11-16 01:35 EST
2025-11-15 03:51:43 EST - Patching cron job scheduled for tag 'Brooks-Production-Batch' at 2025-11-16 05:35 EST
2025-11-21 20:50:03 EST - Backup cron job scheduled for tag 'Kinaxis-Elastic' at 2025-11-23 20:05 EST
2025-11-21 20:50:03 EST - Patching cron job scheduled for tag 'Kinaxis-Elastic' at 2025-11-24 00:05 EST
2025-11-21 20:50:58 EST - Backup cron job scheduled for tag 'Kinaxis-Elastic-2' at 2025-11-23 20:15 EST
2025-11-21 20:50:58 EST - Patching cron job scheduled for tag 'Kinaxis-Elastic-2' at 2025-11-24 00:15 EST
2025-11-21 20:56:08 EST - Backup cron job scheduled for tag 'ACT-Fulfillment-App' at 2025-11-22 01:30 EST
2025-11-21 20:56:08 EST - Patching cron job scheduled for tag 'ACT-Fulfillment-App' at 2025-11-22 05:30 EST
2025-11-21 20:57:04 EST - Backup cron job scheduled for tag 'ACT-Fulfillment-Batch' at 2025-11-22 01:40 EST
2025-11-21 20:57:04 EST - Patching cron job scheduled for tag 'ACT-Fulfillment-Batch' at 2025-11-22 05:40 EST
2025-11-21 20:58:17 EST - Backup cron job scheduled for tag 'CraneLogistics-App' at 2025-11-22 02:30 EST
2025-11-21 20:58:17 EST - Patching cron job scheduled for tag 'CraneLogistics-App' at 2025-11-22 06:30 EST
2025-11-21 20:59:02 EST - Backup cron job scheduled for tag 'CraneLogistics-Batch' at 2025-11-22 02:45 EST
2025-11-21 20:59:02 EST - Patching cron job scheduled for tag 'CraneLogistics-Batch' at 2025-11-22 06:45 EST
2025-11-21 21:01:09 EST - Backup cron job scheduled for tag 'ITS-Logistics-App' at 2025-11-22 20:05 EST
2025-11-21 21:01:09 EST - Patching cron job scheduled for tag 'ITS-Logistics-App' at 2025-11-23 00:05 EST
2025-11-21 21:02:00 EST - Backup cron job scheduled for tag 'ITS-Logistics-Batch' at 2025-11-22 20:10 EST
2025-11-21 21:02:00 EST - Patching cron job scheduled for tag 'ITS-Logistics-Batch' at 2025-11-23 00:10 EST
2025-11-21 21:03:24 EST - Backup cron job scheduled for tag 'Tekton-Production-App' at 2025-11-23 02:30 EST
2025-11-21 21:03:24 EST - Patching cron job scheduled for tag 'Tekton-Production-App' at 2025-11-23 06:30 EST
2025-11-21 21:04:02 EST - Backup cron job scheduled for tag 'Tekton-Production-Batch' at 2025-11-23 02:40 EST
2025-11-21 21:04:02 EST - Patching cron job scheduled for tag 'Tekton-Production-Batch' at 2025-11-23 06:40 EST
2025-12-05 17:39:14 EST - Backup cron job scheduled for tag 'DIB-MDN-APP' at 2025-12-05 20:05 EST
2025-12-05 17:39:14 EST - Patching cron job scheduled for tag 'DIB-MDN-APP' at 2025-12-06 00:05 EST
2025-12-05 17:40:02 EST - Backup cron job scheduled for tag 'DIB-MDN-Batch' at 2025-12-05 20:15 EST
2025-12-05 17:40:02 EST - Patching cron job scheduled for tag 'DIB-MDN-Batch' at 2025-12-06 00:15 EST
2025-12-05 17:41:24 EST - Backup cron job scheduled for tag 'DIB-WBN-APP' at 2025-12-05 21:05 EST
2025-12-05 17:41:24 EST - Patching cron job scheduled for tag 'DIB-WBN-APP' at 2025-12-06 01:05 EST
2025-12-05 17:42:11 EST - Backup cron job scheduled for tag 'DIB-WBN-Batch' at 2025-12-05 21:15 EST
2025-12-05 17:42:11 EST - Patching cron job scheduled for tag 'DIB-WBN-Batch' at 2025-12-06 01:15 EST
2025-12-05 17:43:41 EST - Backup cron job scheduled for tag 'DIB-WCO-APP' at 2025-12-05 22:05 EST
2025-12-05 17:43:41 EST - Patching cron job scheduled for tag 'DIB-WCO-APP' at 2025-12-06 02:05 EST
2025-12-05 17:44:35 EST - Backup cron job scheduled for tag 'DIB-WCO-Batch' at 2025-12-05 22:15 EST
2025-12-05 17:44:36 EST - Patching cron job scheduled for tag 'DIB-WCO-Batch' at 2025-12-06 02:15 EST
2025-12-05 17:49:55 EST - Backup cron job scheduled for tag 'DIB-LEX-App' at 2025-12-05 23:05 EST
2025-12-05 17:49:55 EST - Patching cron job scheduled for tag 'DIB-LEX-App' at 2025-12-06 03:05 EST
2025-12-05 17:50:44 EST - Backup cron job scheduled for tag 'DIB-LEX-Batch' at 2025-12-05 23:15 EST
2025-12-05 17:50:44 EST - Patching cron job scheduled for tag 'DIB-LEX-Batch' at 2025-12-06 03:15 EST
2025-12-05 17:52:26 EST - Backup cron job scheduled for tag 'Cyclelogistics-App' at 2025-12-06 02:05 EST
2025-12-05 17:52:26 EST - Patching cron job scheduled for tag 'Cyclelogistics-App' at 2025-12-06 06:05 EST
2025-12-05 17:53:16 EST - Backup cron job scheduled for tag 'Cyclelogistics-Batch' at 2025-12-06 02:15 EST
2025-12-05 17:53:16 EST - Patching cron job scheduled for tag 'Cyclelogistics-Batch' at 2025-12-06 06:15 EST
2025-12-05 17:54:35 EST - Backup cron job scheduled for tag 'Gabes-App' at 2025-12-06 03:05 EST
2025-12-05 17:54:35 EST - Patching cron job scheduled for tag 'Gabes-App' at 2025-12-06 07:05 EST
2025-12-05 17:55:40 EST - Backup cron job scheduled for tag 'Gabes-Batch' at 2025-12-06 03:15 EST
2025-12-05 17:55:41 EST - Patching cron job scheduled for tag 'Gabes-Batch' at 2025-12-06 07:15 EST
2025-12-05 17:57:04 EST - Backup cron job scheduled for tag 'Durodyne-App' at 2025-12-06 04:05 EST
2025-12-05 17:57:05 EST - Patching cron job scheduled for tag 'Durodyne-App' at 2025-12-06 08:05 EST
2025-12-05 17:57:59 EST - Backup cron job scheduled for tag 'Durodyne-Batch' at 2025-12-06 04:15 EST
2025-12-05 17:58:00 EST - Patching cron job scheduled for tag 'Durodyne-Batch' at 2025-12-06 08:15 EST
2025-12-06 15:31:38 EST - Backup cron job scheduled for tag 'Denso-DMTN-APP' at 2025-12-06 20:05 EST
2025-12-06 15:31:39 EST - Patching cron job scheduled for tag 'Denso-DMTN-APP' at 2025-12-07 00:05 EST
2025-12-06 15:32:46 EST - Backup cron job scheduled for tag 'Denso-DMTN-Batch' at 2025-12-06 20:15 EST
2025-12-06 15:32:46 EST - Patching cron job scheduled for tag 'Denso-DMTN-Batch' at 2025-12-07 00:15 EST
2025-12-06 15:34:10 EST - Backup cron job scheduled for tag 'Denso-DMMI-App' at 2025-12-06 21:05 EST
2025-12-06 15:34:10 EST - Patching cron job scheduled for tag 'Denso-DMMI-App' at 2025-12-07 01:05 EST
2025-12-06 15:35:22 EST - Backup cron job scheduled for tag 'Denso-DMMI-Batch' at 2025-12-06 21:15 EST
2025-12-06 15:35:22 EST - Patching cron job scheduled for tag 'Denso-DMMI-Batch' at 2025-12-07 01:15 EST
2025-12-06 15:36:56 EST - Backup cron job scheduled for tag 'Denso-NA-App' at 2025-12-06 22:05 EST
2025-12-06 15:36:57 EST - Patching cron job scheduled for tag 'Denso-NA-App' at 2025-12-07 02:05 EST
2025-12-06 15:38:33 EST - Backup cron job scheduled for tag 'Denso-NA-Batch' at 2025-12-06 22:15 EST
2025-12-06 15:38:33 EST - Patching cron job scheduled for tag 'Denso-NA-Batch' at 2025-12-07 02:15 EST
2025-12-06 15:46:03 EST - Backup cron job scheduled for tag 'Hensley-App-1' at 2025-12-07 01:00 EST
2025-12-06 15:46:03 EST - Patching cron job scheduled for tag 'Hensley-App-1' at 2025-12-07 05:00 EST
2025-12-06 15:47:28 EST - Backup cron job scheduled for tag 'Hensley-App-2' at 2025-12-07 01:05 EST
2025-12-06 15:47:29 EST - Patching cron job scheduled for tag 'Hensley-App-2' at 2025-12-07 05:05 EST
2025-12-06 15:48:52 EST - Backup cron job scheduled for tag 'Hensley-Batch' at 2025-12-07 01:15 EST
2025-12-06 15:48:52 EST - Patching cron job scheduled for tag 'Hensley-Batch' at 2025-12-07 05:15 EST
2025-12-06 15:50:42 EST - Backup cron job scheduled for tag 'Hilco-App' at 2025-12-07 03:00 EST
2025-12-06 15:50:42 EST - Patching cron job scheduled for tag 'Hilco-App' at 2025-12-07 07:00 EST
2025-12-06 15:51:25 EST - Backup cron job scheduled for tag 'Hilco-Batch' at 2025-12-07 03:05 EST
2025-12-06 15:51:25 EST - Patching cron job scheduled for tag 'Hilco-Batch' at 2025-12-07 07:05 EST
2025-12-06 15:52:25 EST - Backup cron job scheduled for tag 'Honest-Prod' at 2025-12-07 04:00 EST
2025-12-06 15:52:25 EST - Patching cron job scheduled for tag 'Honest-Prod' at 2025-12-07 08:00 EST
2025-12-12 09:31:40 EST - Backup cron job scheduled for tag 'JAS-Production-AMER-APP' at 2025-12-12 21:05 EST
2025-12-12 09:31:40 EST - Patching cron job scheduled for tag 'JAS-Production-AMER-APP' at 2025-12-13 01:05 EST
2025-12-12 09:32:47 EST - Backup cron job scheduled for tag 'JAS-Production-AMER-Batch' at 2025-12-12 21:15 EST
2025-12-12 09:32:47 EST - Patching cron job scheduled for tag 'JAS-Production-AMER-Batch' at 2025-12-13 01:15 EST
2025-12-12 09:37:20 EST - Backup cron job scheduled for tag 'JAS-EMEA-App' at 2025-12-12 21:05 EST
2025-12-12 09:37:21 EST - Patching cron job scheduled for tag 'JAS-EMEA-App' at 2025-12-13 01:05 EST
2025-12-12 09:39:04 EST - Backup cron job scheduled for tag 'JAS-EMEA-Batch' at 2025-12-12 21:15 EST
2025-12-12 09:39:04 EST - Patching cron job scheduled for tag 'JAS-EMEA-Batch' at 2025-12-13 01:15 EST
2025-12-12 09:40:08 EST - Backup cron job scheduled for tag 'JAS-Production-AMER-App' at 2025-12-12 20:05 EST
2025-12-12 09:40:08 EST - Patching cron job scheduled for tag 'JAS-Production-AMER-App' at 2025-12-13 00:05 EST
2025-12-12 09:41:10 EST - Backup cron job scheduled for tag 'JAS-Production-AMER-Batch' at 2025-12-12 20:15 EST
2025-12-12 09:41:10 EST - Patching cron job scheduled for tag 'JAS-Production-AMER-Batch' at 2025-12-13 00:15 EST
2025-12-12 09:42:39 EST - Backup cron job scheduled for tag 'KSP-Production-App' at 2025-12-12 22:30 EST
2025-12-12 09:42:40 EST - Patching cron job scheduled for tag 'KSP-Production-App' at 2025-12-13 02:30 EST
2025-12-12 09:45:27 EST - Backup cron job scheduled for tag 'KSP-Production-Batch' at 2025-12-12 22:40 EST
2025-12-12 09:45:27 EST - Patching cron job scheduled for tag 'KSP-Production-Batch' at 2025-12-13 02:40 EST
2025-12-12 09:46:38 EST - Backup cron job scheduled for tag 'LNF-Prod-App' at 2025-12-12 23:00 EST
2025-12-12 09:46:38 EST - Patching cron job scheduled for tag 'LNF-Prod-App' at 2025-12-13 03:00 EST
2025-12-12 09:47:41 EST - Backup cron job scheduled for tag 'LNF-Prod-Batch' at 2025-12-12 23:15 EST
2025-12-12 09:47:41 EST - Patching cron job scheduled for tag 'LNF-Prod-Batch' at 2025-12-13 03:15 EST
2025-12-12 09:50:11 EST - Backup cron job scheduled for tag 'RXO-Prod-APP' at 2025-12-13 00:00 EST
2025-12-12 09:50:11 EST - Patching cron job scheduled for tag 'RXO-Prod-APP' at 2025-12-13 04:00 EST
2025-12-12 09:51:07 EST - Backup cron job scheduled for tag 'RXO-Prod-Batch' at 2025-12-13 00:00 EST
2025-12-12 09:51:07 EST - Patching cron job scheduled for tag 'RXO-Prod-Batch' at 2025-12-13 04:00 EST
2025-12-12 09:52:29 EST - Backup cron job scheduled for tag 'FQ-Prod-App' at 2025-12-13 01:00 EST
2025-12-12 09:52:29 EST - Patching cron job scheduled for tag 'FQ-Prod-App' at 2025-12-13 05:00 EST
2025-12-12 09:53:32 EST - Backup cron job scheduled for tag 'FQ-Prod-Batch' at 2025-12-13 01:15 EST
2025-12-12 09:53:32 EST - Patching cron job scheduled for tag 'FQ-Prod-Batch' at 2025-12-13 05:15 EST
2025-12-13 09:01:20 EST - Backup cron job scheduled for tag 'USP-Prod-App' at 2025-12-13 21:05 EST
2025-12-13 09:01:20 EST - Patching cron job scheduled for tag 'USP-Prod-App' at 2025-12-14 01:05 EST
2025-12-13 09:02:11 EST - Backup cron job scheduled for tag 'USP-Prod-Batch' at 2025-12-13 21:10 EST
2025-12-13 09:02:11 EST - Patching cron job scheduled for tag 'USP-Prod-Batch' at 2025-12-14 01:10 EST
2025-12-13 09:03:10 EST - Backup cron job scheduled for tag 'Sears-Prod-App' at 2025-12-13 22:00 EST
2025-12-13 09:03:10 EST - Patching cron job scheduled for tag 'Sears-Prod-App' at 2025-12-14 02:00 EST
2025-12-13 09:03:55 EST - Backup cron job scheduled for tag 'Sears-Prod-Batch' at 2025-12-13 22:10 EST
2025-12-13 09:03:55 EST - Patching cron job scheduled for tag 'Sears-Prod-Batch' at 2025-12-14 02:10 EST
2025-12-13 09:04:56 EST - Backup cron job scheduled for tag 'Touchstone-prod-app' at 2025-12-14 01:00 EST
2025-12-13 09:04:56 EST - Patching cron job scheduled for tag 'Touchstone-prod-app' at 2025-12-14 05:00 EST
2025-12-13 09:05:50 EST - Backup cron job scheduled for tag 'WhiteCap-Prod-app' at 2025-12-14 02:00 EST
2025-12-13 09:05:50 EST - Patching cron job scheduled for tag 'WhiteCap-Prod-app' at 2025-12-14 06:00 EST
2025-12-13 09:06:45 EST - Backup cron job scheduled for tag 'WhiteCap-Prod-Batch' at 2025-12-14 02:10 EST
2025-12-13 09:06:45 EST - Patching cron job scheduled for tag 'WhiteCap-Prod-Batch' at 2025-12-14 06:10 EST
2025-12-13 09:09:17 EST - Backup cron job scheduled for tag 'Scotters-Prod-App' at 2025-12-14 03:00 EST
2025-12-13 09:09:17 EST - Patching cron job scheduled for tag 'Scotters-Prod-App' at 2025-12-14 07:00 EST
2025-12-13 09:10:40 EST - Backup cron job scheduled for tag 'Soctters-Prod-Batch' at 2025-12-14 03:10 EST
2025-12-13 09:10:40 EST - Patching cron job scheduled for tag 'Soctters-Prod-Batch' at 2025-12-14 07:10 EST
2025-12-17 23:03:55 EST - Backup cron job scheduled for tag 'demo-1' at 2025-12-17 23:08 EST
2025-12-17 23:03:55 EST - Patching cron job scheduled for tag 'demo-1' at 2025-12-18 00:05 EST
2025-12-18 21:32:29 EST - Backup cron job scheduled for tag 'Demo-1' at 2025-12-18 21:37 EST
2025-12-18 21:32:29 EST - Patching cron job scheduled for tag 'Demo-1' at 2025-12-19 00:05 EST
2025-12-18 21:43:41 EST - Backup cron job scheduled for tag 'Demo-2' at 2025-12-19 00:00 EST
2025-12-18 21:43:41 EST - Patching cron job scheduled for tag 'Demo-2' at 2025-12-19 04:00 EST
2025-12-19 05:44:50 EST - Backup cron job scheduled for tag 'OIA-Prod' at 2025-12-19 21:30 EST
2025-12-19 05:44:50 EST - Patching cron job scheduled for tag 'OIA-Prod' at 2025-12-20 01:30 EST
2025-12-19 05:46:44 EST - Backup cron job scheduled for tag 'Caseys-ANK' at 2025-12-19 22:30 EST
2025-12-19 05:46:44 EST - Patching cron job scheduled for tag 'Caseys-ANK' at 2025-12-20 02:30 EST
2025-12-19 05:48:55 EST - Backup cron job scheduled for tag 'Caseys-JOP' at 2025-12-19 23:00 EST
2025-12-19 05:48:55 EST - Patching cron job scheduled for tag 'Caseys-JOP' at 2025-12-20 03:00 EST
2025-12-19 05:52:43 EST - Backup cron job scheduled for tag 'Caseys-THT' at 2025-12-19 23:30 EST
2025-12-19 05:52:43 EST - Patching cron job scheduled for tag 'Caseys-THT' at 2025-12-20 03:30 EST
2025-12-19 05:54:23 EST - Backup cron job scheduled for tag 'CA-Prod' at 2025-12-20 03:00 EST
2025-12-19 05:54:23 EST - Patching cron job scheduled for tag 'CA-Prod' at 2025-12-20 07:00 EST
2025-12-20 11:01:40 EST - Backup cron job scheduled for tag 'ConMed-App' at 2025-12-20 20:05 EST
2025-12-20 11:01:40 EST - Patching cron job scheduled for tag 'ConMed-App' at 2025-12-21 00:05 EST
2025-12-20 11:02:22 EST - Backup cron job scheduled for tag 'Conmed-Batch' at 2025-12-20 20:05 EST
2025-12-20 11:02:22 EST - Patching cron job scheduled for tag 'Conmed-Batch' at 2025-12-21 00:05 EST
2025-12-20 11:03:41 EST - Backup cron job scheduled for tag 'DIB-MTG-App' at 2025-12-20 20:30 EST
2025-12-20 11:03:41 EST - Patching cron job scheduled for tag 'DIB-MTG-App' at 2025-12-21 00:30 EST
2025-12-20 11:04:54 EST - Backup cron job scheduled for tag 'DIB-MTG-Batch' at 2025-12-20 20:30 EST
2025-12-20 11:04:54 EST - Patching cron job scheduled for tag 'DIB-MTG-Batch' at 2025-12-21 00:30 EST
2025-12-20 11:06:49 EST - Backup cron job scheduled for tag 'DIB-SIK-App' at 2025-12-20 21:00 EST
2025-12-20 11:06:49 EST - Patching cron job scheduled for tag 'DIB-SIK-App' at 2025-12-21 01:00 EST
2025-12-20 11:07:49 EST - Backup cron job scheduled for tag 'DIB-SIK-Batch' at 2025-12-20 21:05 EST
2025-12-20 11:07:49 EST - Patching cron job scheduled for tag 'DIB-SIK-Batch' at 2025-12-21 01:05 EST
2025-12-20 11:08:59 EST - Backup cron job scheduled for tag 'PSS-App' at 2025-12-20 22:30 EST
2025-12-20 11:08:59 EST - Patching cron job scheduled for tag 'PSS-App' at 2025-12-21 02:30 EST
2025-12-20 11:09:48 EST - Backup cron job scheduled for tag 'PSS-Batch' at 2025-12-20 22:35 EST
2025-12-20 11:09:48 EST - Patching cron job scheduled for tag 'PSS-Batch' at 2025-12-21 02:35 EST
2025-12-20 11:11:08 EST - Backup cron job scheduled for tag 'FL-App' at 2025-12-20 23:30 EST
2025-12-20 11:11:08 EST - Patching cron job scheduled for tag 'FL-App' at 2025-12-21 03:30 EST
2025-12-20 11:11:47 EST - Backup cron job scheduled for tag 'FL-Batch' at 2025-12-20 23:35 EST
2025-12-20 11:11:47 EST - Patching cron job scheduled for tag 'FL-Batch' at 2025-12-21 03:35 EST
2025-12-20 11:13:15 EST - Backup cron job scheduled for tag 'G3-App' at 2025-12-21 01:00 EST
2025-12-20 11:13:15 EST - Patching cron job scheduled for tag 'G3-App' at 2025-12-21 05:00 EST
2025-12-20 11:13:53 EST - Backup cron job scheduled for tag 'G3-Batch' at 2025-12-21 01:05 EST
2025-12-20 11:13:53 EST - Patching cron job scheduled for tag 'G3-Batch' at 2025-12-21 05:05 EST
2025-12-24 17:32:26 EST - Backup cron job scheduled for tag 'Softeon-RFP' at 2025-12-24 20:05 EST
2025-12-24 17:32:26 EST - Patching cron job scheduled for tag 'Softeon-RFP' at 2025-12-25 00:05 EST
2025-12-24 17:33:38 EST - Backup cron job scheduled for tag 'Demo-5' at 2025-12-24 20:30 EST
2025-12-24 17:33:38 EST - Patching cron job scheduled for tag 'Demo-5' at 2025-12-25 00:30 EST
2025-12-24 17:34:15 EST - Backup cron job scheduled for tag 'Demo-11' at 2025-12-24 20:50 EST
2025-12-24 17:34:16 EST - Patching cron job scheduled for tag 'Demo-11' at 2025-12-25 00:50 EST
2025-12-24 17:41:51 EST - Backup cron job scheduled for tag 'Sandbox-demo' at 2025-12-24 21:15 EST
2025-12-24 17:41:51 EST - Patching cron job scheduled for tag 'Sandbox-demo' at 2025-12-25 01:15 EST
2025-12-24 17:42:33 EST - Backup cron job scheduled for tag 'demo-12' at 2025-12-24 21:40 EST
2025-12-24 17:42:33 EST - Patching cron job scheduled for tag 'demo-12' at 2025-12-25 01:40 EST
2025-12-24 17:43:27 EST - Backup cron job scheduled for tag 'Template-AL2023' at 2025-12-24 22:00 EST
2025-12-24 17:43:27 EST - Patching cron job scheduled for tag 'Template-AL2023' at 2025-12-25 02:00 EST
2025-12-24 17:44:15 EST - Backup cron job scheduled for tag 'Cups-Lab' at 2025-12-24 22:30 EST
2025-12-24 17:44:15 EST - Patching cron job scheduled for tag 'Cups-Lab' at 2025-12-25 02:30 EST
2025-12-24 17:45:26 EST - Backup cron job scheduled for tag 'Demo-6' at 2025-12-25 01:00 EST
2025-12-24 17:45:26 EST - Patching cron job scheduled for tag 'Demo-6' at 2025-12-25 05:00 EST
2025-12-26 17:16:29 EST - Backup cron job scheduled for tag 'Midea-App' at 2025-12-26 20:05 EST
2025-12-26 17:16:29 EST - Patching cron job scheduled for tag 'Midea-App' at 2025-12-27 00:05 EST
2025-12-26 17:17:01 EST - Backup cron job scheduled for tag 'Midea-Batch' at 2025-12-26 20:10 EST
2025-12-26 17:17:01 EST - Patching cron job scheduled for tag 'Midea-Batch' at 2025-12-27 00:10 EST
2025-12-26 17:21:45 EST - Backup cron job scheduled for tag 'SaddleCreek-PySpark' at 2025-12-26 23:00 EST
2025-12-26 17:21:45 EST - Patching cron job scheduled for tag 'SaddleCreek-PySpark' at 2025-12-27 03:00 EST
2025-12-26 17:22:43 EST - Backup cron job scheduled for tag 'PTS-node1' at 2025-12-27 00:00 EST
2025-12-26 17:22:43 EST - Patching cron job scheduled for tag 'PTS-node1' at 2025-12-27 04:00 EST
2025-12-26 17:23:44 EST - Backup cron job scheduled for tag 'PTS-node-2' at 2025-12-27 01:00 EST
2025-12-26 17:23:44 EST - Patching cron job scheduled for tag 'PTS-node-2' at 2025-12-27 05:00 EST
2025-12-31 14:25:56 EST - Backup cron job scheduled for tag 'JAS-UAT' at 2025-12-31 20:05 EST
2025-12-31 14:25:56 EST - Patching cron job scheduled for tag 'JAS-UAT' at 2026-01-01 00:05 EST
2025-12-31 14:26:33 EST - Backup cron job scheduled for tag 'ACT-UAT' at 2025-12-31 21:05 EST
2025-12-31 14:26:33 EST - Patching cron job scheduled for tag 'ACT-UAT' at 2026-01-01 01:05 EST
2025-12-31 14:27:37 EST - Backup cron job scheduled for tag 'Allen-Luca' at 2025-12-31 21:30 EST
2025-12-31 14:27:37 EST - Patching cron job scheduled for tag 'Allen-Luca' at 2026-01-01 01:30 EST
2025-12-31 14:28:41 EST - Backup cron job scheduled for tag 'Allen-UAT' at 2025-12-31 22:00 EST
2025-12-31 14:28:41 EST - Patching cron job scheduled for tag 'Allen-UAT' at 2026-01-01 02:00 EST
2025-12-31 14:29:29 EST - Backup cron job scheduled for tag 'BFA-UAT' at 2025-12-31 22:35 EST
2025-12-31 14:29:29 EST - Patching cron job scheduled for tag 'BFA-UAT' at 2026-01-01 02:35 EST
2025-12-31 14:30:17 EST - Backup cron job scheduled for tag 'Brooks-UAT' at 2025-12-31 23:30 EST
2025-12-31 14:30:17 EST - Patching cron job scheduled for tag 'Brooks-UAT' at 2026-01-01 03:30 EST
2025-12-31 14:30:50 EST - Backup cron job scheduled for tag 'CA-UAT' at 2026-01-01 00:30 EST
2025-12-31 14:30:50 EST - Patching cron job scheduled for tag 'CA-UAT' at 2026-01-01 04:30 EST
2025-12-31 14:32:04 EST - Backup cron job scheduled for tag 'Caseys-UAT' at 2026-01-01 01:30 EST
2025-12-31 14:32:04 EST - Patching cron job scheduled for tag 'Caseys-UAT' at 2026-01-01 05:30 EST
2026-01-01 09:16:14 EST - Backup cron job scheduled for tag 'CDS-Logistics-UAT' at 2026-01-01 20:05 EST
2026-01-01 09:16:14 EST - Patching cron job scheduled for tag 'CDS-Logistics-UAT' at 2026-01-02 00:05 EST
2026-01-01 09:17:05 EST - Backup cron job scheduled for tag 'CEVA-UAT' at 2026-01-01 21:00 EST
2026-01-01 09:17:05 EST - Patching cron job scheduled for tag 'CEVA-UAT' at 2026-01-02 01:00 EST
2026-01-01 09:18:07 EST - Backup cron job scheduled for tag 'ColeHaan-UAT' at 2026-01-01 21:30 EST
2026-01-01 09:18:08 EST - Patching cron job scheduled for tag 'ColeHaan-UAT' at 2026-01-02 01:30 EST
2026-01-01 09:19:14 EST - Backup cron job scheduled for tag 'ConMed-UAT' at 2026-01-01 22:30 EST
2026-01-01 09:19:14 EST - Patching cron job scheduled for tag 'ConMed-UAT' at 2026-01-02 02:30 EST
2026-01-01 09:20:19 EST - Backup cron job scheduled for tag 'CraneLogistics-UAT' at 2026-01-01 23:30 EST
2026-01-01 09:20:19 EST - Patching cron job scheduled for tag 'CraneLogistics-UAT' at 2026-01-02 03:30 EST
2026-01-01 09:21:09 EST - Backup cron job scheduled for tag 'Curology-UAT' at 2026-01-02 00:30 EST
2026-01-01 09:21:09 EST - Patching cron job scheduled for tag 'Curology-UAT' at 2026-01-02 04:30 EST
2026-01-01 09:21:47 EST - Backup cron job scheduled for tag 'Cycle-Logistics-UAT' at 2026-01-02 01:30 EST
2026-01-01 09:21:47 EST - Patching cron job scheduled for tag 'Cycle-Logistics-UAT' at 2026-01-02 05:30 EST
2026-01-02 11:45:10 EST - Backup cron job scheduled for tag 'Denso-App' at 2026-01-02 20:05 EST
2026-01-02 11:45:10 EST - Patching cron job scheduled for tag 'Denso-App' at 2026-01-03 00:05 EST
2026-01-02 11:46:10 EST - Backup cron job scheduled for tag 'Denso-Batch' at 2026-01-02 20:15 EST
2026-01-02 11:46:10 EST - Patching cron job scheduled for tag 'Denso-Batch' at 2026-01-03 00:15 EST
2026-01-02 11:48:29 EST - Backup cron job scheduled for tag 'DIB-APP' at 2026-01-02 21:00 EST
2026-01-02 11:48:29 EST - Patching cron job scheduled for tag 'DIB-APP' at 2026-01-03 01:00 EST
2026-01-02 11:50:14 EST - Backup cron job scheduled for tag 'DIB-Batch-UAT' at 2026-01-02 21:15 EST
2026-01-02 11:50:14 EST - Patching cron job scheduled for tag 'DIB-Batch-UAT' at 2026-01-03 01:15 EST
2026-01-02 11:51:20 EST - Backup cron job scheduled for tag 'DuroDyne-UAT' at 2026-01-02 22:30 EST
2026-01-02 11:51:20 EST - Patching cron job scheduled for tag 'DuroDyne-UAT' at 2026-01-03 02:30 EST
2026-01-02 11:52:25 EST - Backup cron job scheduled for tag 'FirstQuality-UAT' at 2026-01-02 23:30 EST
2026-01-02 11:52:25 EST - Patching cron job scheduled for tag 'FirstQuality-UAT' at 2026-01-03 03:30 EST
2026-01-02 11:53:16 EST - Backup cron job scheduled for tag 'FL-UAT' at 2026-01-03 00:30 EST
2026-01-02 11:53:16 EST - Patching cron job scheduled for tag 'FL-UAT' at 2026-01-03 04:30 EST
2026-01-02 11:54:15 EST - Backup cron job scheduled for tag 'G3-UAT' at 2026-01-03 01:30 EST
2026-01-02 11:54:15 EST - Patching cron job scheduled for tag 'G3-UAT' at 2026-01-03 05:30 EST
2026-01-03 09:44:02 EST - Backup cron job scheduled for tag 'Gabes-UAT' at 2026-01-03 20:05 EST
2026-01-03 09:44:02 EST - Patching cron job scheduled for tag 'Gabes-UAT' at 2026-01-04 00:05 EST
2026-01-03 09:45:02 EST - Backup cron job scheduled for tag 'Hayes-UAT' at 2026-01-03 21:00 EST
2026-01-03 09:45:02 EST - Patching cron job scheduled for tag 'Hayes-UAT' at 2026-01-04 01:00 EST
2026-01-03 09:45:57 EST - Backup cron job scheduled for tag 'HCP-Batch' at 2026-01-03 22:00 EST
2026-01-03 09:45:57 EST - Patching cron job scheduled for tag 'HCP-Batch' at 2026-01-04 02:00 EST
2026-01-03 09:47:21 EST - Backup cron job scheduled for tag 'HCP-App' at 2026-01-03 22:15 EST
2026-01-03 09:47:21 EST - Patching cron job scheduled for tag 'HCP-App' at 2026-01-04 02:15 EST
2026-01-03 09:48:04 EST - Backup cron job scheduled for tag 'Hensly-UAT' at 2026-01-03 23:00 EST
2026-01-03 09:48:04 EST - Patching cron job scheduled for tag 'Hensly-UAT' at 2026-01-04 03:00 EST
2026-01-03 09:48:48 EST - Backup cron job scheduled for tag 'Hilco-UAT' at 2026-01-04 00:00 EST
2026-01-03 09:48:48 EST - Patching cron job scheduled for tag 'Hilco-UAT' at 2026-01-04 04:00 EST
2026-01-03 09:49:36 EST - Backup cron job scheduled for tag 'Honest-UAT' at 2026-01-04 01:00 EST
2026-01-03 09:49:36 EST - Patching cron job scheduled for tag 'Honest-UAT' at 2026-01-04 05:00 EST
2026-01-04 04:45:40 EST - Backup cron job scheduled for tag 'Incomm-uat' at 2026-01-04 04:50 EST
2026-01-04 04:45:40 EST - Patching cron job scheduled for tag 'Incomm-uat' at 2025-01-05 00:05 EST
2026-01-04 04:48:16 EST - Backup cron job scheduled for tag 'ITS-Logistics-uat' at 2026-01-04 21:00 EST
2026-01-04 04:48:16 EST - Patching cron job scheduled for tag 'ITS-Logistics-uat' at 2026-01-05 01:00 EST
2026-01-04 04:49:21 EST - Backup cron job scheduled for tag 'Kendra-uat' at 2026-01-04 22:30 EST
2026-01-04 04:49:21 EST - Patching cron job scheduled for tag 'Kendra-uat' at 2026-01-05 02:30 EST
2026-01-04 04:50:20 EST - Backup cron job scheduled for tag 'KSP-uat' at 2026-01-05 00:30 EST
2026-01-04 04:50:20 EST - Patching cron job scheduled for tag 'KSP-uat' at 2026-01-05 04:30 EST
2026-01-04 04:51:26 EST - Backup cron job scheduled for tag 'LNF-uat' at 2026-01-05 01:30 EST
2026-01-04 04:51:26 EST - Patching cron job scheduled for tag 'LNF-uat' at 2026-01-05 05:30 EST
2026-01-04 04:52:35 EST - Backup cron job scheduled for tag 'Incommwms-uat' at 2026-01-04 20:05 EST
2026-01-04 04:52:35 EST - Patching cron job scheduled for tag 'Incommwms-uat' at 2026-01-05 00:05 EST
2026-01-04 05:08:35 EST - Backup cron job scheduled for tag 'incomm-wms-uat' at 2026-01-04 23:30 EST
2026-01-04 05:08:35 EST - Patching cron job scheduled for tag 'incomm-wms-uat' at 2026-01-05 03:30 EST
2026-01-05 00:13:11 EST - Backup cron job scheduled for tag 'Midea-UAT' at 2026-01-05 20:05 EST
2026-01-05 00:13:11 EST - Patching cron job scheduled for tag 'Midea-UAT' at 2026-01-06 00:05 EST
2026-01-05 05:41:52 EST - Backup cron job scheduled for tag 'NFI-UAT' at 2026-01-05 21:00 EST
2026-01-05 05:41:52 EST - Patching cron job scheduled for tag 'NFI-UAT' at 2026-01-06 01:00 EST
2026-01-05 05:42:40 EST - Backup cron job scheduled for tag 'NSI-UAT' at 2026-01-05 22:30 EST
2026-01-05 05:42:40 EST - Patching cron job scheduled for tag 'NSI-UAT' at 2026-01-06 02:30 EST
2026-01-05 05:43:20 EST - Backup cron job scheduled for tag 'OIA-UAT' at 2026-01-05 23:30 EST
2026-01-05 05:43:20 EST - Patching cron job scheduled for tag 'OIA-UAT' at 2026-01-06 03:30 EST
2026-01-05 05:44:12 EST - Backup cron job scheduled for tag 'PSS-UAT' at 2026-01-06 00:30 EST
2026-01-05 05:44:12 EST - Patching cron job scheduled for tag 'PSS-UAT' at 2026-01-06 04:30 EST
2026-01-05 05:44:52 EST - Backup cron job scheduled for tag 'RXO-UAT' at 2026-01-06 01:30 EST
2026-01-05 05:44:52 EST - Patching cron job scheduled for tag 'RXO-UAT' at 2026-01-06 05:30 EST
2026-01-06 20:08:30 EST - Backup cron job scheduled for tag 'StandardFiber-UAT' at 2026-01-06 20:13 EST
2026-01-06 20:08:30 EST - Patching cron job scheduled for tag 'StandardFiber-UAT' at 2026-01-07 00:01 EST
2026-01-06 20:09:23 EST - Backup cron job scheduled for tag 'ScootersCoffee-UAT' at 2026-01-06 21:00 EST
2026-01-06 20:09:23 EST - Patching cron job scheduled for tag 'ScootersCoffee-UAT' at 2026-01-07 01:00 EST
2026-01-06 20:10:05 EST - Backup cron job scheduled for tag 'Sears-Batch' at 2026-01-06 22:00 EST
2026-01-06 20:10:05 EST - Patching cron job scheduled for tag 'Sears-Batch' at 2026-01-07 02:00 EST
2026-01-06 20:10:57 EST - Backup cron job scheduled for tag 'Sears-UAT' at 2026-01-06 22:10 EST
2026-01-06 20:10:57 EST - Patching cron job scheduled for tag 'Sears-UAT' at 2026-01-07 02:10 EST
2026-01-06 20:12:01 EST - Backup cron job scheduled for tag 'SOS-UAT' at 2026-01-07 00:05 EST
2026-01-06 20:12:01 EST - Patching cron job scheduled for tag 'SOS-UAT' at 2026-01-07 04:05 EST
2026-01-08 01:40:36 EST - Backup cron job scheduled for tag 'Technicolor-uat' at 2026-01-08 01:45 EST
2026-01-08 01:40:36 EST - Patching cron job scheduled for tag 'Technicolor-uat' at 2026-01-08 02:30 EST
2026-01-08 01:41:11 EST - Backup cron job scheduled for tag 'Tekton-uat' at 2026-01-08 01:46 EST
2026-01-08 01:41:11 EST - Patching cron job scheduled for tag 'Tekton-uat' at 2026-01-08 04:30 EST
2026-01-08 01:41:49 EST - Backup cron job scheduled for tag 'TIG-uat' at 2026-01-08 01:46 EST
2026-01-08 01:41:49 EST - Patching cron job scheduled for tag 'TIG-uat' at 2026-01-08 05:30 EST
2026-01-08 21:33:26 EST - Backup cron job scheduled for tag 'USPMotor-uat' at 2026-01-08 21:38 EST
2026-01-08 21:33:26 EST - Patching cron job scheduled for tag 'USPMotor-uat' at 2026-01-09 00:05 EST
2026-01-08 21:34:16 EST - Backup cron job scheduled for tag 'WhiteCap-uat' at 2026-01-08 21:39 EST
2026-01-08 21:34:16 EST - Patching cron job scheduled for tag 'WhiteCap-uat' at 2026-01-09 01:00 EST
2026-01-08 21:34:56 EST - Backup cron job scheduled for tag 'Touchstone-uat' at 2026-01-08 21:39 EST
2026-01-08 21:34:56 EST - Patching cron job scheduled for tag 'Touchstone-uat' at 2026-01-09 01:30 EST
2026-01-08 21:35:36 EST - Backup cron job scheduled for tag 'SourceLogistics-uat' at 2026-01-08 22:30 EST
2026-01-08 21:35:37 EST - Patching cron job scheduled for tag 'SourceLogistics-uat' at 2026-01-09 02:30 EST
2026-01-08 21:39:37 EST - Backup cron job scheduled for tag 'UMG-OMS-US-uat' at 2026-01-09 00:30 EST
2026-01-08 21:39:37 EST - Patching cron job scheduled for tag 'UMG-OMS-US-uat' at 2026-01-09 04:30 EST
2026-01-08 21:40:46 EST - Backup cron job scheduled for tag 'UMG-OMS-EU-uat' at 2026-01-09 00:40 EST
2026-01-08 21:40:46 EST - Patching cron job scheduled for tag 'UMG-OMS-EU-uat' at 2026-01-09 04:40 EST
2026-01-08 21:42:26 EST - Backup cron job scheduled for tag 'UMG-uat' at 2026-01-09 01:30 EST
2026-01-08 21:42:26 EST - Patching cron job scheduled for tag 'UMG-uat' at 2026-01-09 05:30 EST
2026-01-08 21:43:05 EST - Backup cron job scheduled for tag 'TransUMG-uat' at 2026-01-09 01:40 EST
2026-01-08 21:43:05 EST - Patching cron job scheduled for tag 'TransUMG-uat' at 2026-01-09 05:40 EST
2026-01-09 20:39:18 EST - Backup cron job scheduled for tag 'SaddleCreek-uat' at 2026-01-09 20:44 EST
2026-01-09 20:39:18 EST - Patching cron job scheduled for tag 'SaddleCreek-uat' at 2026-01-10 00:05 EST
2026-01-09 20:43:36 EST - Backup cron job scheduled for tag 'SaddleCreek1-uat' at 2026-01-09 20:48 EST
2026-01-09 20:43:36 EST - Patching cron job scheduled for tag 'SaddleCreek1-uat' at 2026-01-10 00:20 EST
2026-01-14 13:02:17 EST - Backup cron job scheduled for tag 'UPSHC-Dev-1' at 2026-01-14 13:07 EST
2026-01-14 13:02:17 EST - Patching cron job scheduled for tag 'UPSHC-Dev-1' at 2026-01-14 17:00 EST
2026-01-14 13:02:57 EST - Backup cron job scheduled for tag 'UPSHC-Dev-2' at 2026-01-14 13:05 EST
2026-01-14 13:02:57 EST - Patching cron job scheduled for tag 'UPSHC-Dev-2' at 2026-01-14 17:05 EST
2026-01-14 13:04:00 EST - Backup cron job scheduled for tag 'UPSHC-Dev-3' at 2026-01-14 13:10 EST
2026-01-14 13:04:00 EST - Patching cron job scheduled for tag 'UPSHC-Dev-3' at 2026-01-14 17:10 EST
2026-01-14 13:04:48 EST - Backup cron job scheduled for tag 'UPSHC-Dev-4' at 2026-01-14 13:15 EST
2026-01-14 13:04:48 EST - Patching cron job scheduled for tag 'UPSHC-Dev-4' at 2026-01-14 17:15 EST
2026-01-14 13:05:25 EST - Backup cron job scheduled for tag 'UPSHC-QA-1' at 2026-01-14 14:00 EST
2026-01-14 13:05:26 EST - Patching cron job scheduled for tag 'UPSHC-QA-1' at 2026-01-14 18:00 EST
2026-01-14 13:06:05 EST - Backup cron job scheduled for tag 'UPSHC-QA-2' at 2026-01-14 14:05 EST
2026-01-14 13:06:06 EST - Patching cron job scheduled for tag 'UPSHC-QA-2' at 2026-01-14 18:05 EST
2026-01-14 13:06:52 EST - Backup cron job scheduled for tag 'UPSHC-QA-3' at 2026-01-14 14:10 EST
2026-01-14 13:06:52 EST - Patching cron job scheduled for tag 'UPSHC-QA-3' at 2026-01-14 18:10 EST
2026-01-14 13:07:26 EST - Backup cron job scheduled for tag 'UPSHC-QA-4' at 2026-01-14 14:15 EST
2026-01-14 13:07:27 EST - Patching cron job scheduled for tag 'UPSHC-QA-4' at 2026-01-14 18:15 EST
2026-01-16 17:13:55 EST - Backup cron job scheduled for tag 'UPS-APACPZN-UAT' at 2026-01-16 20:02 EST
2026-01-16 17:13:55 EST - Patching cron job scheduled for tag 'UPS-APACPZN-UAT' at 2026-01-17 00:02 EST
2026-01-16 17:15:01 EST - Backup cron job scheduled for tag 'UPS-APAC-UAT-1' at 2026-01-16 20:10 EST
2026-01-16 17:15:01 EST - Patching cron job scheduled for tag 'UPS-APAC-UAT-1' at 2026-01-17 00:10 EST
2026-01-16 17:15:47 EST - Backup cron job scheduled for tag 'UPS-APAC-UAT-2' at 2026-01-16 20:15 EST
2026-01-16 17:15:47 EST - Patching cron job scheduled for tag 'UPS-APAC-UAT-2' at 2026-01-17 00:15 EST
2026-01-16 17:16:55 EST - Backup cron job scheduled for tag 'UPS-UAT-Node-1' at 2026-01-16 20:30 EST
2026-01-16 17:16:56 EST - Patching cron job scheduled for tag 'UPS-UAT-Node-1' at 2026-01-17 00:30 EST
2026-01-16 17:18:51 EST - Backup cron job scheduled for tag 'UPS-UAT-Node-2' at 2026-01-16 20:45 EST
2026-01-16 17:18:51 EST - Patching cron job scheduled for tag 'UPS-UAT-Node-2' at 2026-01-17 00:45 EST
2026-01-16 17:19:45 EST - Backup cron job scheduled for tag 'UPS-Phillips-UAT-2' at 2026-01-16 21:00 EST
2026-01-16 17:19:45 EST - Patching cron job scheduled for tag 'UPS-Phillips-UAT-2' at 2026-01-17 01:00 EST
2026-01-16 17:21:57 EST - Backup cron job scheduled for tag 'UPS-Birkenstock-UAT' at 2026-01-16 21:20 EST
2026-01-16 17:21:57 EST - Patching cron job scheduled for tag 'UPS-Birkenstock-UAT' at 2026-01-17 01:20 EST
2026-01-16 17:22:38 EST - Backup cron job scheduled for tag 'UPS-Swarovski-UAT' at 2026-01-16 21:40 EST
2026-01-16 17:22:38 EST - Patching cron job scheduled for tag 'UPS-Swarovski-UAT' at 2026-01-17 01:40 EST
2026-01-16 17:25:27 EST - Backup cron job scheduled for tag 'UPS-Productionization-Post-1' at 2026-01-16 22:00 EST
2026-01-16 17:25:27 EST - Patching cron job scheduled for tag 'UPS-Productionization-Post-1' at 2026-01-17 02:00 EST
2026-01-16 17:26:04 EST - Backup cron job scheduled for tag 'UPS-Productionization-Post-2' at 2026-01-16 22:15 EST
2026-01-16 17:26:04 EST - Patching cron job scheduled for tag 'UPS-Productionization-Post-2' at 2026-01-17 02:15 EST
2026-01-16 17:28:22 EST - Backup cron job scheduled for tag 'UPS-Productionization-UAT-1' at 2026-01-16 22:30 EST
2026-01-16 17:28:22 EST - Patching cron job scheduled for tag 'UPS-Productionization-UAT-1' at 2026-01-17 02:30 EST
2026-01-16 17:29:50 EST - Backup cron job scheduled for tag 'UPS-Productionization-UAT-2' at 2026-01-16 22:40 EST
2026-01-16 17:29:50 EST - Patching cron job scheduled for tag 'UPS-Productionization-UAT-2' at 2026-01-17 02:40 EST
2026-01-16 17:30:55 EST - Backup cron job scheduled for tag 'UPS-Productionization-UAT-DOMS' at 2026-01-16 22:40 EST
2026-01-16 17:30:55 EST - Patching cron job scheduled for tag 'UPS-Productionization-UAT-DOMS' at 2026-01-17 02:40 EST
2026-01-16 17:32:50 EST - Backup cron job scheduled for tag 'UPS-Productionization-UAT-4' at 2026-01-16 22:00 EST
2026-01-16 17:32:50 EST - Patching cron job scheduled for tag 'UPS-Productionization-UAT-4' at 2026-01-17 02:00 EST
2026-01-16 17:34:38 EST - Backup cron job scheduled for tag 'UPS-Productionization-UAT-Elastic-1' at 2026-01-16 23:00 EST
2026-01-16 17:34:38 EST - Patching cron job scheduled for tag 'UPS-Productionization-UAT-Elastic-1' at 2026-01-17 03:00 EST
2026-01-16 17:35:44 EST - Backup cron job scheduled for tag 'LUCA-Feature-Elastic-WMS-UPS-Instance' at 2026-01-16 23:00 EST
2026-01-16 17:35:44 EST - Patching cron job scheduled for tag 'LUCA-Feature-Elastic-WMS-UPS-Instance' at 2026-01-17 03:00 EST
2026-01-16 17:37:10 EST - Backup cron job scheduled for tag 'UPS-Productionization-UAT-Server-9-API' at 2026-01-16 23:00 EST
2026-01-16 17:37:10 EST - Patching cron job scheduled for tag 'UPS-Productionization-UAT-Server-9-API' at 2026-01-17 03:00 EST
2026-01-16 17:38:26 EST - Backup cron job scheduled for tag 'Mastodon-Sitelinez-UPS-Instance' at 2026-01-16 23:30 EST
2026-01-16 17:38:26 EST - Patching cron job scheduled for tag 'Mastodon-Sitelinez-UPS-Instance' at 2026-01-17 03:30 EST
2026-01-17 20:00:48 EST - Backup cron job scheduled for tag 'JAS-EMEA-APP' at 2026-01-17 21:00 EST
2026-01-17 20:00:49 EST - Patching cron job scheduled for tag 'JAS-EMEA-APP' at 2026-01-18 01:00 EST
2026-01-17 20:01:50 EST - Backup cron job scheduled for tag 'JAS-EMEA-BATCH' at 2026-01-17 21:10 EST
2026-01-17 20:01:50 EST - Patching cron job scheduled for tag 'JAS-EMEA-BATCH' at 2026-01-18 01:10 EST
2026-01-21 12:28:26 EST - Backup cron job scheduled for tag 'UPS-EU-UAT-1' at 2026-01-21 20:30 EST
2026-01-21 12:28:27 EST - Patching cron job scheduled for tag 'UPS-EU-UAT-1' at 2026-01-22 00:30 EST
2026-01-21 12:29:41 EST - Backup cron job scheduled for tag 'UPS-EU-UAT-2' at 2026-01-21 20:35 EST
2026-01-21 12:29:41 EST - Patching cron job scheduled for tag 'UPS-EU-UAT-2' at 2026-01-22 00:35 EST
2026-01-21 12:31:03 EST - Backup cron job scheduled for tag 'UPS-EU-UAT-3' at 2026-01-21 20:40 EST
2026-01-21 12:31:03 EST - Patching cron job scheduled for tag 'UPS-EU-UAT-3' at 2026-01-22 00:40 EST
2026-02-11 04:59:41 EST - Backup cron job scheduled for tag 'Demo-test' at 2026-02-11 05:04 EST
2026-02-11 04:59:41 EST - Patching cron job scheduled for tag 'Demo-test' at 2026-02-11 05:00 EST
2026-02-13 06:50:51 EST - Backup cron job scheduled for tag 'Softeon-Demo' at 2026-02-13 06:55 EST
2026-02-13 06:50:51 EST - Patching cron job scheduled for tag 'Softeon-Demo' at 2026-02-13 07:00 EST
2026-02-13 07:31:01 EST - Backup cron job scheduled for tag 'test-patching' at 2026-02-13 07:36 EST
2026-02-13 07:31:01 EST - Patching cron job scheduled for tag 'test-patching' at 2026-02-13 11:30 EST
2026-02-27 18:31:30 EST - Backup cron job scheduled for tag 'Hensly-app1' at 2026-02-27 20:05 EST
2026-02-27 18:31:30 EST - Patching cron job scheduled for tag 'Hensly-app1' at 2026-02-28 00:05 EST
2026-02-27 18:32:29 EST - Backup cron job scheduled for tag 'Hensly-Prod-2' at 2026-02-27 20:07 EST
2026-02-27 18:32:30 EST - Patching cron job scheduled for tag 'Hensly-Prod-2' at 2026-02-28 00:07 EST
2026-02-27 18:33:21 EST - Backup cron job scheduled for tag 'Hensly-Prod-3' at 2026-02-27 20:15 EST
2026-02-27 18:33:21 EST - Patching cron job scheduled for tag 'Hensly-Prod-3' at 2026-02-28 00:15 EST
2026-02-27 18:36:02 EST - Backup cron job scheduled for tag 'DIB-WBN-Prod-1' at 2026-02-27 20:45 EST
2026-02-27 18:36:02 EST - Patching cron job scheduled for tag 'DIB-WBN-Prod-1' at 2026-02-28 00:45 EST
2026-02-27 18:36:48 EST - Backup cron job scheduled for tag 'DIB-WBN-Prod-2' at 2026-02-27 20:45 EST
2026-02-27 18:36:48 EST - Patching cron job scheduled for tag 'DIB-WBN-Prod-2' at 2026-02-28 00:45 EST
2026-02-27 18:41:24 EST - Backup cron job scheduled for tag 'Honest-prod-1' at 2026-02-27 21:00 EST
2026-02-27 18:41:24 EST - Patching cron job scheduled for tag 'Honest-prod-1' at 2026-02-28 01:00 EST
2026-02-27 18:42:03 EST - Backup cron job scheduled for tag 'Honest-Prod-2' at 2026-02-27 21:05 EST
2026-02-27 18:42:03 EST - Patching cron job scheduled for tag 'Honest-Prod-2' at 2026-02-28 01:05 EST
2026-02-27 18:46:13 EST - Backup cron job scheduled for tag 'DIB-WCO-prod-1' at 2026-02-27 22:30 EST
2026-02-27 18:46:13 EST - Patching cron job scheduled for tag 'DIB-WCO-prod-1' at 2026-02-28 02:30 EST
2026-02-27 18:46:57 EST - Backup cron job scheduled for tag 'DIB-WCO-Prod-2' at 2026-02-27 22:35 EST
2026-02-27 18:46:58 EST - Patching cron job scheduled for tag 'DIB-WCO-Prod-2' at 2026-02-28 02:35 EST
2026-02-27 18:49:09 EST - Backup cron job scheduled for tag 'Denso-DMTN-Prod-1' at 2026-02-27 23:30 EST
2026-02-27 18:49:09 EST - Patching cron job scheduled for tag 'Denso-DMTN-Prod-1' at 2026-02-28 03:30 EST
2026-02-27 18:49:59 EST - Backup cron job scheduled for tag 'Denso-DMTN-Prod-2' at 2026-02-27 23:40 EST
2026-02-27 18:49:59 EST - Patching cron job scheduled for tag 'Denso-DMTN-Prod-2' at 2026-02-28 03:40 EST
2026-03-19 07:26:50 EDT - Backup cron job scheduled for tag 'testsofteon' at 2026-03-19 07:31 EDT
2026-03-19 07:26:51 EDT - Patching cron job scheduled for tag 'testsofteon' at 2026-03-19 08:31 EDT
2026-03-19 17:58:29 EDT - Backup cron job scheduled for tag 'UMG-NA-P2F' at 2026-03-20 00:30 EDT
2026-03-19 17:58:29 EDT - Patching cron job scheduled for tag 'UMG-NA-P2F' at 2026-03-20 04:30 EDT
2026-03-19 18:00:07 EDT - Backup cron job scheduled for tag 'UMG-US-Bravado' at 2026-03-20 00:45 EDT
2026-03-19 18:00:07 EDT - Patching cron job scheduled for tag 'UMG-US-Bravado' at 2026-03-20 04:45 EDT
2026-03-19 18:01:33 EDT - Backup cron job scheduled for tag 'UMG-EU-P2F' at 2026-03-20 09:00 EDT
2026-03-19 18:01:33 EDT - Patching cron job scheduled for tag 'UMG-EU-P2F' at 2026-03-20 13:00 EDT
2026-03-20 17:04:57 EDT - Backup cron job scheduled for tag 'SCL-IPSY-APP1' at 2026-03-20 20:30 EDT
2026-03-20 17:04:57 EDT - Patching cron job scheduled for tag 'SCL-IPSY-APP1' at 2026-03-21 00:30 EDT
2026-03-20 17:05:38 EDT - Backup cron job scheduled for tag 'SCL-IPSY-Batch' at 2026-03-20 20:40 EDT
2026-03-20 17:05:38 EDT - Patching cron job scheduled for tag 'SCL-IPSY-Batch' at 2026-03-21 00:40 EDT
2026-03-20 17:07:09 EDT - Backup cron job scheduled for tag 'NSI-Prod-App1' at 2026-03-20 21:00 EDT
2026-03-20 17:07:09 EDT - Patching cron job scheduled for tag 'NSI-Prod-App1' at 2026-03-21 01:00 EDT
2026-03-20 17:08:02 EDT - Backup cron job scheduled for tag 'NSI-Prod-Batch' at 2026-03-20 21:10 EDT
2026-03-20 17:08:02 EDT - Patching cron job scheduled for tag 'NSI-Prod-Batch' at 2026-03-21 01:10 EDT
2026-03-23 05:49:29 EDT - Backup cron job scheduled for tag 'demosofteon' at 2026-03-23 05:50 EDT
2026-03-23 05:49:29 EDT - Patching cron job scheduled for tag 'demosofteon' at 2026-03-23 09:50 EDT
2026-03-28 10:28:31 EDT - Backup cron job scheduled for tag 'Vantiva-WMS-App' at 2026-03-28 23:00 EDT
2026-03-28 10:28:31 EDT - Patching cron job scheduled for tag 'Vantiva-WMS-App' at 2026-03-29 03:00 EDT
2026-03-28 10:29:45 EDT - Backup cron job scheduled for tag 'Vantiva-WMS-batchapp' at 2026-03-28 23:10 EDT
2026-03-28 10:29:45 EDT - Patching cron job scheduled for tag 'Vantiva-WMS-batchapp' at 2026-03-29 03:10 EDT
2026-03-28 10:31:09 EDT - Backup cron job scheduled for tag 'Technicolor-Prod-App' at 2026-03-28 23:20 EDT
2026-03-28 10:31:09 EDT - Patching cron job scheduled for tag 'Technicolor-Prod-App' at 2026-03-29 03:20 EDT
2026-03-28 10:31:54 EDT - Backup cron job scheduled for tag 'Technicolor-Prod-batchapp' at 2026-03-28 23:30 EDT
2026-03-28 10:31:54 EDT - Patching cron job scheduled for tag 'Technicolor-Prod-batchapp' at 2026-03-29 03:30 EDT
2026-03-28 10:33:09 EDT - Backup cron job scheduled for tag 'Vantiva-DOMS-App' at 2026-03-28 23:35 EDT
2026-03-28 10:33:09 EDT - Patching cron job scheduled for tag 'Vantiva-DOMS-App' at 2026-03-29 03:35 EDT
2026-03-28 10:34:05 EDT - Backup cron job scheduled for tag 'Vantiva-DOMS-Batchapp' at 2026-03-28 23:40 EDT
2026-03-28 10:34:05 EDT - Patching cron job scheduled for tag 'Vantiva-DOMS-Batchapp' at 2026-03-29 03:40 EDT
2026-03-28 10:36:46 EDT - Backup cron job scheduled for tag 'DIB-MSQ-Prod-App' at 2026-03-28 19:00 EDT
2026-03-28 10:36:47 EDT - Patching cron job scheduled for tag 'DIB-MSQ-Prod-App' at 2026-03-28 23:00 EDT
2026-03-28 10:37:59 EDT - Backup cron job scheduled for tag 'DIB-MSQ-Prod-Batch' at 2026-03-28 19:10 EDT
2026-03-28 10:37:59 EDT - Patching cron job scheduled for tag 'DIB-MSQ-Prod-Batch' at 2026-03-28 23:10 EDT
2026-03-31 21:20:12 EDT - Backup cron job scheduled for tag 'jas-UAT-1' at 2026-03-31 21:25 EDT
2026-03-31 21:20:13 EDT - Patching cron job scheduled for tag 'jas-UAT-1' at 2026-04-01 00:05 EDT
2026-03-31 21:20:56 EDT - Backup cron job scheduled for tag 'JAS-UAT-2' at 2026-03-31 21:25 EDT
2026-03-31 21:20:56 EDT - Patching cron job scheduled for tag 'JAS-UAT-2' at 2026-04-01 00:10 EDT
2026-03-31 21:22:01 EDT - Backup cron job scheduled for tag 'ACT-UAT' at 2026-03-31 21:27 EDT
2026-03-31 21:22:02 EDT - Patching cron job scheduled for tag 'ACT-UAT' at 2026-04-01 01:00 EDT
2026-03-31 21:23:37 EDT - Backup cron job scheduled for tag 'Allen-UAT-1' at 2026-03-31 22:00 EDT
2026-03-31 21:23:37 EDT - Patching cron job scheduled for tag 'Allen-UAT-1' at 2026-04-01 02:00 EDT
2026-03-31 21:24:35 EDT - Backup cron job scheduled for tag 'Allen-UAT-2' at 2026-03-31 22:10 EDT
2026-03-31 21:24:35 EDT - Patching cron job scheduled for tag 'Allen-UAT-2' at 2026-04-01 02:10 EDT
2026-03-31 21:25:36 EDT - Backup cron job scheduled for tag 'Allen-UAT-3' at 2026-03-31 22:20 EDT
2026-03-31 21:25:37 EDT - Patching cron job scheduled for tag 'Allen-UAT-3' at 2026-04-01 02:20 EDT
2026-03-31 21:26:42 EDT - Backup cron job scheduled for tag 'BFA-UAT' at 2026-03-31 23:00 EDT
2026-03-31 21:26:42 EDT - Patching cron job scheduled for tag 'BFA-UAT' at 2026-04-01 03:00 EDT
2026-03-31 21:27:48 EDT - Backup cron job scheduled for tag 'Brooks-UAT-1' at 2026-04-01 00:00 EDT
2026-03-31 21:27:48 EDT - Patching cron job scheduled for tag 'Brooks-UAT-1' at 2026-04-01 04:00 EDT
2026-03-31 21:28:35 EDT - Backup cron job scheduled for tag 'Brooks-uat-2' at 2026-04-01 00:10 EDT
2026-03-31 21:28:35 EDT - Patching cron job scheduled for tag 'Brooks-uat-2' at 2026-04-01 04:10 EDT
2026-03-31 21:29:21 EDT - Backup cron job scheduled for tag 'CA-UAT' at 2026-04-01 01:00 EDT
2026-03-31 21:29:21 EDT - Patching cron job scheduled for tag 'CA-UAT' at 2026-04-01 05:00 EDT
2026-04-01 21:35:25 EDT - Backup cron job scheduled for tag 'caseys-UAT-1' at 2026-04-01 21:40 EDT
2026-04-01 21:35:25 EDT - Patching cron job scheduled for tag 'caseys-UAT-1' at 2026-04-02 00:05 EDT
2026-04-01 21:36:07 EDT - Backup cron job scheduled for tag 'Caseys-uat-2' at 2026-04-01 21:41 EDT
2026-04-01 21:36:07 EDT - Patching cron job scheduled for tag 'Caseys-uat-2' at 2026-04-02 00:10 EDT
2026-04-01 21:36:56 EDT - Backup cron job scheduled for tag 'caseys-UAT-3' at 2026-04-01 21:41 EDT
2026-04-01 21:36:56 EDT - Patching cron job scheduled for tag 'caseys-UAT-3' at 2026-04-02 00:15 EDT
2026-04-01 21:44:42 EDT - Backup cron job scheduled for tag 'caseyes-UAT-4' at 2026-04-01 21:49 EDT
2026-04-01 21:44:42 EDT - Patching cron job scheduled for tag 'caseyes-UAT-4' at 2026-04-02 00:20 EDT
2026-04-01 21:45:25 EDT - Backup cron job scheduled for tag 'CDS-UAT' at 2026-04-01 21:50 EDT
2026-04-01 21:45:25 EDT - Patching cron job scheduled for tag 'CDS-UAT' at 2026-04-02 01:05 EDT
2026-04-01 21:48:16 EDT - Backup cron job scheduled for tag 'ceva-UAT' at 2026-04-01 22:05 EDT
2026-04-01 21:48:16 EDT - Patching cron job scheduled for tag 'ceva-UAT' at 2026-04-02 02:05 EDT
2026-04-01 21:49:13 EDT - Backup cron job scheduled for tag 'colehaan-UAT' at 2026-04-01 23:05 EDT
2026-04-01 21:49:13 EDT - Patching cron job scheduled for tag 'colehaan-UAT' at 2026-04-02 03:05 EDT
2026-04-01 21:50:35 EDT - Backup cron job scheduled for tag 'conmed-UAT-1' at 2026-04-02 00:05 EDT
2026-04-01 21:50:35 EDT - Patching cron job scheduled for tag 'conmed-UAT-1' at 2026-04-02 04:05 EDT
2026-04-01 21:51:19 EDT - Backup cron job scheduled for tag 'conmed-UAT-2' at 2026-04-02 00:10 EDT
2026-04-01 21:51:19 EDT - Patching cron job scheduled for tag 'conmed-UAT-2' at 2026-04-02 04:10 EDT
2026-04-01 21:53:29 EDT - Backup cron job scheduled for tag 'conmed-UAT-3' at 2026-04-02 00:15 EDT
2026-04-01 21:53:29 EDT - Patching cron job scheduled for tag 'conmed-UAT-3' at 2026-04-02 04:15 EDT
2026-04-01 21:54:36 EDT - Backup cron job scheduled for tag 'crane-uat' at 2026-04-02 01:05 EDT
2026-04-01 21:54:36 EDT - Patching cron job scheduled for tag 'crane-uat' at 2026-04-02 05:05 EDT
2026-04-01 21:56:06 EDT - Backup cron job scheduled for tag 'CraneLogistics-uat2' at 2026-04-02 01:10 EDT
2026-04-01 21:56:07 EDT - Patching cron job scheduled for tag 'CraneLogistics-uat2' at 2026-04-02 05:10 EDT
2026-04-02 21:35:32 EDT - Backup cron job scheduled for tag 'Curology-UAT' at 2026-04-02 21:40 EDT
2026-04-02 21:35:32 EDT - Patching cron job scheduled for tag 'Curology-UAT' at 2026-04-03 00:05 EDT
2026-04-02 21:36:24 EDT - Backup cron job scheduled for tag 'Cycle-UAT' at 2026-04-02 21:41 EDT
2026-04-02 21:36:24 EDT - Patching cron job scheduled for tag 'Cycle-UAT' at 2026-04-03 01:05 EDT
2026-04-02 21:37:16 EDT - Backup cron job scheduled for tag 'denso-UAT-1' at 2026-04-02 22:05 EDT
2026-04-02 21:37:17 EDT - Patching cron job scheduled for tag 'denso-UAT-1' at 2026-04-03 02:05 EDT
2026-04-02 21:38:04 EDT - Backup cron job scheduled for tag 'denso-UAT-2' at 2026-04-02 22:10 EDT
2026-04-02 21:38:05 EDT - Patching cron job scheduled for tag 'denso-UAT-2' at 2026-04-03 02:10 EDT
2026-04-02 21:38:45 EDT - Backup cron job scheduled for tag 'deonso-UAT-3' at 2026-04-02 22:15 EDT
2026-04-02 21:38:45 EDT - Patching cron job scheduled for tag 'deonso-UAT-3' at 2026-04-03 02:15 EDT
2026-04-02 21:39:32 EDT - Backup cron job scheduled for tag 'denso-UAT-4' at 2026-04-02 22:20 EDT
2026-04-02 21:39:32 EDT - Patching cron job scheduled for tag 'denso-UAT-4' at 2026-04-03 02:20 EDT
2026-04-02 22:17:24 EDT - Backup cron job scheduled for tag 'Incomm-UAT' at 2026-04-02 23:05 EDT
2026-04-02 22:17:24 EDT - Patching cron job scheduled for tag 'Incomm-UAT' at 2026-04-03 03:05 EDT
2026-04-02 22:23:13 EDT - Backup cron job scheduled for tag 'durodyne-UAT' at 2026-04-03 20:05 EDT
2026-04-02 22:23:13 EDT - Patching cron job scheduled for tag 'durodyne-UAT' at 2026-04-04 00:05 EDT
2026-04-02 22:23:53 EDT - Backup cron job scheduled for tag 'First-Quality-UAT' at 2026-04-03 21:05 EDT
2026-04-02 22:23:53 EDT - Patching cron job scheduled for tag 'First-Quality-UAT' at 2026-04-04 01:05 EDT
2026-04-02 22:24:32 EDT - Backup cron job scheduled for tag 'FL-UAT' at 2026-04-03 22:05 EDT
2026-04-02 22:24:33 EDT - Patching cron job scheduled for tag 'FL-UAT' at 2026-04-04 02:05 EDT
2026-04-02 22:26:08 EDT - Backup cron job scheduled for tag 'G3-UAT' at 2026-04-04 01:05 EDT
2026-04-02 22:26:08 EDT - Patching cron job scheduled for tag 'G3-UAT' at 2026-04-04 05:05 EDT
2026-04-02 22:26:57 EDT - Backup cron job scheduled for tag 'Gabes-UAT' at 2026-04-04 02:05 EDT
2026-04-02 22:26:57 EDT - Patching cron job scheduled for tag 'Gabes-UAT' at 2026-04-04 06:05 EDT
2026-04-02 22:27:36 EDT - Backup cron job scheduled for tag 'Hayes-UAT' at 2026-04-04 03:05 EDT
2026-04-02 22:27:36 EDT - Patching cron job scheduled for tag 'Hayes-UAT' at 2026-04-04 07:05 EDT
2026-04-02 22:30:02 EDT - Backup cron job scheduled for tag 'NFI-UAT' at 2026-04-06 20:05 EDT
2026-04-02 22:30:02 EDT - Patching cron job scheduled for tag 'NFI-UAT' at 2026-04-07 00:05 EDT
2026-04-02 22:30:39 EDT - Backup cron job scheduled for tag 'NSI-UAT-1' at 2026-04-06 21:05 EDT
2026-04-02 22:30:39 EDT - Patching cron job scheduled for tag 'NSI-UAT-1' at 2026-04-07 01:05 EDT
2026-04-02 22:31:13 EDT - Backup cron job scheduled for tag 'NSI-UAT-2' at 2026-04-06 21:10 EDT
2026-04-02 22:31:13 EDT - Patching cron job scheduled for tag 'NSI-UAT-2' at 2026-04-07 01:10 EDT
2026-04-02 22:31:52 EDT - Backup cron job scheduled for tag 'NSI-UAT-3' at 2026-04-06 21:15 EDT
2026-04-02 22:31:52 EDT - Patching cron job scheduled for tag 'NSI-UAT-3' at 2026-04-07 01:15 EDT
2026-04-02 22:32:31 EDT - Backup cron job scheduled for tag 'OIA-UAT-1' at 2026-04-06 22:05 EDT
2026-04-02 22:32:31 EDT - Patching cron job scheduled for tag 'OIA-UAT-1' at 2026-04-07 02:05 EDT
2026-04-02 22:33:10 EDT - Backup cron job scheduled for tag 'Hensley-uat-Q2-26' at 2026-04-04 20:05 EDT
2026-04-02 22:33:10 EDT - Patching cron job scheduled for tag 'Hensley-uat-Q2-26' at 2026-04-05 00:05 EDT
2026-04-02 22:33:10 EDT - Backup cron job scheduled for tag 'OIA-UAT-2' at 2026-04-06 22:10 EDT
2026-04-02 22:33:10 EDT - Patching cron job scheduled for tag 'OIA-UAT-2' at 2026-04-07 02:10 EDT
2026-04-02 22:33:43 EDT - Backup cron job scheduled for tag 'PSS-UAT-1' at 2026-04-06 23:05 EDT
2026-04-02 22:33:43 EDT - Patching cron job scheduled for tag 'PSS-UAT-1' at 2026-04-07 03:05 EDT
2026-04-02 22:34:23 EDT - Backup cron job scheduled for tag 'pss-UAT-2' at 2026-04-06 23:10 EDT
2026-04-02 22:34:23 EDT - Patching cron job scheduled for tag 'pss-UAT-2' at 2026-04-07 03:10 EDT
2026-04-02 22:34:56 EDT - Backup cron job scheduled for tag 'RXO-UAT' at 2026-04-07 00:05 EDT
2026-04-02 22:34:56 EDT - Patching cron job scheduled for tag 'RXO-UAT' at 2026-04-07 04:05 EDT
2026-04-02 22:34:58 EDT - Backup cron job scheduled for tag 'Hilco-uat-q2-26' at 2026-04-04 21:00 EDT
2026-04-02 22:34:58 EDT - Patching cron job scheduled for tag 'Hilco-uat-q2-26' at 2026-04-05 01:00 EDT
2026-04-02 22:36:09 EDT - Backup cron job scheduled for tag 'Honest-uat-q2-26' at 2026-04-04 22:00 EDT
2026-04-02 22:36:09 EDT - Patching cron job scheduled for tag 'Honest-uat-q2-26' at 2026-04-05 02:00 EDT
2026-04-02 22:38:19 EDT - Backup cron job scheduled for tag 'Midea-uat-Q2-26' at 2026-04-05 02:00 EDT
2026-04-02 22:38:19 EDT - Patching cron job scheduled for tag 'Midea-uat-Q2-26' at 2026-04-05 06:00 EDT
2026-04-02 22:42:21 EDT - Backup cron job scheduled for tag 'Saddle-uat-1-q2-26' at 2026-04-05 01:35 EDT
2026-04-02 22:42:22 EDT - Patching cron job scheduled for tag 'Saddle-uat-1-q2-26' at 2026-04-05 05:35 EDT
2026-04-02 22:43:17 EDT - Backup cron job scheduled for tag 'Saddle-uat-2-q2-26' at 2026-04-05 01:40 EDT
2026-04-02 22:43:17 EDT - Patching cron job scheduled for tag 'Saddle-uat-2-q2-26' at 2026-04-05 05:40 EDT
2026-04-02 22:44:17 EDT - Backup cron job scheduled for tag 'Saddle-uat-3-q2-26' at 2026-04-05 01:45 EDT
2026-04-02 22:44:17 EDT - Patching cron job scheduled for tag 'Saddle-uat-3-q2-26' at 2026-04-05 05:45 EDT
2026-04-02 22:44:57 EDT - Backup cron job scheduled for tag 'Saddle-uat-4-q2-26' at 2026-04-05 01:50 EDT
2026-04-02 22:44:57 EDT - Patching cron job scheduled for tag 'Saddle-uat-4-q2-26' at 2026-04-05 05:50 EDT
2026-04-02 22:53:13 EDT - Backup cron job scheduled for tag 'ITS-Logistics-uat-q2-26' at 2026-04-05 20:05 EDT
2026-04-02 22:53:13 EDT - Patching cron job scheduled for tag 'ITS-Logistics-uat-q2-26' at 2026-04-06 00:05 EDT
2026-04-02 22:54:53 EDT - Backup cron job scheduled for tag 'KendraScott-uat-q2-26' at 2026-04-05 21:00 EDT
2026-04-02 22:54:53 EDT - Patching cron job scheduled for tag 'KendraScott-uat-q2-26' at 2026-04-06 01:00 EDT
2026-04-02 22:58:21 EDT - Backup cron job scheduled for tag 'Kinaxis-dev-uat-q2-26' at 2026-04-05 22:00 EDT
2026-04-02 22:58:22 EDT - Patching cron job scheduled for tag 'Kinaxis-dev-uat-q2-26' at 2026-04-06 02:00 EDT
2026-04-02 23:00:35 EDT - Backup cron job scheduled for tag 'KSP-uat-q2-26' at 2026-04-06 00:00 EDT
2026-04-02 23:00:35 EDT - Patching cron job scheduled for tag 'KSP-uat-q2-26' at 2026-04-06 04:00 EDT
2026-04-02 23:01:29 EDT - Backup cron job scheduled for tag 'LNF-uat-q2-26' at 2026-04-06 01:00 EDT
2026-04-02 23:01:30 EDT - Patching cron job scheduled for tag 'LNF-uat-q2-26' at 2026-04-06 05:00 EDT
2026-04-02 23:05:31 EDT - Backup cron job scheduled for tag 'DoItBest-uat-1-q2-26' at 2026-04-06 02:00 EDT
2026-04-02 23:05:31 EDT - Patching cron job scheduled for tag 'DoItBest-uat-1-q2-26' at 2026-04-06 06:00 EDT
2026-04-02 23:06:28 EDT - Backup cron job scheduled for tag 'DoItBest-uat-2-q2-26' at 2026-04-06 02:05 EDT
2026-04-02 23:06:29 EDT - Patching cron job scheduled for tag 'DoItBest-uat-2-q2-26' at 2026-04-06 06:05 EDT
2026-04-02 23:07:24 EDT - Backup cron job scheduled for tag 'DoItBest-uat-3-q2-26' at 2026-04-06 02:10 EDT
2026-04-02 23:07:24 EDT - Patching cron job scheduled for tag 'DoItBest-uat-3-q2-26' at 2026-04-06 06:10 EDT
2026-04-02 23:08:08 EDT - Backup cron job scheduled for tag 'DoItBest-uat-4-q2-26' at 2026-04-06 02:15 EDT
2026-04-02 23:08:08 EDT - Patching cron job scheduled for tag 'DoItBest-uat-4-q2-26' at 2026-04-06 06:15 EDT
2026-04-07 16:08:53 EDT - Backup cron job scheduled for tag 'ScootersCoffee-UAT' at 2026-04-07 20:05 EDT
2026-04-07 16:08:53 EDT - Patching cron job scheduled for tag 'ScootersCoffee-UAT' at 2026-04-08 00:05 EDT
2026-04-07 16:09:43 EDT - Backup cron job scheduled for tag 'Sears-UAT' at 2026-04-07 21:05 EDT
2026-04-07 16:09:43 EDT - Patching cron job scheduled for tag 'Sears-UAT' at 2026-04-08 01:05 EDT
2026-04-07 16:10:32 EDT - Backup cron job scheduled for tag 'SOS-UAT' at 2026-04-08 00:05 EDT
2026-04-07 16:10:32 EDT - Patching cron job scheduled for tag 'SOS-UAT' at 2026-04-08 04:05 EDT
2026-04-07 16:13:39 EDT - Backup cron job scheduled for tag 'SourceLogistics-UAT' at 2026-04-08 01:05 EDT
2026-04-07 16:13:39 EDT - Patching cron job scheduled for tag 'SourceLogistics-UAT' at 2026-04-08 05:05 EDT
2026-04-08 15:44:20 EDT - Backup cron job scheduled for tag 'StandardFiber-UAT' at 2026-04-08 20:05 EDT
2026-04-08 15:44:20 EDT - Patching cron job scheduled for tag 'StandardFiber-UAT' at 2026-04-09 00:05 EDT
2026-04-08 15:44:54 EDT - Backup cron job scheduled for tag 'Suncast-UAT' at 2026-04-08 21:05 EDT
2026-04-08 15:44:54 EDT - Patching cron job scheduled for tag 'Suncast-UAT' at 2026-04-09 01:05 EDT
2026-04-08 15:45:39 EDT - Backup cron job scheduled for tag 'Tech-UAT' at 2026-04-08 22:05 EDT
2026-04-08 15:45:39 EDT - Patching cron job scheduled for tag 'Tech-UAT' at 2026-04-09 02:05 EDT
2026-04-08 15:46:34 EDT - Backup cron job scheduled for tag 'Vantiva-UAT' at 2026-04-08 22:15 EDT
2026-04-08 15:46:34 EDT - Patching cron job scheduled for tag 'Vantiva-UAT' at 2026-04-09 02:15 EDT
2026-04-08 15:47:08 EDT - Backup cron job scheduled for tag 'Tekton-UAT' at 2026-04-08 23:05 EDT
2026-04-08 15:47:08 EDT - Patching cron job scheduled for tag 'Tekton-UAT' at 2026-04-09 03:05 EDT
2026-04-08 15:47:39 EDT - Backup cron job scheduled for tag 'TIG-UAT' at 2026-04-09 00:05 EDT
2026-04-08 15:47:39 EDT - Patching cron job scheduled for tag 'TIG-UAT' at 2026-04-09 04:05 EDT
2026-04-08 15:48:18 EDT - Backup cron job scheduled for tag 'TouchStone-UAT' at 2026-04-09 01:05 EDT
2026-04-08 15:48:18 EDT - Patching cron job scheduled for tag 'TouchStone-UAT' at 2026-04-09 05:05 EDT
2026-04-09 15:11:54 EDT - Backup cron job scheduled for tag 'UMG-OMS-US-UAT' at 2026-04-09 20:05 EDT
2026-04-09 15:11:54 EDT - Patching cron job scheduled for tag 'UMG-OMS-US-UAT' at 2026-04-10 00:05 EDT
2026-04-09 15:12:52 EDT - Backup cron job scheduled for tag 'UMG-OMS-EU-UAT' at 2026-04-09 20:15 EDT
2026-04-09 15:12:52 EDT - Patching cron job scheduled for tag 'UMG-OMS-EU-UAT' at 2026-04-10 00:15 EDT
2026-04-09 15:13:37 EDT - Backup cron job scheduled for tag 'UMG-UAT-1' at 2026-04-09 21:05 EDT
2026-04-09 15:13:37 EDT - Patching cron job scheduled for tag 'UMG-UAT-1' at 2026-04-10 01:05 EDT
2026-04-09 15:14:14 EDT - Backup cron job scheduled for tag 'UMG-UAT-2' at 2026-04-09 21:15 EDT
2026-04-09 15:14:14 EDT - Patching cron job scheduled for tag 'UMG-UAT-2' at 2026-04-10 01:15 EDT
2026-04-09 15:14:58 EDT - Backup cron job scheduled for tag 'UMG-UAT-3' at 2026-04-09 21:30 EDT
2026-04-09 15:14:58 EDT - Patching cron job scheduled for tag 'UMG-UAT-3' at 2026-04-10 01:30 EDT
2026-04-09 15:15:53 EDT - Backup cron job scheduled for tag 'USP-UAT' at 2026-04-09 23:05 EDT
2026-04-09 15:15:53 EDT - Patching cron job scheduled for tag 'USP-UAT' at 2026-04-10 03:05 EDT
2026-04-09 15:16:53 EDT - Backup cron job scheduled for tag 'Sony-AU-App' at 2026-04-09 23:05 EDT
2026-04-09 15:16:53 EDT - Patching cron job scheduled for tag 'Sony-AU-App' at 2026-04-10 03:05 EDT
2026-04-09 15:17:31 EDT - Backup cron job scheduled for tag 'Sony-Au-Batch' at 2026-04-09 23:15 EDT
2026-04-09 15:17:31 EDT - Patching cron job scheduled for tag 'Sony-Au-Batch' at 2026-04-10 03:15 EDT
2026-04-09 15:18:12 EDT - Backup cron job scheduled for tag 'Whitecap-Dev' at 2026-04-10 00:05 EDT
2026-04-09 15:18:13 EDT - Patching cron job scheduled for tag 'Whitecap-Dev' at 2026-04-10 04:05 EDT
2026-04-09 15:18:51 EDT - Backup cron job scheduled for tag 'Whitecap-Train' at 2026-04-10 00:15 EDT
2026-04-09 15:18:52 EDT - Patching cron job scheduled for tag 'Whitecap-Train' at 2026-04-10 04:15 EDT
2026-04-09 15:19:27 EDT - Backup cron job scheduled for tag 'Whitecap-UAT' at 2026-04-10 00:15 EDT
2026-04-09 15:19:27 EDT - Patching cron job scheduled for tag 'Whitecap-UAT' at 2026-04-10 04:15 EDT
2026-04-10 19:22:11 EDT - Backup cron job scheduled for tag 'BDL-UAT-q2-26' at 2026-04-10 21:00 EDT
2026-04-10 19:22:11 EDT - Patching cron job scheduled for tag 'BDL-UAT-q2-26' at 2026-04-11 01:00 EDT
2026-04-10 19:22:57 EDT - Backup cron job scheduled for tag 'BF-Global-Logistics-UAT-q2-26' at 2026-04-10 22:00 EDT
2026-04-10 19:22:57 EDT - Patching cron job scheduled for tag 'BF-Global-Logistics-UAT-q2-26' at 2026-04-11 02:00 EDT
2026-04-10 19:23:42 EDT - Backup cron job scheduled for tag 'CoolDrive-UAT-q2-26' at 2026-04-11 00:00 EDT
2026-04-10 19:23:43 EDT - Patching cron job scheduled for tag 'CoolDrive-UAT-q2-26' at 2026-04-11 04:00 EDT
2026-04-10 19:24:47 EDT - Backup cron job scheduled for tag 'Stitchfix-uat-q2-26' at 2026-04-11 01:00 EDT
2026-04-10 19:24:47 EDT - Patching cron job scheduled for tag 'Stitchfix-uat-q2-26' at 2026-04-11 05:00 EDT
2026-04-11 13:31:06 EDT - Backup cron job scheduled for tag 'UPS-Birkenstock-UAT' at 2026-04-11 20:05 EDT
2026-04-11 13:31:06 EDT - Patching cron job scheduled for tag 'UPS-Birkenstock-UAT' at 2026-04-12 00:05 EDT
2026-04-11 13:32:18 EDT - Backup cron job scheduled for tag 'UPS-Phillips-UAT' at 2026-04-11 20:15 EDT
2026-04-11 13:32:18 EDT - Patching cron job scheduled for tag 'UPS-Phillips-UAT' at 2026-04-12 00:15 EDT
2026-04-11 13:33:44 EDT - Backup cron job scheduled for tag 'ups-postsale-uat' at 2026-04-11 20:30 EDT
2026-04-11 13:33:45 EDT - Patching cron job scheduled for tag 'ups-postsale-uat' at 2026-04-12 00:30 EDT
2026-04-11 13:34:49 EDT - Backup cron job scheduled for tag 'UPS-Productionization-UAT-1' at 2026-04-11 20:45 EDT
2026-04-11 13:34:49 EDT - Patching cron job scheduled for tag 'UPS-Productionization-UAT-1' at 2026-04-12 00:45 EDT
2026-04-11 13:36:14 EDT - Backup cron job scheduled for tag 'UPS-Productionization-UAT-2' at 2026-04-11 21:00 EDT
2026-04-11 13:36:14 EDT - Patching cron job scheduled for tag 'UPS-Productionization-UAT-2' at 2026-04-12 01:00 EDT
2026-04-11 13:38:32 EDT - Backup cron job scheduled for tag 'UPS-Productionization-UAT-3' at 2026-04-11 21:15 EDT
2026-04-11 13:38:32 EDT - Patching cron job scheduled for tag 'UPS-Productionization-UAT-3' at 2026-04-12 01:15 EDT
2026-04-11 13:39:48 EDT - Backup cron job scheduled for tag 'UPS-Swarovski-UAT' at 2026-04-11 21:30 EDT
2026-04-11 13:39:48 EDT - Patching cron job scheduled for tag 'UPS-Swarovski-UAT' at 2026-04-12 01:30 EDT
2026-04-11 13:40:37 EDT - Backup cron job scheduled for tag 'UPS-pilot-UAT' at 2026-04-11 21:40 EDT
2026-04-11 13:40:37 EDT - Patching cron job scheduled for tag 'UPS-pilot-UAT' at 2026-04-12 01:40 EDT
2026-04-11 13:41:27 EDT - Backup cron job scheduled for tag 'ups-apacpzn-uat' at 2026-04-11 21:50 EDT
2026-04-11 13:41:27 EDT - Patching cron job scheduled for tag 'ups-apacpzn-uat' at 2026-04-12 01:50 EDT
2026-04-11 13:42:18 EDT - Backup cron job scheduled for tag 'ups-apac-uat' at 2026-04-11 22:00 EDT
2026-04-11 13:42:18 EDT - Patching cron job scheduled for tag 'ups-apac-uat' at 2026-04-12 02:00 EDT
2026-04-13 10:30:12 EDT - Backup cron job scheduled for tag 'UPS-EU-UAT-1' at 2026-04-13 20:05 EDT
2026-04-13 10:30:12 EDT - Patching cron job scheduled for tag 'UPS-EU-UAT-1' at 2026-04-14 00:05 EDT
2026-04-13 10:31:25 EDT - Backup cron job scheduled for tag 'UPS-EU-UAT-2' at 2026-04-13 20:10 EDT
2026-04-13 10:31:25 EDT - Patching cron job scheduled for tag 'UPS-EU-UAT-2' at 2026-04-14 00:10 EDT
2026-04-13 10:32:08 EDT - Backup cron job scheduled for tag 'UPS-EU-UAT-3' at 2026-04-13 20:15 EDT
2026-04-13 10:32:08 EDT - Patching cron job scheduled for tag 'UPS-EU-UAT-3' at 2026-04-14 00:15 EDT
2026-04-16 05:45:33 EDT - Backup cron job scheduled for tag 'BFA-Prod-App1' at 2026-04-17 23:05 EDT
2026-04-16 05:45:34 EDT - Patching cron job scheduled for tag 'BFA-Prod-App1' at 2026-04-18 03:05 EDT
2026-04-16 05:46:21 EDT - Backup cron job scheduled for tag 'BFA-Batch' at 2026-04-17 23:15 EDT
2026-04-16 05:46:21 EDT - Patching cron job scheduled for tag 'BFA-Batch' at 2026-04-18 03:15 EDT
2026-04-17 11:40:35 EDT - Backup cron job scheduled for tag 'UPS-Eu-App' at 2026-04-18 16:35 EDT
2026-04-17 11:40:35 EDT - Patching cron job scheduled for tag 'UPS-Eu-App' at 2026-04-18 20:35 EDT
2026-04-17 11:41:37 EDT - Backup cron job scheduled for tag 'UPS-EU-Batch' at 2026-04-18 16:40 EDT
2026-04-17 11:41:37 EDT - Patching cron job scheduled for tag 'UPS-EU-Batch' at 2026-04-18 20:40 EDT
2026-04-20 12:15:44 EDT - Backup cron job scheduled for tag 'UPSHC-HAB-Stage' at 2026-04-20 19:05 EDT
2026-04-20 12:15:44 EDT - Patching cron job scheduled for tag 'UPSHC-HAB-Stage' at 2026-04-20 23:05 EDT
2026-04-20 12:16:45 EDT - Backup cron job scheduled for tag 'UPSHC-HAB-UAT' at 2026-04-20 19:30 EDT
2026-04-20 12:16:46 EDT - Patching cron job scheduled for tag 'UPSHC-HAB-UAT' at 2026-04-20 23:30 EDT
2026-04-20 12:17:47 EDT - Backup cron job scheduled for tag 'UPSHC-VAC-UAT' at 2026-04-20 20:05 EDT
2026-04-20 12:17:47 EDT - Patching cron job scheduled for tag 'UPSHC-VAC-UAT' at 2026-04-21 00:05 EDT
2026-04-20 12:18:42 EDT - Backup cron job scheduled for tag 'UPSHC-VAC-UAT-2' at 2026-04-20 20:30 EDT
2026-04-20 12:18:42 EDT - Patching cron job scheduled for tag 'UPSHC-VAC-UAT-2' at 2026-04-21 00:30 EDT
2026-04-23 21:22:10 EDT - Backup cron job scheduled for tag 'ScootersCoffee-UAT' at 2026-04-23 23:05 EDT
2026-04-23 21:22:10 EDT - Patching cron job scheduled for tag 'ScootersCoffee-UAT' at 2026-04-24 03:05 EDT
2026-04-24 22:03:26 EDT - Backup cron job scheduled for tag 'Q2-26-ACT-Production' at 2026-04-24 22:08 EDT
2026-04-24 22:03:26 EDT - Patching cron job scheduled for tag 'Q2-26-ACT-Production' at 2026-04-25 00:05 EDT
2026-04-24 22:05:27 EDT - Backup cron job scheduled for tag 'Q2-26-ACT-Production-batch' at 2026-04-24 22:10 EDT
2026-04-24 22:05:27 EDT - Patching cron job scheduled for tag 'Q2-26-ACT-Production-batch' at 2026-04-25 00:10 EDT
2026-04-24 22:10:23 EDT - Backup cron job scheduled for tag 'q2-26-Midea-UAT' at 2026-04-24 22:15 EDT
2026-04-24 22:10:23 EDT - Patching cron job scheduled for tag 'q2-26-Midea-UAT' at 2026-04-25 01:00 EDT
2026-04-25 12:54:11 EDT - Backup cron job scheduled for tag 'q2-upshc-hab-prod-app' at 2026-04-25 19:00 EDT
2026-04-25 12:54:11 EDT - Patching cron job scheduled for tag 'q2-upshc-hab-prod-app' at 2026-04-25 23:00 EDT
2026-04-25 12:56:07 EDT - Backup cron job scheduled for tag 'q2-upshc-hab-prod-batch' at 2026-04-25 19:05 EDT
2026-04-25 12:56:07 EDT - Patching cron job scheduled for tag 'q2-upshc-hab-prod-batch' at 2026-04-25 23:05 EDT
2026-04-25 12:58:09 EDT - Backup cron job scheduled for tag 'q2-upshc-vac-prod-app' at 2026-04-25 19:30 EDT
2026-04-25 12:58:09 EDT - Patching cron job scheduled for tag 'q2-upshc-vac-prod-app' at 2026-04-25 23:30 EDT
2026-04-25 12:59:28 EDT - Backup cron job scheduled for tag 'q2-upshc-vac-prod-batch' at 2026-04-25 19:35 EDT
2026-04-25 12:59:29 EDT - Patching cron job scheduled for tag 'q2-upshc-vac-prod-batch' at 2026-04-25 23:35 EDT
2026-04-25 13:04:11 EDT - Backup cron job scheduled for tag 'q2-brooks-prod-app' at 2026-04-25 20:05 EDT
2026-04-25 13:04:11 EDT - Patching cron job scheduled for tag 'q2-brooks-prod-app' at 2026-04-26 00:05 EDT
2026-04-25 13:05:03 EDT - Backup cron job scheduled for tag 'q2-brooks-prod-batch' at 2026-04-25 20:10 EDT
2026-04-25 13:05:03 EDT - Patching cron job scheduled for tag 'q2-brooks-prod-batch' at 2026-04-26 00:10 EDT
2026-04-25 13:07:22 EDT - Backup cron job scheduled for tag 'q2-upshc-hab-vac-valid' at 2026-04-25 21:00 EDT
2026-04-25 13:07:22 EDT - Patching cron job scheduled for tag 'q2-upshc-hab-vac-valid' at 2026-04-26 01:00 EDT
2026-04-25 13:09:25 EDT - Backup cron job scheduled for tag 'q2-crane-prod-app' at 2026-04-26 01:00 EDT
2026-04-25 13:09:25 EDT - Patching cron job scheduled for tag 'q2-crane-prod-app' at 2026-04-26 05:00 EDT
2026-04-25 13:10:49 EDT - Backup cron job scheduled for tag 'q2-crane-prod-batch' at 2026-04-26 01:05 EDT
2026-04-25 13:10:49 EDT - Patching cron job scheduled for tag 'q2-crane-prod-batch' at 2026-04-26 05:05 EDT
2026-04-25 13:12:48 EDT - Backup cron job scheduled for tag 'q2-crane252-prod-app' at 2026-04-26 01:20 EDT
2026-04-25 13:12:49 EDT - Patching cron job scheduled for tag 'q2-crane252-prod-app' at 2026-04-26 05:20 EDT
2026-04-25 13:13:45 EDT - Backup cron job scheduled for tag 'q2-crane252-prod-batch' at 2026-04-26 01:25 EDT
2026-04-25 13:13:45 EDT - Patching cron job scheduled for tag 'q2-crane252-prod-batch' at 2026-04-26 05:25 EDT
2026-04-30 14:45:11 EDT - Backup cron job scheduled for tag 'Transumg-UAT' at 2026-04-30 20:05 EDT
2026-04-30 14:45:12 EDT - Patching cron job scheduled for tag 'Transumg-UAT' at 2026-05-01 00:05 EDT
2026-05-01 14:22:22 EDT - Backup cron job scheduled for tag 'Vantiva-UAT' at 2026-05-01 22:05 EDT
2026-05-01 14:22:22 EDT - Patching cron job scheduled for tag 'Vantiva-UAT' at 2026-05-02 02:05 EDT
2026-05-01 14:23:14 EDT - Backup cron job scheduled for tag 'TechniColor-UAT' at 2026-05-01 22:15 EDT
2026-05-01 14:23:14 EDT - Patching cron job scheduled for tag 'TechniColor-UAT' at 2026-05-02 02:15 EDT
2026-05-01 14:24:03 EDT - Backup cron job scheduled for tag 'conmed-App' at 2026-05-02 00:05 EDT
2026-05-01 14:24:03 EDT - Patching cron job scheduled for tag 'conmed-App' at 2026-05-02 04:05 EDT
2026-05-01 14:24:41 EDT - Backup cron job scheduled for tag 'conmed-batch' at 2026-05-02 00:15 EDT
2026-05-01 14:24:41 EDT - Patching cron job scheduled for tag 'conmed-batch' at 2026-05-02 04:15 EDT
2026-05-01 14:25:33 EDT - Backup cron job scheduled for tag 'USP-motors-app' at 2026-05-02 01:30 EDT
2026-05-01 14:25:33 EDT - Patching cron job scheduled for tag 'USP-motors-app' at 2026-05-02 05:30 EDT
2026-05-01 14:26:19 EDT - Backup cron job scheduled for tag 'USP-motors-batch' at 2026-05-02 01:45 EDT
2026-05-01 14:26:19 EDT - Patching cron job scheduled for tag 'USP-motors-batch' at 2026-05-02 05:45 EDT
2026-05-01 14:51:46 EDT - Backup cron job scheduled for tag 'UPS-APAC-App' at 2026-05-02 20:05 EDT
2026-05-01 14:51:47 EDT - Patching cron job scheduled for tag 'UPS-APAC-App' at 2026-05-03 00:05 EDT
2026-05-01 14:52:31 EDT - Backup cron job scheduled for tag 'UPS-APAC-Batch' at 2026-05-02 20:15 EDT
2026-05-01 14:52:31 EDT - Patching cron job scheduled for tag 'UPS-APAC-Batch' at 2026-05-03 00:15 EDT
2026-05-01 14:53:34 EDT - Backup cron job scheduled for tag 'UPS-APACPZN-App' at 2026-05-02 20:45 EDT
2026-05-01 14:53:34 EDT - Patching cron job scheduled for tag 'UPS-APACPZN-App' at 2026-05-03 00:45 EDT
2026-05-01 14:54:16 EDT - Backup cron job scheduled for tag 'UPS-APACPZN-Batch' at 2026-05-02 20:50 EDT
2026-05-01 14:54:16 EDT - Patching cron job scheduled for tag 'UPS-APACPZN-Batch' at 2026-05-03 00:50 EDT
2026-05-01 14:55:10 EDT - Backup cron job scheduled for tag 'Post-Sales-App' at 2026-05-02 21:15 EDT
2026-05-01 14:55:11 EDT - Patching cron job scheduled for tag 'Post-Sales-App' at 2026-05-03 01:15 EDT
2026-05-01 14:56:16 EDT - Backup cron job scheduled for tag 'Post-Sales-Batch' at 2026-05-02 21:45 EDT
2026-05-01 14:56:17 EDT - Patching cron job scheduled for tag 'Post-Sales-Batch' at 2026-05-03 01:45 EDT
2026-05-01 14:57:23 EDT - Backup cron job scheduled for tag 'Suncast-App' at 2026-05-02 21:00 EDT
2026-05-01 14:57:23 EDT - Patching cron job scheduled for tag 'Suncast-App' at 2026-05-03 01:00 EDT
2026-05-01 14:58:01 EDT - Backup cron job scheduled for tag 'suncast-batch' at 2026-05-02 21:10 EDT
2026-05-01 14:58:01 EDT - Patching cron job scheduled for tag 'suncast-batch' at 2026-05-03 01:10 EDT
2026-05-01 14:59:49 EDT - Backup cron job scheduled for tag 'colehaan-app' at 2026-05-02 21:30 EDT
2026-05-01 14:59:49 EDT - Patching cron job scheduled for tag 'colehaan-app' at 2026-05-03 01:30 EDT
2026-05-01 15:00:26 EDT - Backup cron job scheduled for tag 'colehaan-batch' at 2026-05-02 21:45 EDT
2026-05-01 15:00:26 EDT - Patching cron job scheduled for tag 'colehaan-batch' at 2026-05-03 01:45 EDT
2026-05-01 15:01:21 EDT - Backup cron job scheduled for tag 'sears-app' at 2026-05-02 22:05 EDT
2026-05-01 15:01:21 EDT - Patching cron job scheduled for tag 'sears-app' at 2026-05-03 02:05 EDT
2026-05-01 15:02:10 EDT - Backup cron job scheduled for tag 'sears-batch' at 2026-05-02 22:15 EDT
2026-05-01 15:02:10 EDT - Patching cron job scheduled for tag 'sears-batch' at 2026-05-03 02:15 EDT
2026-05-04 12:09:05 EDT - Backup cron job scheduled for tag 'SaddleCreek-Nexcom-App' at 2026-05-04 22:00 EDT
2026-05-04 12:09:06 EDT - Patching cron job scheduled for tag 'SaddleCreek-Nexcom-App' at 2026-05-05 02:00 EDT
2026-05-04 12:10:02 EDT - Backup cron job scheduled for tag 'SaddleCreek-Nexcom-Batch' at 2026-05-04 22:10 EDT
2026-05-04 12:10:02 EDT - Patching cron job scheduled for tag 'SaddleCreek-Nexcom-Batch' at 2026-05-05 02:10 EDT
2026-05-05 13:14:10 EDT - Backup cron job scheduled for tag 'SaddleCreek-App' at 2026-05-05 22:00 EDT
2026-05-05 13:14:10 EDT - Patching cron job scheduled for tag 'SaddleCreek-App' at 2026-05-06 02:00 EDT
2026-05-05 13:15:16 EDT - Backup cron job scheduled for tag 'SaddleCreek-App2' at 2026-05-05 22:05 EDT
2026-05-05 13:15:16 EDT - Patching cron job scheduled for tag 'SaddleCreek-App2' at 2026-05-06 02:05 EDT
2026-05-05 13:16:41 EDT - Backup cron job scheduled for tag 'SaddleCreek-Batch' at 2026-05-05 22:20 EDT
2026-05-05 13:16:41 EDT - Patching cron job scheduled for tag 'SaddleCreek-Batch' at 2026-05-06 02:20 EDT
2026-05-06 12:37:58 EDT - Backup cron job scheduled for tag 'SaddleCreek-Infor-node1' at 2026-05-06 22:00 EDT
2026-05-06 12:37:58 EDT - Patching cron job scheduled for tag 'SaddleCreek-Infor-node1' at 2026-05-07 02:00 EDT
2026-05-06 12:39:03 EDT - Backup cron job scheduled for tag 'SaddleCreek-Infor-node2' at 2026-05-06 22:10 EDT
2026-05-06 12:39:03 EDT - Patching cron job scheduled for tag 'SaddleCreek-Infor-node2' at 2026-05-07 02:10 EDT
2026-05-06 12:39:53 EDT - Backup cron job scheduled for tag 'SaddleCreek-Billing-Prod' at 2026-05-06 22:15 EDT
2026-05-06 12:39:53 EDT - Patching cron job scheduled for tag 'SaddleCreek-Billing-Prod' at 2026-05-07 02:15 EDT
2026-05-06 12:49:18 EDT - Backup cron job scheduled for tag 'Sony-Au-App' at 2026-05-07 01:00 EDT
2026-05-06 12:49:18 EDT - Patching cron job scheduled for tag 'Sony-Au-App' at 2026-05-07 05:00 EDT
2026-05-06 12:50:06 EDT - Backup cron job scheduled for tag 'Sony-Au-Batch' at 2026-05-07 01:10 EDT
2026-05-06 12:50:06 EDT - Patching cron job scheduled for tag 'Sony-Au-Batch' at 2026-05-07 05:10 EDT
2026-05-07 13:26:05 EDT - Backup cron job scheduled for tag 'SaddleCreek-RRS-Batch' at 2026-05-07 23:30 EDT
2026-05-07 13:26:05 EDT - Patching cron job scheduled for tag 'SaddleCreek-RRS-Batch' at 2026-05-08 03:30 EDT
2026-05-07 13:27:32 EDT - Backup cron job scheduled for tag 'SaddleCreek-RRS-App' at 2026-05-07 23:45 EDT
2026-05-07 13:27:32 EDT - Patching cron job scheduled for tag 'SaddleCreek-RRS-App' at 2026-05-08 03:45 EDT
2026-05-08 07:43:26 EDT - Backup cron job scheduled for tag 'gabes-Prod-app' at 2026-05-08 20:05 EDT
2026-05-08 07:43:26 EDT - Patching cron job scheduled for tag 'gabes-Prod-app' at 2026-05-09 00:05 EDT
2026-05-08 07:45:48 EDT - Backup cron job scheduled for tag 'gabes-prod-batch' at 2026-05-08 20:15 EDT
2026-05-08 07:45:48 EDT - Patching cron job scheduled for tag 'gabes-prod-batch' at 2026-05-09 00:15 EDT
2026-05-08 07:48:28 EDT - Backup cron job scheduled for tag 'SaddleCreek-Central-batch' at 2026-05-08 22:00 EDT
2026-05-08 07:48:28 EDT - Patching cron job scheduled for tag 'SaddleCreek-Central-batch' at 2026-05-09 02:00 EDT
2026-05-08 07:49:27 EDT - Backup cron job scheduled for tag 'SaddleCreek-Central-app' at 2026-05-08 22:15 EDT
2026-05-08 07:49:28 EDT - Patching cron job scheduled for tag 'SaddleCreek-Central-app' at 2026-05-09 02:15 EDT
2026-05-08 07:52:08 EDT - Backup cron job scheduled for tag 'DIB-MSQ-App' at 2026-05-08 22:35 EDT
2026-05-08 07:52:09 EDT - Patching cron job scheduled for tag 'DIB-MSQ-App' at 2026-05-09 02:35 EDT
2026-05-08 07:53:02 EDT - Backup cron job scheduled for tag 'DIB-MSQ-Batch' at 2026-05-08 22:45 EDT
2026-05-08 07:53:03 EDT - Patching cron job scheduled for tag 'DIB-MSQ-Batch' at 2026-05-09 02:45 EDT
2026-05-08 07:55:38 EDT - Backup cron job scheduled for tag 'DIB-MTG-App' at 2026-05-08 23:30 EDT
2026-05-08 07:55:38 EDT - Patching cron job scheduled for tag 'DIB-MTG-App' at 2026-05-09 03:30 EDT
2026-05-08 07:56:25 EDT - Backup cron job scheduled for tag 'DIB-MTG-Batch' at 2026-05-08 23:40 EDT
2026-05-08 07:56:25 EDT - Patching cron job scheduled for tag 'DIB-MTG-Batch' at 2026-05-09 03:40 EDT
2026-05-08 07:57:36 EDT - Backup cron job scheduled for tag 'G3-Prod-App' at 2026-05-09 01:30 EDT
2026-05-08 07:57:36 EDT - Patching cron job scheduled for tag 'G3-Prod-App' at 2026-05-09 05:30 EDT
2026-05-08 07:58:13 EDT - Backup cron job scheduled for tag 'G3-Prod-Batch' at 2026-05-09 01:45 EDT
2026-05-08 07:58:13 EDT - Patching cron job scheduled for tag 'G3-Prod-Batch' at 2026-05-09 05:45 EDT
2026-05-08 08:05:55 EDT - Backup cron job scheduled for tag 'UPS-Philips-App' at 2026-05-09 20:05 EDT
2026-05-08 08:05:55 EDT - Patching cron job scheduled for tag 'UPS-Philips-App' at 2026-05-10 00:05 EDT
2026-05-08 08:07:16 EDT - Backup cron job scheduled for tag 'UPS-Philips-Batch' at 2026-05-09 20:15 EDT
2026-05-08 08:07:16 EDT - Patching cron job scheduled for tag 'UPS-Philips-Batch' at 2026-05-10 00:15 EDT
2026-05-08 09:44:16 EDT - Backup cron job scheduled for tag 'Hofarm-Prod' at 2026-05-09 20:35 EDT
2026-05-08 09:44:16 EDT - Patching cron job scheduled for tag 'Hofarm-Prod' at 2026-05-10 00:35 EDT
2026-05-08 09:53:38 EDT - Backup cron job scheduled for tag 'UPS-Pilot-Batch' at 2026-05-09 21:05 EDT
2026-05-08 09:53:38 EDT - Patching cron job scheduled for tag 'UPS-Pilot-Batch' at 2026-05-10 01:05 EDT
2026-05-08 09:54:30 EDT - Backup cron job scheduled for tag 'UPS-Pilot-App' at 2026-05-09 21:10 EDT
2026-05-08 09:54:30 EDT - Patching cron job scheduled for tag 'UPS-Pilot-App' at 2026-05-10 01:10 EDT
2026-05-08 09:57:04 EDT - Backup cron job scheduled for tag 'UPS-Swarovski-app' at 2026-05-09 21:30 EDT
2026-05-08 09:57:04 EDT - Patching cron job scheduled for tag 'UPS-Swarovski-app' at 2026-05-10 01:30 EDT
2026-05-08 09:57:55 EDT - Backup cron job scheduled for tag 'UPS-Swarovski-Batch' at 2026-05-09 21:40 EDT
2026-05-08 09:57:55 EDT - Patching cron job scheduled for tag 'UPS-Swarovski-Batch' at 2026-05-10 01:40 EDT
2026-05-08 09:59:03 EDT - Backup cron job scheduled for tag 'SaddleCreek-SCLS-App1' at 2026-05-09 22:05 EDT
2026-05-08 09:59:04 EDT - Patching cron job scheduled for tag 'SaddleCreek-SCLS-App1' at 2026-05-10 02:05 EDT
2026-05-08 09:59:53 EDT - Backup cron job scheduled for tag 'SaddleCreek-SCLS-App2' at 2026-05-09 22:10 EDT
2026-05-08 09:59:53 EDT - Patching cron job scheduled for tag 'SaddleCreek-SCLS-App2' at 2026-05-10 02:10 EDT
2026-05-08 10:00:42 EDT - Backup cron job scheduled for tag 'SaddleCreek-SCLS-Batch' at 2026-05-09 22:20 EDT
2026-05-08 10:00:42 EDT - Patching cron job scheduled for tag 'SaddleCreek-SCLS-Batch' at 2026-05-10 02:20 EDT
2026-05-08 10:01:56 EDT - Backup cron job scheduled for tag 'Midea-Prod-App' at 2026-05-10 02:00 EDT
2026-05-08 10:01:56 EDT - Patching cron job scheduled for tag 'Midea-Prod-App' at 2026-05-10 06:00 EDT
2026-05-08 10:03:19 EDT - Backup cron job scheduled for tag 'Midea-Prod-Batch' at 2026-05-10 02:15 EDT
2026-05-08 10:03:19 EDT - Patching cron job scheduled for tag 'Midea-Prod-Batch' at 2026-05-10 06:15 EDT
2026-05-14 21:30:08 EDT - Backup cron job scheduled for tag 'UPSHC-QA-App1' at 2026-05-14 21:35 EDT
2026-05-14 21:30:08 EDT - Patching cron job scheduled for tag 'UPSHC-QA-App1' at 2026-05-15 00:05 EDT
2026-05-14 21:31:57 EDT - Backup cron job scheduled for tag 'UPSHC-QA-Batch1' at 2026-05-14 21:36 EDT
2026-05-14 21:31:57 EDT - Patching cron job scheduled for tag 'UPSHC-QA-Batch1' at 2026-05-15 00:15 EDT
2026-05-14 21:33:59 EDT - Backup cron job scheduled for tag 'UPSHC-QA-App2' at 2026-05-14 21:38 EDT
2026-05-14 21:33:59 EDT - Patching cron job scheduled for tag 'UPSHC-QA-App2' at 2026-05-15 00:30 EDT
2026-05-14 21:35:59 EDT - Backup cron job scheduled for tag 'UPSHC-QA-Batch-2' at 2026-05-14 21:40 EDT
2026-05-14 21:35:59 EDT - Patching cron job scheduled for tag 'UPSHC-QA-Batch-2' at 2026-05-15 00:40 EDT
2026-05-14 21:37:41 EDT - Backup cron job scheduled for tag 'UPSHC-VAC-QA' at 2026-05-14 21:42 EDT
2026-05-14 21:37:41 EDT - Patching cron job scheduled for tag 'UPSHC-VAC-QA' at 2026-05-15 00:50 EDT
2026-05-14 22:13:24 EDT - Backup cron job scheduled for tag 'UPSHC-VAC-QA' at 2026-05-14 22:18 EDT
2026-05-14 22:13:24 EDT - Patching cron job scheduled for tag 'UPSHC-VAC-QA' at 2026-05-15 00:40 EDT
2026-05-15 06:42:13 EDT - Backup cron job scheduled for tag 'DIB-DXN-Production-App' at 2026-05-15 22:30 EDT
2026-05-15 06:42:13 EDT - Patching cron job scheduled for tag 'DIB-DXN-Production-App' at 2026-05-16 02:30 EDT
2026-05-15 06:42:53 EDT - Backup cron job scheduled for tag 'DIB-DXN-Production-Batch' at 2026-05-15 22:35 EDT
2026-05-15 06:42:53 EDT - Patching cron job scheduled for tag 'DIB-DXN-Production-Batch' at 2026-05-16 02:35 EDT
2026-05-15 06:43:53 EDT - Backup cron job scheduled for tag 'DIB-MDN-Production-app' at 2026-05-15 23:30 EDT
2026-05-15 06:43:53 EDT - Patching cron job scheduled for tag 'DIB-MDN-Production-app' at 2026-05-16 03:30 EDT
2026-05-15 06:44:31 EDT - Backup cron job scheduled for tag 'DIB-MDN-Production-Batch' at 2026-05-15 23:35 EDT
2026-05-15 06:44:31 EDT - Patching cron job scheduled for tag 'DIB-MDN-Production-Batch' at 2026-05-16 03:35 EDT
2026-05-16 02:19:00 EDT - Backup cron job scheduled for tag 'UPS-Birkenstock-App' at 2026-05-16 20:01 EDT
2026-05-16 02:19:00 EDT - Patching cron job scheduled for tag 'UPS-Birkenstock-App' at 2026-05-17 00:01 EDT
2026-05-16 02:19:51 EDT - Backup cron job scheduled for tag 'UPS-Birkenstock-Batch' at 2026-05-16 20:10 EDT
2026-05-16 02:19:51 EDT - Patching cron job scheduled for tag 'UPS-Birkenstock-Batch' at 2026-05-17 00:10 EDT
2026-05-16 02:21:00 EDT - Backup cron job scheduled for tag 'UPS-WES' at 2026-05-16 20:20 EDT
2026-05-16 02:21:00 EDT - Patching cron job scheduled for tag 'UPS-WES' at 2026-05-17 00:20 EDT
2026-05-16 02:22:18 EDT - Backup cron job scheduled for tag 'Deonso-DMTN-App' at 2026-05-16 20:30 EDT
2026-05-16 02:22:18 EDT - Patching cron job scheduled for tag 'Deonso-DMTN-App' at 2026-05-17 00:30 EDT
2026-05-16 02:23:52 EDT - Backup cron job scheduled for tag 'Denso-DMTN-Batch' at 2026-05-16 20:40 EDT
2026-05-16 02:23:52 EDT - Patching cron job scheduled for tag 'Denso-DMTN-Batch' at 2026-05-17 00:40 EDT
2026-05-16 02:25:31 EDT - Backup cron job scheduled for tag 'UPS-PZN-API-1' at 2026-05-16 21:00 EDT
2026-05-16 02:25:31 EDT - Patching cron job scheduled for tag 'UPS-PZN-API-1' at 2026-05-17 01:00 EDT
2026-05-16 02:26:39 EDT - Backup cron job scheduled for tag 'UPS-PZN-API-2' at 2026-05-16 21:10 EDT
2026-05-16 02:26:39 EDT - Patching cron job scheduled for tag 'UPS-PZN-API-2' at 2026-05-17 01:10 EDT
2026-05-16 02:27:36 EDT - Backup cron job scheduled for tag 'UPS-PZN-DOMS-1' at 2026-05-16 21:15 EDT
2026-05-16 02:27:36 EDT - Patching cron job scheduled for tag 'UPS-PZN-DOMS-1' at 2026-05-17 01:15 EDT
2026-05-16 02:28:20 EDT - Backup cron job scheduled for tag 'UPS-PZN-DOMS-2' at 2026-05-16 21:20 EDT
2026-05-16 02:28:20 EDT - Patching cron job scheduled for tag 'UPS-PZN-DOMS-2' at 2026-05-17 01:20 EDT
2026-05-16 02:29:21 EDT - Backup cron job scheduled for tag 'Denso-NA-App' at 2026-05-16 21:30 EDT
2026-05-16 02:29:22 EDT - Patching cron job scheduled for tag 'Denso-NA-App' at 2026-05-17 01:30 EDT
2026-05-16 02:30:24 EDT - Backup cron job scheduled for tag 'Denso-NA-Batch' at 2026-05-16 21:35 EDT
2026-05-16 02:30:24 EDT - Patching cron job scheduled for tag 'Denso-NA-Batch' at 2026-05-17 01:35 EDT
2026-05-16 02:33:00 EDT - Backup cron job scheduled for tag 'ups-PZN-App1' at 2026-05-16 21:40 EDT
2026-05-16 02:33:00 EDT - Patching cron job scheduled for tag 'ups-PZN-App1' at 2026-05-17 01:40 EDT
2026-05-16 02:34:04 EDT - Backup cron job scheduled for tag 'ups-pzn-app-2' at 2026-05-16 22:00 EDT
2026-05-16 02:34:04 EDT - Patching cron job scheduled for tag 'ups-pzn-app-2' at 2026-05-17 02:00 EDT
2026-05-16 02:35:31 EDT - Backup cron job scheduled for tag 'ups-pzn-app-3' at 2026-05-16 22:10 EDT
2026-05-16 02:35:31 EDT - Patching cron job scheduled for tag 'ups-pzn-app-3' at 2026-05-17 02:10 EDT
2026-05-16 02:36:23 EDT - Backup cron job scheduled for tag 'ups-pzn-app-4' at 2026-05-16 22:20 EDT
2026-05-16 02:36:23 EDT - Patching cron job scheduled for tag 'ups-pzn-app-4' at 2026-05-17 02:20 EDT
2026-05-16 02:38:41 EDT - Backup cron job scheduled for tag 'ups-pzn-batch' at 2026-05-16 22:30 EDT
2026-05-16 02:38:42 EDT - Patching cron job scheduled for tag 'ups-pzn-batch' at 2026-05-17 02:30 EDT
2026-05-16 02:40:28 EDT - Backup cron job scheduled for tag 'ups-pzn-graylog' at 2026-05-16 23:00 EDT
2026-05-16 02:40:28 EDT - Patching cron job scheduled for tag 'ups-pzn-graylog' at 2026-05-17 03:00 EDT
2026-05-18 21:41:16 EDT - Backup cron job scheduled for tag 'UPSHC-EU-UAT' at 2026-05-18 21:46 EDT
2026-05-18 21:41:16 EDT - Patching cron job scheduled for tag 'UPSHC-EU-UAT' at 2026-05-19 00:05 EDT
2026-05-18 21:42:04 EDT - Backup cron job scheduled for tag 'UPSHC-Prod-Stage' at 2026-05-18 21:47 EDT
2026-05-18 21:42:04 EDT - Patching cron job scheduled for tag 'UPSHC-Prod-Stage' at 2026-05-19 00:10 EDT
2026-05-18 21:43:33 EDT - Backup cron job scheduled for tag 'UPSHC-UAT-App' at 2026-05-18 21:48 EDT
2026-05-18 21:43:34 EDT - Patching cron job scheduled for tag 'UPSHC-UAT-App' at 2026-05-19 00:20 EDT
2026-05-18 21:44:54 EDT - Backup cron job scheduled for tag 'UPSHC-UAT-Batch' at 2026-05-18 21:49 EDT
2026-05-18 21:44:55 EDT - Patching cron job scheduled for tag 'UPSHC-UAT-Batch' at 2026-05-19 00:30 EDT
2026-05-18 21:45:42 EDT - Backup cron job scheduled for tag 'UPSHC-VAC-Stage' at 2026-05-18 21:50 EDT
2026-05-18 21:45:42 EDT - Patching cron job scheduled for tag 'UPSHC-VAC-Stage' at 2026-05-19 00:40 EDT
2026-05-22 17:11:53 EDT - Backup cron job scheduled for tag 'DIB-SIK-App' at 2026-05-22 22:30 EDT
2026-05-22 17:11:54 EDT - Patching cron job scheduled for tag 'DIB-SIK-App' at 2026-05-23 02:30 EDT
2026-05-22 17:12:36 EDT - Backup cron job scheduled for tag 'DIB-SIK-Batch' at 2026-05-22 22:35 EDT
2026-05-22 17:12:36 EDT - Patching cron job scheduled for tag 'DIB-SIK-Batch' at 2026-05-23 02:35 EDT
2026-05-22 17:13:31 EDT - Backup cron job scheduled for tag 'DIB-WCO-App' at 2026-05-22 23:30 EDT
2026-05-22 17:13:31 EDT - Patching cron job scheduled for tag 'DIB-WCO-App' at 2026-05-23 03:30 EDT
2026-05-22 17:14:17 EDT - Backup cron job scheduled for tag 'DIB-WCO-Batch' at 2026-05-22 23:40 EDT
2026-05-22 17:14:17 EDT - Patching cron job scheduled for tag 'DIB-WCO-Batch' at 2026-05-23 03:40 EDT
2026-05-22 17:19:51 EDT - Backup cron job scheduled for tag 'UPSHC-EU-Prod-App' at 2026-05-23 18:00 EDT
2026-05-22 17:19:51 EDT - Patching cron job scheduled for tag 'UPSHC-EU-Prod-App' at 2026-05-23 22:00 EDT
2026-05-22 17:20:36 EDT - Backup cron job scheduled for tag 'UPSHC-EU-Prod-Batch' at 2026-05-23 18:10 EDT
2026-05-22 17:20:36 EDT - Patching cron job scheduled for tag 'UPSHC-EU-Prod-Batch' at 2026-05-23 22:10 EDT
2026-05-22 17:21:31 EDT - Backup cron job scheduled for tag 'UPSHC-Prod-App' at 2026-05-23 18:15 EDT
2026-05-22 17:21:31 EDT - Patching cron job scheduled for tag 'UPSHC-Prod-App' at 2026-05-23 22:15 EDT
2026-05-22 17:22:35 EDT - Backup cron job scheduled for tag 'UPSHC-Prod-Batch' at 2026-05-23 18:30 EDT
2026-05-22 17:22:35 EDT - Patching cron job scheduled for tag 'UPSHC-Prod-Batch' at 2026-05-23 22:30 EDT
2026-05-22 17:23:31 EDT - Backup cron job scheduled for tag 'UPSHC-Wes-Prod' at 2026-05-23 18:40 EDT
2026-05-22 17:23:31 EDT - Patching cron job scheduled for tag 'UPSHC-Wes-Prod' at 2026-05-23 22:40 EDT
2026-05-22 17:25:05 EDT - Backup cron job scheduled for tag 'UPSHC-Validation' at 2026-05-23 18:50 EDT
2026-05-22 17:25:05 EDT - Patching cron job scheduled for tag 'UPSHC-Validation' at 2026-05-23 22:50 EDT
2026-05-22 17:40:23 EDT - Backup cron job scheduled for tag 'NSI-PRod-App' at 2026-05-23 22:00 EDT
2026-05-22 17:40:23 EDT - Patching cron job scheduled for tag 'NSI-PRod-App' at 2026-05-24 02:00 EDT
2026-05-22 17:40:57 EDT - Backup cron job scheduled for tag 'NSI-Prod-Batch' at 2026-05-23 22:15 EDT
2026-05-22 17:40:58 EDT - Patching cron job scheduled for tag 'NSI-Prod-Batch' at 2026-05-24 02:15 EDT
2026-05-22 17:41:44 EDT - Backup cron job scheduled for tag 'denso-DMMI-App' at 2026-05-23 23:30 EDT
2026-05-22 17:41:44 EDT - Patching cron job scheduled for tag 'denso-DMMI-App' at 2026-05-24 03:30 EDT
2026-05-22 17:42:36 EDT - Backup cron job scheduled for tag 'Denso-DMMI-Batch' at 2026-05-23 23:45 EDT
2026-05-22 17:42:36 EDT - Patching cron job scheduled for tag 'Denso-DMMI-Batch' at 2026-05-24 03:45 EDT
2026-05-22 17:43:38 EDT - Backup cron job scheduled for tag 'durodyne-App' at 2026-05-24 01:30 EDT
2026-05-22 17:43:38 EDT - Patching cron job scheduled for tag 'durodyne-App' at 2026-05-24 05:30 EDT
2026-05-22 17:44:13 EDT - Backup cron job scheduled for tag 'Durodyne-Batch' at 2026-05-24 01:45 EDT
2026-05-22 17:44:13 EDT - Patching cron job scheduled for tag 'Durodyne-Batch' at 2026-05-24 05:45 EDT
2026-05-22 17:47:43 EDT - Backup cron job scheduled for tag 'Incomm-WMS-App' at 2026-05-24 03:00 EDT
2026-05-22 17:47:43 EDT - Patching cron job scheduled for tag 'Incomm-WMS-App' at 2026-05-24 07:00 EDT
2026-05-22 17:48:19 EDT - Backup cron job scheduled for tag 'Incomm-Batch' at 2026-05-24 03:15 EDT
2026-05-22 17:48:19 EDT - Patching cron job scheduled for tag 'Incomm-Batch' at 2026-05-24 07:15 EDT
2026-05-29 12:42:35 EDT - Backup cron job scheduled for tag 'UMG-OMS-US-prod-app' at 2026-05-29 20:15 EDT
2026-05-29 12:42:35 EDT - Patching cron job scheduled for tag 'UMG-OMS-US-prod-app' at 2026-05-30 00:15 EDT
2026-05-29 12:43:42 EDT - Backup cron job scheduled for tag 'UMG-OMS-US-prod-batch' at 2026-05-29 20:20 EDT
2026-05-29 12:43:42 EDT - Patching cron job scheduled for tag 'UMG-OMS-US-prod-batch' at 2026-05-30 00:20 EDT
2026-05-29 12:45:37 EDT - Backup cron job scheduled for tag 'pss-prod-app' at 2026-05-29 21:40 EDT
2026-05-29 12:45:37 EDT - Patching cron job scheduled for tag 'pss-prod-app' at 2026-05-30 01:40 EDT
2026-05-29 12:47:00 EDT - Backup cron job scheduled for tag 'pss-prod-batch' at 2026-05-29 21:45 EDT
2026-05-29 12:47:00 EDT - Patching cron job scheduled for tag 'pss-prod-batch' at 2026-05-30 01:45 EDT
2026-05-29 12:48:06 EDT - Backup cron job scheduled for tag 'ScootersCoffee-prod-app' at 2026-05-30 03:00 EDT
2026-05-29 12:48:06 EDT - Patching cron job scheduled for tag 'ScootersCoffee-prod-app' at 2026-05-30 07:00 EDT
2026-05-29 12:50:41 EDT - Backup cron job scheduled for tag 'ScootersCoffee-prod-batch' at 2026-05-30 03:05 EDT
2026-05-29 12:50:41 EDT - Patching cron job scheduled for tag 'ScootersCoffee-prod-batch' at 2026-05-30 07:05 EDT
2026-05-29 13:46:19 EDT - Backup cron job scheduled for tag 'CaseysANK-prod-app' at 2026-05-30 00:30 EDT
2026-05-29 13:46:19 EDT - Patching cron job scheduled for tag 'CaseysANK-prod-app' at 2026-05-30 04:30 EDT
2026-05-29 13:48:14 EDT - Backup cron job scheduled for tag 'CaseysANK-prod-batch' at 2026-05-30 00:35 EDT
2026-05-29 13:48:15 EDT - Patching cron job scheduled for tag 'CaseysANK-prod-batch' at 2026-05-30 04:35 EDT
2026-05-29 13:51:20 EDT - Backup cron job scheduled for tag 'CaseysJOP-prod-app' at 2026-05-30 02:00 EDT
2026-05-29 13:51:20 EDT - Patching cron job scheduled for tag 'CaseysJOP-prod-app' at 2026-05-30 06:00 EDT
2026-05-29 13:53:48 EDT - Backup cron job scheduled for tag 'CaseysJOP-prod-batch' at 2026-05-30 02:05 EDT
2026-05-29 13:53:49 EDT - Patching cron job scheduled for tag 'CaseysJOP-prod-batch' at 2026-05-30 06:05 EDT
2026-05-29 13:55:04 EDT - Backup cron job scheduled for tag 'CaseysTHT-prod-app' at 2026-05-30 05:00 EDT
2026-05-29 13:55:04 EDT - Patching cron job scheduled for tag 'CaseysTHT-prod-app' at 2026-05-30 09:00 EDT
2026-05-29 13:55:53 EDT - Backup cron job scheduled for tag 'CaseysTHT-prod-batch' at 2026-05-30 05:10 EDT
2026-05-29 13:55:53 EDT - Patching cron job scheduled for tag 'CaseysTHT-prod-batch' at 2026-05-30 09:10 EDT
2026-05-30 15:07:42 EDT - Backup cron job scheduled for tag 'UMGOMS-EU-prod-app' at 2026-05-30 20:15 EDT
2026-05-30 15:07:42 EDT - Patching cron job scheduled for tag 'UMGOMS-EU-prod-app' at 2026-05-31 00:15 EDT
2026-05-30 15:08:50 EDT - Backup cron job scheduled for tag 'UMGOMS-EU-prod-Batch' at 2026-05-30 20:20 EDT
2026-05-30 15:08:50 EDT - Patching cron job scheduled for tag 'UMGOMS-EU-prod-Batch' at 2026-05-31 00:20 EDT
2026-05-30 15:10:09 EDT - Backup cron job scheduled for tag 'PTS-PROD-APP' at 2026-05-30 21:15 EDT
2026-05-30 15:10:09 EDT - Patching cron job scheduled for tag 'PTS-PROD-APP' at 2026-05-31 01:15 EDT
2026-05-30 15:11:49 EDT - Backup cron job scheduled for tag 'its-prod-app' at 2026-05-30 22:00 EDT
2026-05-30 15:11:49 EDT - Patching cron job scheduled for tag 'its-prod-app' at 2026-05-31 02:00 EDT
2026-05-30 15:12:49 EDT - Backup cron job scheduled for tag 'its-prod-batch' at 2026-05-30 22:05 EDT
2026-05-30 15:12:50 EDT - Patching cron job scheduled for tag 'its-prod-batch' at 2026-05-31 02:05 EDT
2026-06-05 10:18:40 EDT - Backup cron job scheduled for tag 'Hilco-Production-App' at 2026-06-05 22:00 EDT
2026-06-05 10:18:40 EDT - Patching cron job scheduled for tag 'Hilco-Production-App' at 2026-06-06 02:00 EDT
2026-06-05 10:19:26 EDT - Backup cron job scheduled for tag 'Hilco-Production-batch' at 2026-06-05 22:05 EDT
2026-06-05 10:19:26 EDT - Patching cron job scheduled for tag 'Hilco-Production-batch' at 2026-06-06 02:05 EDT
2026-06-05 10:20:55 EDT - Backup cron job scheduled for tag 'SOS-Production-App' at 2026-06-06 01:30 EDT
2026-06-05 10:20:55 EDT - Patching cron job scheduled for tag 'SOS-Production-App' at 2026-06-06 05:30 EDT
2026-06-05 10:21:36 EDT - Backup cron job scheduled for tag 'SOS-Production-batch' at 2026-06-06 01:35 EDT
2026-06-05 10:21:36 EDT - Patching cron job scheduled for tag 'SOS-Production-batch' at 2026-06-06 05:35 EDT
2026-06-05 10:26:08 EDT - Backup cron job scheduled for tag 'Technicolor-prod-batch2' at 2026-06-05 23:12 EDT
2026-06-05 10:26:08 EDT - Patching cron job scheduled for tag 'Technicolor-prod-batch2' at 2026-06-06 03:12 EDT
2026-06-06 09:08:22 EDT - Backup cron job scheduled for tag 'jas-EMEA-prod-app' at 2026-06-06 20:05 EDT
2026-06-06 09:08:22 EDT - Patching cron job scheduled for tag 'jas-EMEA-prod-app' at 2026-06-07 00:05 EDT
2026-06-06 09:09:20 EDT - Backup cron job scheduled for tag 'jas-EMEA-prod-batch' at 2026-06-06 20:08 EDT
2026-06-06 09:09:20 EDT - Patching cron job scheduled for tag 'jas-EMEA-prod-batch' at 2026-06-07 00:08 EDT
2026-06-06 09:10:12 EDT - Backup cron job scheduled for tag 'jas-prod-app' at 2026-06-06 20:10 EDT
2026-06-06 09:10:12 EDT - Patching cron job scheduled for tag 'jas-prod-app' at 2026-06-07 00:10 EDT
2026-06-06 09:10:53 EDT - Backup cron job scheduled for tag 'jas-prod-batchapp' at 2026-06-06 20:12 EDT
2026-06-06 09:10:53 EDT - Patching cron job scheduled for tag 'jas-prod-batchapp' at 2026-06-07 00:12 EDT
2026-06-06 09:11:46 EDT - Backup cron job scheduled for tag 'jas-prod-252-app' at 2026-06-06 20:15 EDT
2026-06-06 09:11:46 EDT - Patching cron job scheduled for tag 'jas-prod-252-app' at 2026-06-07 00:15 EDT
2026-06-06 09:12:19 EDT - Backup cron job scheduled for tag 'jas-prod-252-batch' at 2026-06-06 20:18 EDT
2026-06-06 09:12:19 EDT - Patching cron job scheduled for tag 'jas-prod-252-batch' at 2026-06-07 00:18 EDT
2026-06-06 09:13:15 EDT - Backup cron job scheduled for tag 'jas-pre-prod' at 2026-06-06 20:20 EDT
2026-06-06 09:13:15 EDT - Patching cron job scheduled for tag 'jas-pre-prod' at 2026-06-07 00:20 EDT
2026-06-06 09:14:06 EDT - Backup cron job scheduled for tag 'Vantiva-wms-prod-app' at 2026-06-06 22:00 EDT
2026-06-06 09:14:06 EDT - Patching cron job scheduled for tag 'Vantiva-wms-prod-app' at 2026-06-07 02:00 EDT
2026-06-06 09:14:58 EDT - Backup cron job scheduled for tag 'Vantiva-wms-prod-batch' at 2026-06-06 22:05 EDT
2026-06-06 09:14:58 EDT - Patching cron job scheduled for tag 'Vantiva-wms-prod-batch' at 2026-06-07 02:05 EDT
2026-06-06 09:15:59 EDT - Backup cron job scheduled for tag 'Vantiva-doms-prod-app' at 2026-06-06 22:10 EDT
2026-06-06 09:16:00 EDT - Patching cron job scheduled for tag 'Vantiva-doms-prod-app' at 2026-06-07 02:10 EDT
2026-06-06 09:16:43 EDT - Backup cron job scheduled for tag 'Vantiva-doms-prod-batch' at 2026-06-06 22:15 EDT
2026-06-06 09:16:43 EDT - Patching cron job scheduled for tag 'Vantiva-doms-prod-batch' at 2026-06-07 02:15 EDT
2026-06-12 15:21:36 EDT - Backup cron job scheduled for tag 'Hayes-Production-App' at 2026-06-12 20:05 EDT
2026-06-12 15:21:36 EDT - Patching cron job scheduled for tag 'Hayes-Production-App' at 2026-06-13 00:05 EDT
2026-06-12 15:22:33 EDT - Backup cron job scheduled for tag 'Hayes-Production-Batch' at 2026-06-12 20:10 EDT
2026-06-12 15:22:33 EDT - Patching cron job scheduled for tag 'Hayes-Production-Batch' at 2026-06-13 00:10 EDT
2026-06-12 15:28:10 EDT - Backup cron job scheduled for tag 'OIA-Production-App' at 2026-06-12 20:15 EDT
2026-06-12 15:28:11 EDT - Patching cron job scheduled for tag 'OIA-Production-App' at 2026-06-13 00:15 EDT
2026-06-12 15:36:45 EDT - Backup cron job scheduled for tag 'OIA-Production-App' at 2026-06-12 20:15 EDT
2026-06-12 15:36:45 EDT - Patching cron job scheduled for tag 'OIA-Production-App' at 2026-06-13 00:15 EDT
2026-06-12 15:39:08 EDT - Backup cron job scheduled for tag 'Allen-Production-new-app' at 2026-06-13 01:30 EDT
2026-06-12 15:39:08 EDT - Patching cron job scheduled for tag 'Allen-Production-new-app' at 2026-06-13 05:30 EDT
2026-06-12 15:40:07 EDT - Backup cron job scheduled for tag 'Allen-Production-new-batch' at 2026-06-13 01:35 EDT
2026-06-12 15:40:07 EDT - Patching cron job scheduled for tag 'Allen-Production-new-batch' at 2026-06-13 05:35 EDT
2026-06-12 15:56:48 EDT - Backup cron job scheduled for tag 'Hensley-Prod-App1' at 2026-06-13 20:05 EDT
2026-06-12 15:56:49 EDT - Patching cron job scheduled for tag 'Hensley-Prod-App1' at 2026-06-14 00:05 EDT
2026-06-12 15:57:54 EDT - Backup cron job scheduled for tag 'Hensley-Prod-App2' at 2026-06-13 20:10 EDT
2026-06-12 15:57:54 EDT - Patching cron job scheduled for tag 'Hensley-Prod-App2' at 2026-06-14 00:10 EDT
2026-06-12 15:58:32 EDT - Backup cron job scheduled for tag 'Hensly-Prod-Batch' at 2026-06-13 20:20 EDT
2026-06-12 15:58:32 EDT - Patching cron job scheduled for tag 'Hensly-Prod-Batch' at 2026-06-14 00:20 EDT
2026-06-12 15:59:24 EDT - Backup cron job scheduled for tag 'Ceva-Prod' at 2026-06-13 22:00 EDT
2026-06-12 15:59:24 EDT - Patching cron job scheduled for tag 'Ceva-Prod' at 2026-06-14 02:00 EDT
2026-06-12 16:03:06 EDT - Backup cron job scheduled for tag 'Transumg-Prod-App' at 2026-06-14 01:30 EDT
2026-06-12 16:03:06 EDT - Patching cron job scheduled for tag 'Transumg-Prod-App' at 2026-06-14 05:30 EDT
2026-06-12 16:03:49 EDT - Backup cron job scheduled for tag 'Transumg-Prod-Batch' at 2026-06-14 01:40 EDT
2026-06-12 16:03:49 EDT - Patching cron job scheduled for tag 'Transumg-Prod-Batch' at 2026-06-14 05:40 EDT
2026-06-19 11:11:10 EDT - Backup cron job scheduled for tag 'FirstQuality-App' at 2026-06-19 21:00 EDT
2026-06-19 11:11:10 EDT - Patching cron job scheduled for tag 'FirstQuality-App' at 2026-06-20 01:00 EDT
2026-06-19 11:11:49 EDT - Backup cron job scheduled for tag 'FirstQuality-Batch' at 2026-06-19 21:10 EDT
2026-06-19 11:11:49 EDT - Patching cron job scheduled for tag 'FirstQuality-Batch' at 2026-06-20 01:10 EDT
2026-06-19 11:12:57 EDT - Backup cron job scheduled for tag 'Whitecap-App' at 2026-06-19 21:15 EDT
2026-06-19 11:12:57 EDT - Patching cron job scheduled for tag 'Whitecap-App' at 2026-06-20 01:15 EDT
2026-06-19 11:13:40 EDT - Backup cron job scheduled for tag 'Whitecap-Batch' at 2026-06-19 21:20 EDT
2026-06-19 11:13:40 EDT - Patching cron job scheduled for tag 'Whitecap-Batch' at 2026-06-20 01:20 EDT
2026-06-19 11:14:49 EDT - Backup cron job scheduled for tag 'DIB-Lex-APP' at 2026-06-19 23:30 EDT
2026-06-19 11:14:49 EDT - Patching cron job scheduled for tag 'DIB-Lex-APP' at 2026-06-20 03:30 EDT
2026-06-19 11:16:39 EDT - Backup cron job scheduled for tag 'DIB-Lex-Batch' at 2026-06-19 23:35 EDT
2026-06-19 11:16:39 EDT - Patching cron job scheduled for tag 'DIB-Lex-Batch' at 2026-06-20 03:35 EDT
2026-06-19 11:17:40 EDT - Backup cron job scheduled for tag 'DIB-WBN-App' at 2026-06-20 00:30 EDT
2026-06-19 11:17:40 EDT - Patching cron job scheduled for tag 'DIB-WBN-App' at 2026-06-20 04:30 EDT
2026-06-19 11:18:29 EDT - Backup cron job scheduled for tag 'DIB-WBN-Batch' at 2026-06-20 00:35 EDT
2026-06-19 11:18:29 EDT - Patching cron job scheduled for tag 'DIB-WBN-Batch' at 2026-06-20 04:35 EDT
2026-06-19 11:19:47 EDT - Backup cron job scheduled for tag 'TIG-APP' at 2026-06-20 21:00 EDT
2026-06-19 11:19:48 EDT - Patching cron job scheduled for tag 'TIG-APP' at 2026-06-21 01:00 EDT
2026-06-19 11:20:28 EDT - Backup cron job scheduled for tag 'TIG-Batch' at 2026-06-20 21:05 EDT
2026-06-19 11:20:29 EDT - Patching cron job scheduled for tag 'TIG-Batch' at 2026-06-21 01:05 EDT
2026-06-19 11:23:25 EDT - Backup cron job scheduled for tag 'Rxo-App' at 2026-06-21 00:05 EDT
2026-06-19 11:23:25 EDT - Patching cron job scheduled for tag 'Rxo-App' at 2026-06-21 04:05 EDT
2026-06-19 11:24:01 EDT - Backup cron job scheduled for tag 'RXO-Batch' at 2026-06-21 00:10 EDT
2026-06-19 11:24:02 EDT - Patching cron job scheduled for tag 'RXO-Batch' at 2026-06-21 04:10 EDT
2026-06-19 11:25:04 EDT - Backup cron job scheduled for tag 'Curology-App' at 2026-06-21 01:30 EDT
2026-06-19 11:25:04 EDT - Patching cron job scheduled for tag 'Curology-App' at 2026-06-21 05:30 EDT
2026-06-19 11:26:15 EDT - Backup cron job scheduled for tag 'Curology-Batch' at 2026-06-21 01:40 EDT
2026-06-19 11:26:15 EDT - Patching cron job scheduled for tag 'Curology-Batch' at 2026-06-21 05:40 EDT
2026-06-23 23:29:53 EDT - Backup cron job scheduled for tag 'StandardFiber-App' at 2026-06-27 20:05 EDT
2026-06-23 23:29:53 EDT - Patching cron job scheduled for tag 'StandardFiber-App' at 2026-06-28 00:05 EDT
2026-06-23 23:30:49 EDT - Backup cron job scheduled for tag 'StandardFiber-Batch' at 2026-06-27 20:15 EDT
2026-06-23 23:30:49 EDT - Patching cron job scheduled for tag 'StandardFiber-Batch' at 2026-06-28 00:15 EDT
2026-06-27 03:29:10 EDT - Backup cron job scheduled for tag 'StandardFiber-prod-app' at 2026-06-27 20:05 EDT
2026-06-27 03:29:11 EDT - Patching cron job scheduled for tag 'StandardFiber-prod-app' at 2026-06-28 00:05 EDT
2026-06-27 03:29:44 EDT - Backup cron job scheduled for tag 'StandardFiber-prod-batchapp' at 2026-06-27 20:10 EDT
2026-06-27 03:29:44 EDT - Patching cron job scheduled for tag 'StandardFiber-prod-batchapp' at 2026-06-28 00:10 EDT
2026-06-30 14:44:36 EDT - Backup cron job scheduled for tag 'JAS-UAT' at 2026-06-30 20:05 EDT
2026-06-30 14:44:37 EDT - Patching cron job scheduled for tag 'JAS-UAT' at 2026-07-01 00:05 EDT
2026-06-30 14:46:10 EDT - Backup cron job scheduled for tag 'ACT-UAT' at 2026-06-30 21:05 EDT
2026-06-30 14:46:10 EDT - Patching cron job scheduled for tag 'ACT-UAT' at 2026-07-01 01:05 EDT
2026-06-30 14:51:03 EDT - Backup cron job scheduled for tag 'Allen-UAT1' at 2026-06-30 22:00 EDT
2026-06-30 14:51:03 EDT - Patching cron job scheduled for tag 'Allen-UAT1' at 2026-07-01 02:00 EDT
2026-06-30 14:52:04 EDT - Backup cron job scheduled for tag 'Allen-UAT2' at 2026-06-30 22:10 EDT
2026-06-30 14:52:04 EDT - Patching cron job scheduled for tag 'Allen-UAT2' at 2026-07-01 02:10 EDT
2026-06-30 14:52:58 EDT - Backup cron job scheduled for tag 'BFA-UAT' at 2026-06-30 23:00 EDT
2026-06-30 14:52:58 EDT - Patching cron job scheduled for tag 'BFA-UAT' at 2026-07-01 03:00 EDT
2026-06-30 14:57:26 EDT - Backup cron job scheduled for tag 'Denso-App' at 2026-07-01 00:00 EDT
2026-06-30 14:57:26 EDT - Patching cron job scheduled for tag 'Denso-App' at 2026-07-01 04:00 EDT
2026-06-30 14:58:30 EDT - Backup cron job scheduled for tag 'Denso-Batch' at 2026-07-01 00:10 EDT
2026-06-30 14:58:30 EDT - Patching cron job scheduled for tag 'Denso-Batch' at 2026-07-01 04:10 EDT
2026-06-30 14:59:27 EDT - Backup cron job scheduled for tag 'Brooks-UAT' at 2026-07-01 01:00 EDT
2026-06-30 14:59:27 EDT - Patching cron job scheduled for tag 'Brooks-UAT' at 2026-07-01 05:00 EDT
2026-07-01 21:26:12 EDT - Backup cron job scheduled for tag 'CDS' at 2026-07-01 22:00 EDT
2026-07-01 21:26:12 EDT - Patching cron job scheduled for tag 'CDS' at 2026-07-02 02:00 EDT
2026-07-02 14:40:52 EDT - Backup cron job scheduled for tag 'Q3-conmed-uat' at 2026-07-02 20:05 EDT
2026-07-02 14:40:53 EDT - Patching cron job scheduled for tag 'Q3-conmed-uat' at 2026-07-03 00:05 EDT
2026-07-02 14:46:05 EDT - Backup cron job scheduled for tag 'q3-crane-uat' at 2026-07-02 21:00 EDT
2026-07-02 14:46:05 EDT - Patching cron job scheduled for tag 'q3-crane-uat' at 2026-07-03 01:00 EDT
2026-07-02 15:00:44 EDT - Backup cron job scheduled for tag 'q3-curology-uat' at 2026-07-02 22:00 EDT
2026-07-02 15:00:44 EDT - Patching cron job scheduled for tag 'q3-curology-uat' at 2026-07-03 02:00 EDT
2026-07-02 15:02:30 EDT - Backup cron job scheduled for tag 'q3-cyclelogistics-uat' at 2026-07-02 23:00 EDT
2026-07-02 15:02:30 EDT - Patching cron job scheduled for tag 'q3-cyclelogistics-uat' at 2026-07-03 03:00 EDT
2026-07-03 15:14:09 EDT - Backup cron job scheduled for tag 'q3-durodyne-uat' at 2026-07-03 21:00 EDT
2026-07-03 15:14:09 EDT - Patching cron job scheduled for tag 'q3-durodyne-uat' at 2026-07-04 01:00 EDT
2026-07-03 15:15:23 EDT - Backup cron job scheduled for tag 'q3-fl-uat' at 2026-07-03 22:00 EDT
2026-07-03 15:15:23 EDT - Patching cron job scheduled for tag 'q3-fl-uat' at 2026-07-04 02:00 EDT
2026-07-03 15:17:15 EDT - Backup cron job scheduled for tag 'q3-g3-uat' at 2026-07-03 23:00 EDT
2026-07-03 15:17:15 EDT - Patching cron job scheduled for tag 'q3-g3-uat' at 2026-07-04 03:00 EDT
2026-07-03 15:19:19 EDT - Backup cron job scheduled for tag 'q3-ceva-uat' at 2026-07-04 02:00 EDT
2026-07-03 15:19:19 EDT - Patching cron job scheduled for tag 'q3-ceva-uat' at 2026-07-04 06:00 EDT
2026-07-03 15:26:00 EDT - Backup cron job scheduled for tag 'q3-Denso-DMMI-prod' at 2026-07-03 20:05 EDT
2026-07-03 15:26:01 EDT - Patching cron job scheduled for tag 'q3-Denso-DMMI-prod' at 2026-07-04 00:05 EDT
2026-07-03 15:26:52 EDT - Backup cron job scheduled for tag 'q3-Denso-DMMI-prod-Batch' at 2026-07-03 20:10 EDT
2026-07-03 15:26:52 EDT - Patching cron job scheduled for tag 'q3-Denso-DMMI-prod-Batch' at 2026-07-04 00:10 EDT
2026-07-03 15:30:17 EDT - Backup cron job scheduled for tag 'q3-Denso-DMTN-prod-app' at 2026-07-03 21:00 EDT
2026-07-03 15:30:18 EDT - Patching cron job scheduled for tag 'q3-Denso-DMTN-prod-app' at 2026-07-04 01:00 EDT
2026-07-03 15:31:04 EDT - Backup cron job scheduled for tag 'q3-Denso-DMTN-prod-batch' at 2026-07-03 21:10 EDT
2026-07-03 15:31:04 EDT - Patching cron job scheduled for tag 'q3-Denso-DMTN-prod-batch' at 2026-07-04 01:10 EDT
2026-07-03 15:33:39 EDT - Backup cron job scheduled for tag 'q3-Denso-NA-prod-app' at 2026-07-03 22:00 EDT
2026-07-03 15:33:39 EDT - Patching cron job scheduled for tag 'q3-Denso-NA-prod-app' at 2026-07-04 02:00 EDT
2026-07-03 15:34:16 EDT - Backup cron job scheduled for tag 'q3-Denso-NA-prod-batch' at 2026-07-03 22:10 EDT
2026-07-03 15:34:17 EDT - Patching cron job scheduled for tag 'q3-Denso-NA-prod-batch' at 2026-07-04 02:10 EDT
2026-07-03 15:52:59 EDT - Backup cron job scheduled for tag 'q3-UPS-Phillips-UAT' at 2026-07-04 20:05 EDT
2026-07-03 15:52:59 EDT - Patching cron job scheduled for tag 'q3-UPS-Phillips-UAT' at 2026-07-05 00:05 EDT
2026-07-03 15:56:50 EDT - Backup cron job scheduled for tag 'q3-ups-post-sale-uat' at 2026-07-04 20:30 EDT
2026-07-03 15:56:50 EDT - Patching cron job scheduled for tag 'q3-ups-post-sale-uat' at 2026-07-05 00:30 EDT
2026-07-03 15:59:42 EDT - Backup cron job scheduled for tag 'q3-ups-productionization-uat-1' at 2026-07-04 20:50 EDT
2026-07-03 15:59:42 EDT - Patching cron job scheduled for tag 'q3-ups-productionization-uat-1' at 2026-07-05 00:50 EDT
2026-07-03 16:00:42 EDT - Backup cron job scheduled for tag 'q3-ups-productionization-uat-2' at 2026-07-04 21:00 EDT
2026-07-03 16:00:42 EDT - Patching cron job scheduled for tag 'q3-ups-productionization-uat-2' at 2026-07-05 01:00 EDT
2026-07-03 16:02:25 EDT - Backup cron job scheduled for tag 'q3-ups-Swarovski-uat' at 2026-07-04 21:30 EDT
2026-07-03 16:02:26 EDT - Patching cron job scheduled for tag 'q3-ups-Swarovski-uat' at 2026-07-05 01:30 EDT
2026-07-03 16:06:06 EDT - Backup cron job scheduled for tag 'q3-ups-pilot-uat' at 2026-07-04 21:45 EDT
2026-07-03 16:06:06 EDT - Patching cron job scheduled for tag 'q3-ups-pilot-uat' at 2026-07-05 01:45 EDT
2026-07-03 16:06:57 EDT - Backup cron job scheduled for tag 'q3-ups-apacpzn-uat' at 2026-07-04 22:00 EDT
2026-07-03 16:06:57 EDT - Patching cron job scheduled for tag 'q3-ups-apacpzn-uat' at 2026-07-05 02:00 EDT
2026-07-03 16:07:38 EDT - Backup cron job scheduled for tag 'q3-ups-apac-uat' at 2026-07-04 22:15 EDT
2026-07-03 16:07:39 EDT - Patching cron job scheduled for tag 'q3-ups-apac-uat' at 2026-07-05 02:15 EDT
2026-07-03 16:10:37 EDT - Backup cron job scheduled for tag 'q3-Shiperoo-uat' at 2026-07-04 23:00 EDT
2026-07-03 16:10:37 EDT - Patching cron job scheduled for tag 'q3-Shiperoo-uat' at 2026-07-05 03:00 EDT
2026-07-03 16:11:16 EDT - Backup cron job scheduled for tag 'q3-CoolDrive-uat' at 2026-07-04 20:05 EDT
2026-07-03 16:11:16 EDT - Patching cron job scheduled for tag 'q3-CoolDrive-uat' at 2026-07-05 00:05 EDT
2026-07-03 16:13:59 EDT - Backup cron job scheduled for tag 'q3-incomm-wms-uat' at 2026-07-04 20:15 EDT
2026-07-03 16:13:59 EDT - Patching cron job scheduled for tag 'q3-incomm-wms-uat' at 2026-07-05 00:15 EDT
2026-07-04 22:04:45 EDT - Backup cron job scheduled for tag 'q3-Gabes-uat' at 2026-07-05 20:05 EDT
2026-07-04 22:04:45 EDT - Patching cron job scheduled for tag 'q3-Gabes-uat' at 2026-07-06 00:05 EDT
2026-07-04 22:06:45 EDT - Backup cron job scheduled for tag 'q3-hayes-uat' at 2026-07-05 21:00 EDT
2026-07-04 22:06:45 EDT - Patching cron job scheduled for tag 'q3-hayes-uat' at 2026-07-06 01:00 EDT
2026-07-04 22:07:48 EDT - Backup cron job scheduled for tag 'q3-Hensley-uat' at 2026-07-05 22:00 EDT
2026-07-04 22:07:49 EDT - Patching cron job scheduled for tag 'q3-Hensley-uat' at 2026-07-06 02:00 EDT
2026-07-04 22:09:49 EDT - Backup cron job scheduled for tag 'q3-Hilco-uat' at 2026-07-05 22:00 EDT
2026-07-04 22:09:49 EDT - Patching cron job scheduled for tag 'q3-Hilco-uat' at 2026-07-06 02:00 EDT
2026-07-04 22:11:32 EDT - Backup cron job scheduled for tag 'q3-Honest-uat' at 2026-07-05 23:00 EDT
2026-07-04 22:11:32 EDT - Patching cron job scheduled for tag 'q3-Honest-uat' at 2026-07-06 03:00 EDT
2026-07-04 22:12:37 EDT - Backup cron job scheduled for tag 'q3-colehaan-uat' at 2026-07-06 00:00 EDT
2026-07-04 22:12:37 EDT - Patching cron job scheduled for tag 'q3-colehaan-uat' at 2026-07-06 04:00 EDT
2026-07-06 12:31:43 EDT - Backup cron job scheduled for tag 'DIB-Dev' at 2026-07-06 20:02 EDT
2026-07-06 12:31:44 EDT - Patching cron job scheduled for tag 'DIB-Dev' at 2026-07-07 00:02 EDT
2026-07-06 12:32:38 EDT - Backup cron job scheduled for tag 'DIB-UAT-1' at 2026-07-06 20:10 EDT
2026-07-06 12:32:38 EDT - Patching cron job scheduled for tag 'DIB-UAT-1' at 2026-07-07 00:10 EDT
2026-07-06 12:33:36 EDT - Backup cron job scheduled for tag 'DIB-UAT-2' at 2026-07-06 20:20 EDT
2026-07-06 12:33:36 EDT - Patching cron job scheduled for tag 'DIB-UAT-2' at 2026-07-07 00:20 EDT
2026-07-06 12:34:14 EDT - Backup cron job scheduled for tag 'ITS-UAT' at 2026-07-06 21:00 EDT
2026-07-06 12:34:14 EDT - Patching cron job scheduled for tag 'ITS-UAT' at 2026-07-07 01:00 EDT
2026-07-06 12:35:00 EDT - Backup cron job scheduled for tag 'Kendra-UAT' at 2026-07-06 22:00 EDT
2026-07-06 12:35:00 EDT - Patching cron job scheduled for tag 'Kendra-UAT' at 2026-07-07 02:00 EDT
2026-07-06 12:36:09 EDT - Backup cron job scheduled for tag 'Kinaxis-UAT' at 2026-07-06 23:00 EDT
2026-07-06 12:36:09 EDT - Patching cron job scheduled for tag 'Kinaxis-UAT' at 2026-07-07 03:00 EDT
2026-07-06 12:36:43 EDT - Backup cron job scheduled for tag 'KSP-UAT' at 2026-07-07 00:00 EDT
2026-07-06 12:36:43 EDT - Patching cron job scheduled for tag 'KSP-UAT' at 2026-07-07 04:00 EDT
2026-07-07 12:13:10 EDT - Backup cron job scheduled for tag 'q3-lnf-uat' at 2026-07-07 20:05 EDT
2026-07-07 12:13:10 EDT - Patching cron job scheduled for tag 'q3-lnf-uat' at 2026-07-08 00:05 EDT
2026-07-07 12:14:33 EDT - Backup cron job scheduled for tag 'q3-midea-uat' at 2026-07-07 21:00 EDT
2026-07-07 12:14:33 EDT - Patching cron job scheduled for tag 'q3-midea-uat' at 2026-07-08 01:00 EDT
2026-07-07 12:15:08 EDT - Backup cron job scheduled for tag 'q3-nfi-uat' at 2026-07-07 22:00 EDT
2026-07-07 12:15:08 EDT - Patching cron job scheduled for tag 'q3-nfi-uat' at 2026-07-08 02:00 EDT
2026-07-07 12:16:49 EDT - Backup cron job scheduled for tag 'q3-nsi-uat' at 2026-07-07 23:00 EDT
2026-07-07 12:16:49 EDT - Patching cron job scheduled for tag 'q3-nsi-uat' at 2026-07-08 03:00 EDT
2026-07-07 12:17:44 EDT - Backup cron job scheduled for tag 'q3-oia-uat' at 2026-07-08 00:00 EDT
2026-07-07 12:17:44 EDT - Patching cron job scheduled for tag 'q3-oia-uat' at 2026-07-08 04:00 EDT
2026-07-08 12:52:49 EDT - Backup cron job scheduled for tag 'PSS-UAT' at 2026-07-08 20:05 EDT
2026-07-08 12:52:49 EDT - Patching cron job scheduled for tag 'PSS-UAT' at 2026-07-09 00:05 EDT
2026-07-08 12:53:29 EDT - Backup cron job scheduled for tag 'RXO-UAT' at 2026-07-08 21:00 EDT
2026-07-08 12:53:29 EDT - Patching cron job scheduled for tag 'RXO-UAT' at 2026-07-09 01:00 EDT
2026-07-08 12:54:13 EDT - Backup cron job scheduled for tag 'SaddleCreek-EC' at 2026-07-08 22:00 EDT
2026-07-08 12:54:14 EDT - Patching cron job scheduled for tag 'SaddleCreek-EC' at 2026-07-09 02:00 EDT
2026-07-08 12:55:10 EDT - Backup cron job scheduled for tag 'SaddleCreek-Nexcom-UAT' at 2026-07-08 22:05 EDT
2026-07-08 12:55:11 EDT - Patching cron job scheduled for tag 'SaddleCreek-Nexcom-UAT' at 2026-07-09 02:05 EDT
2026-07-08 12:56:14 EDT - Backup cron job scheduled for tag 'SaddleCreek-UAT-1' at 2026-07-08 22:10 EDT
2026-07-08 12:56:14 EDT - Patching cron job scheduled for tag 'SaddleCreek-UAT-1' at 2026-07-09 02:10 EDT
2026-07-08 12:57:57 EDT - Backup cron job scheduled for tag 'SaddleCreek-UAT-2' at 2026-07-08 22:20 EDT
2026-07-08 12:57:57 EDT - Patching cron job scheduled for tag 'SaddleCreek-UAT-2' at 2026-07-09 02:20 EDT
2026-07-08 12:58:50 EDT - Backup cron job scheduled for tag 'ScootersCoffee-UAT' at 2026-07-08 23:00 EDT
2026-07-08 12:58:51 EDT - Patching cron job scheduled for tag 'ScootersCoffee-UAT' at 2026-07-09 03:00 EDT
2026-07-09 12:49:33 EDT - Backup cron job scheduled for tag 'SOS-UAT' at 2026-07-09 20:00 EDT
2026-07-09 12:49:34 EDT - Patching cron job scheduled for tag 'SOS-UAT' at 2026-07-10 00:00 EDT
2026-07-09 12:50:34 EDT - Backup cron job scheduled for tag 'SourceLogistics-UAT' at 2026-07-09 21:00 EDT
2026-07-09 12:50:34 EDT - Patching cron job scheduled for tag 'SourceLogistics-UAT' at 2026-07-10 01:00 EDT
2026-07-09 12:52:00 EDT - Backup cron job scheduled for tag 'StandardFiber-UAT' at 2026-07-09 22:00 EDT
2026-07-09 12:52:00 EDT - Patching cron job scheduled for tag 'StandardFiber-UAT' at 2026-07-10 02:00 EDT
2026-07-09 12:52:56 EDT - Backup cron job scheduled for tag 'Suncast-UAT' at 2026-07-09 23:00 EDT
2026-07-09 12:52:56 EDT - Patching cron job scheduled for tag 'Suncast-UAT' at 2026-07-10 03:00 EDT
2026-07-09 12:53:42 EDT - Backup cron job scheduled for tag 'Technicolor-UAT' at 2026-07-10 00:00 EDT
2026-07-09 12:53:42 EDT - Patching cron job scheduled for tag 'Technicolor-UAT' at 2026-07-10 04:00 EDT
2026-07-09 12:54:24 EDT - Backup cron job scheduled for tag 'Vantiva-UAT' at 2026-07-10 00:15 EDT
2026-07-09 12:54:24 EDT - Patching cron job scheduled for tag 'Vantiva-UAT' at 2026-07-10 04:15 EDT
2026-07-09 12:55:28 EDT - Backup cron job scheduled for tag 'Sony-App-UAT' at 2026-07-10 02:00 EDT
2026-07-09 12:55:28 EDT - Patching cron job scheduled for tag 'Sony-App-UAT' at 2026-07-10 06:00 EDT
2026-07-09 12:56:19 EDT - Backup cron job scheduled for tag 'Sony-Batch-UAT' at 2026-07-10 02:10 EDT
2026-07-09 12:56:19 EDT - Patching cron job scheduled for tag 'Sony-Batch-UAT' at 2026-07-10 06:10 EDT
2026-07-10 12:24:21 EDT - Backup cron job scheduled for tag 'q3-UPS-Europe-UAT' at 2026-07-10 18:30 EDT
2026-07-10 12:24:21 EDT - Patching cron job scheduled for tag 'q3-UPS-Europe-UAT' at 2026-07-10 22:30 EDT
2026-07-10 12:25:09 EDT - Backup cron job scheduled for tag 'q3-Tekton-uat' at 2026-07-10 20:05 EDT
2026-07-10 12:25:09 EDT - Patching cron job scheduled for tag 'q3-Tekton-uat' at 2026-07-11 00:05 EDT
2026-07-10 12:25:50 EDT - Backup cron job scheduled for tag 'q3-TIG-uat' at 2026-07-10 21:00 EDT
2026-07-10 12:25:51 EDT - Patching cron job scheduled for tag 'q3-TIG-uat' at 2026-07-11 01:00 EDT
2026-07-10 12:26:27 EDT - Backup cron job scheduled for tag 'q3-TouchStone-uat' at 2026-07-10 22:00 EDT
2026-07-10 12:26:27 EDT - Patching cron job scheduled for tag 'q3-TouchStone-uat' at 2026-07-11 02:00 EDT
2026-07-10 12:27:27 EDT - Backup cron job scheduled for tag 'q3-UMG-uat' at 2026-07-10 23:00 EDT
2026-07-10 12:27:28 EDT - Patching cron job scheduled for tag 'q3-UMG-uat' at 2026-07-11 03:00 EDT
2026-07-10 12:28:41 EDT - Backup cron job scheduled for tag 'q3-UMG-OMS-uat' at 2026-07-11 00:00 EDT
2026-07-10 12:28:41 EDT - Patching cron job scheduled for tag 'q3-UMG-OMS-uat' at 2026-07-11 04:00 EDT
2026-07-10 12:31:46 EDT - Backup cron job scheduled for tag 'q3-UMG-OMS-uat-US' at 2026-07-11 00:00 EDT
2026-07-10 12:31:46 EDT - Patching cron job scheduled for tag 'q3-UMG-OMS-uat-US' at 2026-07-11 04:00 EDT
2026-07-10 12:32:27 EDT - Backup cron job scheduled for tag 'q3-UMG-OMS-uat-europe' at 2026-07-11 00:10 EDT
2026-07-10 12:32:27 EDT - Patching cron job scheduled for tag 'q3-UMG-OMS-uat-europe' at 2026-07-11 04:10 EDT
2026-07-10 12:33:20 EDT - Backup cron job scheduled for tag 'q3-CA-UAT' at 2026-07-11 01:00 EDT
2026-07-10 12:33:20 EDT - Patching cron job scheduled for tag 'q3-CA-UAT' at 2026-07-11 05:00 EDT
2026-07-10 12:34:23 EDT - Backup cron job scheduled for tag 'q3-Caseys-uat' at 2026-07-11 02:00 EDT
2026-07-10 12:34:23 EDT - Patching cron job scheduled for tag 'q3-Caseys-uat' at 2026-07-11 06:00 EDT
2026-07-10 12:47:33 EDT - Backup cron job scheduled for tag 'q3-USP-Motor-uat' at 2026-07-11 20:05 EDT
2026-07-10 12:47:33 EDT - Patching cron job scheduled for tag 'q3-USP-Motor-uat' at 2026-07-12 00:05 EDT
2026-07-10 12:48:13 EDT - Backup cron job scheduled for tag 'WhiteCap-uat' at 2026-07-11 21:00 EDT
2026-07-10 12:48:13 EDT - Patching cron job scheduled for tag 'WhiteCap-uat' at 2026-07-12 01:00 EDT
2026-07-12 06:05:14 EDT - Backup cron job scheduled for tag 'Trans-Umg-UAT' at 2026-07-12 20:05 EDT
2026-07-12 06:05:14 EDT - Patching cron job scheduled for tag 'Trans-Umg-UAT' at 2026-07-13 00:05 EDT
2026-07-12 06:05:56 EDT - Backup cron job scheduled for tag 'BDL-UAT' at 2026-07-12 21:00 EDT
2026-07-12 06:05:56 EDT - Patching cron job scheduled for tag 'BDL-UAT' at 2026-07-13 01:00 EDT
2026-07-12 06:06:43 EDT - Backup cron job scheduled for tag 'Stitchfix-Doms' at 2026-07-12 22:00 EDT
2026-07-12 06:06:43 EDT - Patching cron job scheduled for tag 'Stitchfix-Doms' at 2026-07-13 02:00 EDT
2026-07-12 06:07:27 EDT - Backup cron job scheduled for tag 'Stitchfix-WMS-UAT' at 2026-07-12 22:10 EDT
2026-07-12 06:07:28 EDT - Patching cron job scheduled for tag 'Stitchfix-WMS-UAT' at 2026-07-13 02:10 EDT
2026-07-12 06:08:22 EDT - Backup cron job scheduled for tag 'BFG-UAT' at 2026-07-13 00:00 EDT
2026-07-12 06:08:23 EDT - Patching cron job scheduled for tag 'BFG-UAT' at 2026-07-13 04:00 EDT
2026-07-13 08:53:56 EDT - Patching cron job scheduled for tag 'health' at 2026-07-13 08:55 EDT
2026-07-14 01:34:48 EDT - Backup cron job scheduled for tag 'Firstquality' at 2026-07-14 01:39 EDT
2026-07-14 01:34:48 EDT - Patching cron job scheduled for tag 'Firstquality' at 2026-07-14 02:00 EDT
2026-07-14 01:35:35 EDT - Backup cron job scheduled for tag 'VarsitySpirit' at 2026-07-14 01:40 EDT
2026-07-14 01:35:36 EDT - Patching cron job scheduled for tag 'VarsitySpirit' at 2026-07-14 04:00 EDT
2026-07-15 21:22:46 EDT - Backup cron job scheduled for tag 'SaddleCreek-scls-App' at 2026-07-15 22:05 EDT
2026-07-15 21:22:46 EDT - Patching cron job scheduled for tag 'SaddleCreek-scls-App' at 2026-07-16 02:05 EDT
2026-07-15 21:24:09 EDT - Backup cron job scheduled for tag 'SaddleCreek-scls-Batch' at 2026-07-15 22:10 EDT
2026-07-15 21:24:10 EDT - Patching cron job scheduled for tag 'SaddleCreek-scls-Batch' at 2026-07-16 02:10 EDT
2026-07-16 06:18:43 EDT - Backup cron job scheduled for tag 'q3-UPSHC-qa-server' at 2026-07-16 20:05 EDT
2026-07-16 06:18:43 EDT - Patching cron job scheduled for tag 'q3-UPSHC-qa-server' at 2026-07-17 00:05 EDT
2026-07-16 06:23:34 EDT - Backup cron job scheduled for tag 'q3-SaddleCreek-central-prod-batch' at 2026-07-16 22:00 EDT
2026-07-16 06:23:34 EDT - Patching cron job scheduled for tag 'q3-SaddleCreek-central-prod-batch' at 2026-07-17 02:00 EDT
2026-07-16 06:24:15 EDT - Backup cron job scheduled for tag 'q3-SaddleCreek-central-prod-app' at 2026-07-16 22:10 EDT
2026-07-16 06:24:15 EDT - Patching cron job scheduled for tag 'q3-SaddleCreek-central-prod-app' at 2026-07-17 02:10 EDT
2026-07-17 06:59:32 EDT - Patching cron job scheduled for tag 'test_main' at 2026-07-17 06:59 EDT
2026-07-17 07:04:44 EDT - Patching cron job scheduled for tag 'test_main' at 2026-07-17 07:06 EDT
2026-07-17 07:11:59 EDT - Patching cron job scheduled for tag 'test_main' at 2026-07-17 07:13 EDT
2026-07-17 08:22:15 EDT - Backup cron job scheduled for tag 'sai' at 2026-07-17 14:03 EDT
2026-07-17 08:22:15 EDT - Patching cron job scheduled for tag 'sai' at 2026-07-17 18:03 EDT
2026-07-17 09:31:39 EDT - Backup cron job scheduled for tag 'q3-SaddleCreek-rrs-prd-batch' at 2026-07-17 22:00 EDT
2026-07-17 09:31:39 EDT - Patching cron job scheduled for tag 'q3-SaddleCreek-rrs-prd-batch' at 2026-07-18 02:00 EDT
2026-07-17 09:32:36 EDT - Backup cron job scheduled for tag 'q3-SaddleCreek-rrs-prd-app' at 2026-07-17 22:10 EDT
2026-07-17 09:32:36 EDT - Patching cron job scheduled for tag 'q3-SaddleCreek-rrs-prd-app' at 2026-07-18 02:10 EDT
2026-07-17 09:33:45 EDT - Backup cron job scheduled for tag 'q3-Caseys-ank-prod-app' at 2026-07-17 20:05 EDT
2026-07-17 09:33:46 EDT - Patching cron job scheduled for tag 'q3-Caseys-ank-prod-app' at 2026-07-18 00:05 EDT
2026-07-17 09:34:43 EDT - Backup cron job scheduled for tag 'q3-Caseys-ank-prod-batch' at 2026-07-17 20:10 EDT
2026-07-17 09:34:43 EDT - Patching cron job scheduled for tag 'q3-Caseys-ank-prod-batch' at 2026-07-18 00:10 EDT
2026-07-17 09:35:35 EDT - Backup cron job scheduled for tag 'q3-Caseys-jop-prd-app' at 2026-07-17 23:00 EDT
2026-07-17 09:35:35 EDT - Patching cron job scheduled for tag 'q3-Caseys-jop-prd-app' at 2026-07-18 03:00 EDT
2026-07-17 09:36:16 EDT - Backup cron job scheduled for tag 'q3-Caseys-jop-prd-batch' at 2026-07-17 23:05 EDT
2026-07-17 09:36:16 EDT - Patching cron job scheduled for tag 'q3-Caseys-jop-prd-batch' at 2026-07-18 03:05 EDT
2026-07-17 09:37:19 EDT - Backup cron job scheduled for tag 'q3-Caseys-tht-prod-app' at 2026-07-17 22:00 EDT
2026-07-17 09:37:19 EDT - Patching cron job scheduled for tag 'q3-Caseys-tht-prod-app' at 2026-07-18 02:00 EDT
2026-07-17 09:38:00 EDT - Backup cron job scheduled for tag 'q3-Caseys-tht-prod-batch' at 2026-07-17 22:05 EDT
2026-07-17 09:38:00 EDT - Patching cron job scheduled for tag 'q3-Caseys-tht-prod-batch' at 2026-07-18 02:05 EDT
2026-07-18 11:21:15 EDT - Backup cron job scheduled for tag 'UPS-APAC-Batch' at 2026-07-18 20:05 EDT
2026-07-18 11:21:15 EDT - Patching cron job scheduled for tag 'UPS-APAC-Batch' at 2026-07-19 00:05 EDT
2026-07-18 11:22:24 EDT - Backup cron job scheduled for tag 'UPS-APAC-Prod-App' at 2026-07-18 20:10 EDT
2026-07-18 11:22:24 EDT - Patching cron job scheduled for tag 'UPS-APAC-Prod-App' at 2026-07-19 00:10 EDT
2026-07-18 11:23:39 EDT - Backup cron job scheduled for tag 'UPS-APACPZN-App' at 2026-07-18 20:30 EDT
2026-07-18 11:23:39 EDT - Patching cron job scheduled for tag 'UPS-APACPZN-App' at 2026-07-19 00:30 EDT
2026-07-18 11:24:25 EDT - Backup cron job scheduled for tag 'UPS-APACPZN-Batch' at 2026-07-18 20:40 EDT
2026-07-18 11:24:25 EDT - Patching cron job scheduled for tag 'UPS-APACPZN-Batch' at 2026-07-19 00:40 EDT
2026-07-18 11:25:41 EDT - Backup cron job scheduled for tag 'UPS-Productionization-PostSales-App' at 2026-07-18 21:00 EDT
2026-07-18 11:25:41 EDT - Patching cron job scheduled for tag 'UPS-Productionization-PostSales-App' at 2026-07-19 01:00 EDT
2026-07-18 11:26:37 EDT - Backup cron job scheduled for tag 'UPS-Productionization-PostSales-Batch' at 2026-07-18 21:10 EDT
2026-07-18 11:26:37 EDT - Patching cron job scheduled for tag 'UPS-Productionization-PostSales-Batch' at 2026-07-19 01:10 EDT
2026-07-18 11:30:58 EDT - Backup cron job scheduled for tag 'SaddleCreek-Batch' at 2026-07-18 22:00 EDT
2026-07-18 11:30:59 EDT - Patching cron job scheduled for tag 'SaddleCreek-Batch' at 2026-07-19 02:00 EDT
2026-07-18 11:32:14 EDT - Backup cron job scheduled for tag 'SaddleCreek-Prod-2' at 2026-07-18 22:10 EDT
2026-07-18 11:32:14 EDT - Patching cron job scheduled for tag 'SaddleCreek-Prod-2' at 2026-07-19 02:10 EDT
2026-07-18 11:33:03 EDT - Backup cron job scheduled for tag 'SaddleCreek-Prod-3' at 2026-07-18 22:20 EDT
2026-07-18 11:33:03 EDT - Patching cron job scheduled for tag 'SaddleCreek-Prod-3' at 2026-07-19 02:20 EDT
2026-07-18 11:34:07 EDT - Backup cron job scheduled for tag 'Brooks-App' at 2026-07-18 23:00 EDT
2026-07-18 11:34:08 EDT - Patching cron job scheduled for tag 'Brooks-App' at 2026-07-19 03:00 EDT
2026-07-18 11:34:48 EDT - Backup cron job scheduled for tag 'Brooks-Batch' at 2026-07-18 23:10 EDT
2026-07-18 11:34:48 EDT - Patching cron job scheduled for tag 'Brooks-Batch' at 2026-07-19 03:10 EDT
2026-07-18 11:35:48 EDT - Backup cron job scheduled for tag 'BFA-App' at 2026-07-18 23:40 EDT
2026-07-18 11:35:48 EDT - Patching cron job scheduled for tag 'BFA-App' at 2026-07-19 03:40 EDT
2026-07-18 11:36:36 EDT - Backup cron job scheduled for tag 'BFA-Batch' at 2026-07-18 23:50 EDT
2026-07-18 11:36:36 EDT - Patching cron job scheduled for tag 'BFA-Batch' at 2026-07-19 03:50 EDT
2026-07-20 15:04:26 EDT - Backup cron job scheduled for tag 'UPSHC-NA-App' at 2026-07-20 20:02 EDT
2026-07-20 15:04:26 EDT - Patching cron job scheduled for tag 'UPSHC-NA-App' at 2026-07-21 00:02 EDT
2026-07-20 15:05:17 EDT - Backup cron job scheduled for tag 'UPSHC-NA-Batch' at 2026-07-20 20:06 EDT
2026-07-20 15:05:17 EDT - Patching cron job scheduled for tag 'UPSHC-NA-Batch' at 2026-07-21 00:06 EDT
2026-07-20 15:07:47 EDT - Backup cron job scheduled for tag 'UPSHC-EU-UAT' at 2026-07-20 20:15 EDT
2026-07-20 15:07:47 EDT - Patching cron job scheduled for tag 'UPSHC-EU-UAT' at 2026-07-21 00:15 EDT
2026-07-20 15:13:30 EDT - Backup cron job scheduled for tag 'UPSHC-HAB-UAT' at 2026-07-20 20:25 EDT
2026-07-20 15:13:30 EDT - Patching cron job scheduled for tag 'UPSHC-HAB-UAT' at 2026-07-21 00:25 EDT
2026-07-20 15:14:32 EDT - Backup cron job scheduled for tag 'UPSHC-VAC-UAT' at 2026-07-20 20:35 EDT
2026-07-20 15:14:32 EDT - Patching cron job scheduled for tag 'UPSHC-VAC-UAT' at 2026-07-21 00:35 EDT
2026-07-20 15:32:54 EDT - Backup cron job scheduled for tag 'UPSHC-Prodstage' at 2026-07-20 20:45 EDT
2026-07-20 15:32:54 EDT - Patching cron job scheduled for tag 'UPSHC-Prodstage' at 2026-07-21 00:45 EDT
2026-07-20 15:34:22 EDT - Backup cron job scheduled for tag 'UPSHC-Valid' at 2026-07-20 21:00 EDT
2026-07-20 15:34:22 EDT - Patching cron job scheduled for tag 'UPSHC-Valid' at 2026-07-21 01:00 EDT
2026-07-20 15:35:21 EDT - Backup cron job scheduled for tag 'UPSHC-VAC-QA' at 2026-07-20 21:15 EDT
2026-07-20 15:35:22 EDT - Patching cron job scheduled for tag 'UPSHC-VAC-QA' at 2026-07-21 01:15 EDT
2026-07-24 15:53:56 EDT - Backup cron job scheduled for tag 'UPS-Birkenstock-App' at 2026-07-25 20:02 EDT
2026-07-24 15:53:56 EDT - Patching cron job scheduled for tag 'UPS-Birkenstock-App' at 2026-07-26 00:02 EDT
2026-07-24 15:54:50 EDT - Backup cron job scheduled for tag 'UPS-Birkenstock-Batchapp' at 2026-07-25 20:05 EDT
2026-07-24 15:54:51 EDT - Patching cron job scheduled for tag 'UPS-Birkenstock-Batchapp' at 2026-07-26 00:05 EDT
2026-07-24 15:55:55 EDT - Backup cron job scheduled for tag 'UPS-Birkenstock-WES' at 2026-07-25 20:10 EDT
2026-07-24 15:55:55 EDT - Patching cron job scheduled for tag 'UPS-Birkenstock-WES' at 2026-07-26 00:10 EDT
2026-07-24 15:56:26 EDT - Backup cron job scheduled for tag 'UPS-DNS' at 2026-07-25 20:15 EDT
2026-07-24 15:56:26 EDT - Patching cron job scheduled for tag 'UPS-DNS' at 2026-07-26 00:15 EDT
2026-07-24 15:57:33 EDT - Backup cron job scheduled for tag 'UPSHC-Europe-App' at 2026-07-25 20:02 EDT
2026-07-24 15:57:34 EDT - Patching cron job scheduled for tag 'UPSHC-Europe-App' at 2026-07-26 00:02 EDT
2026-07-24 15:58:15 EDT - Backup cron job scheduled for tag 'UPSHC-Europe-Batch' at 2026-07-25 20:10 EDT
2026-07-24 15:58:15 EDT - Patching cron job scheduled for tag 'UPSHC-Europe-Batch' at 2026-07-26 00:10 EDT
2026-07-24 15:59:14 EDT - Backup cron job scheduled for tag 'UPSHC-HAB-App' at 2026-07-25 20:30 EDT
2026-07-24 15:59:14 EDT - Patching cron job scheduled for tag 'UPSHC-HAB-App' at 2026-07-26 00:30 EDT
2026-07-24 15:59:59 EDT - Backup cron job scheduled for tag 'UPSHC-HAB-Batch' at 2026-07-25 20:40 EDT
2026-07-24 16:00:00 EDT - Patching cron job scheduled for tag 'UPSHC-HAB-Batch' at 2026-07-26 00:40 EDT
2026-07-24 16:14:46 EDT - Backup cron job scheduled for tag 'UPSHC-VAC-App' at 2026-07-25 20:30 EDT
2026-07-24 16:14:47 EDT - Patching cron job scheduled for tag 'UPSHC-VAC-App' at 2026-07-26 00:30 EDT
2026-07-24 16:27:26 EDT - Backup cron job scheduled for tag 'UPSHC-VAC-Batch' at 2026-07-25 20:40 EDT
2026-07-24 16:27:27 EDT - Patching cron job scheduled for tag 'UPSHC-VAC-Batch' at 2026-07-26 00:40 EDT
2026-07-24 17:04:15 EDT - Backup cron job scheduled for tag 'UPSHC-Production-App' at 2026-07-25 21:00 EDT
2026-07-24 17:04:15 EDT - Patching cron job scheduled for tag 'UPSHC-Production-App' at 2026-07-26 01:00 EDT
2026-07-24 17:05:31 EDT - Backup cron job scheduled for tag 'UPSHC-Production-Batch' at 2026-07-25 21:10 EDT
2026-07-24 17:05:31 EDT - Patching cron job scheduled for tag 'UPSHC-Production-Batch' at 2026-07-26 01:10 EDT
2026-07-24 17:06:21 EDT - Backup cron job scheduled for tag 'UPSHC-Graylog' at 2026-07-25 21:15 EDT
2026-07-24 17:06:21 EDT - Patching cron job scheduled for tag 'UPSHC-Graylog' at 2026-07-26 01:15 EDT
2026-07-24 17:07:17 EDT - Backup cron job scheduled for tag 'UPSHC-WES-Prod' at 2026-07-25 21:20 EDT
2026-07-24 17:07:17 EDT - Patching cron job scheduled for tag 'UPSHC-WES-Prod' at 2026-07-26 01:20 EDT
2026-07-24 17:11:30 EDT - Backup cron job scheduled for tag 'UPS-PZN-API-1' at 2026-07-25 21:30 EDT
2026-07-24 17:11:30 EDT - Patching cron job scheduled for tag 'UPS-PZN-API-1' at 2026-07-26 01:30 EDT
2026-07-24 17:12:39 EDT - Backup cron job scheduled for tag 'UPS-PZN-API-2' at 2026-07-25 21:40 EDT
2026-07-24 17:12:39 EDT - Patching cron job scheduled for tag 'UPS-PZN-API-2' at 2026-07-26 01:40 EDT
2026-07-24 17:13:48 EDT - Backup cron job scheduled for tag 'UPS-PZN-Doms-APP' at 2026-07-25 21:50 EDT
2026-07-24 17:13:48 EDT - Patching cron job scheduled for tag 'UPS-PZN-Doms-APP' at 2026-07-26 01:50 EDT
2026-07-24 17:14:34 EDT - Backup cron job scheduled for tag 'UPS-PZN-Doms-Batch' at 2026-07-25 21:55 EDT
2026-07-24 17:14:34 EDT - Patching cron job scheduled for tag 'UPS-PZN-Doms-Batch' at 2026-07-26 01:55 EDT
2026-07-24 17:16:12 EDT - Backup cron job scheduled for tag 'UPS-PZN-Batch' at 2026-07-25 23:10 EDT
2026-07-24 17:16:12 EDT - Patching cron job scheduled for tag 'UPS-PZN-Batch' at 2026-07-26 03:10 EDT
2026-07-24 17:17:08 EDT - Backup cron job scheduled for tag 'UPS-PZN-Graylog' at 2026-07-25 23:20 EDT
2026-07-24 17:17:08 EDT - Patching cron job scheduled for tag 'UPS-PZN-Graylog' at 2026-07-26 03:20 EDT
2026-07-24 21:33:45 EDT - Backup cron job scheduled for tag 'q3-colenhaan-prod-app' at 2026-07-25 00:00 EDT
2026-07-24 21:33:46 EDT - Patching cron job scheduled for tag 'q3-colenhaan-prod-app' at 2026-07-25 04:00 EDT
2026-07-24 21:34:32 EDT - Backup cron job scheduled for tag 'q3-colenhaan-prod-batch' at 2026-07-25 00:05 EDT
2026-07-24 21:34:33 EDT - Patching cron job scheduled for tag 'q3-colenhaan-prod-batch' at 2026-07-25 04:05 EDT
2026-07-31 10:06:58 EDT - Backup cron job scheduled for tag 'q3-dib-dxn-prod-app' at 2026-07-31 20:05 EDT
2026-07-31 10:06:58 EDT - Patching cron job scheduled for tag 'q3-dib-dxn-prod-app' at 2026-08-01 00:05 EDT
2026-07-31 10:08:17 EDT - Backup cron job scheduled for tag 'q3-dib-dxn-prod-batch' at 2026-07-31 20:10 EDT
2026-07-31 10:08:18 EDT - Patching cron job scheduled for tag 'q3-dib-dxn-prod-batch' at 2026-08-01 00:10 EDT
2026-07-31 10:09:42 EDT - Backup cron job scheduled for tag 'q3-dib-mdn-prod-app' at 2026-07-31 21:30 EDT
2026-07-31 10:09:42 EDT - Patching cron job scheduled for tag 'q3-dib-mdn-prod-app' at 2026-08-01 01:30 EDT
2026-07-31 10:10:24 EDT - Backup cron job scheduled for tag 'q3-dib-mdn-prod-batch' at 2026-07-31 21:40 EDT
2026-07-31 10:10:24 EDT - Patching cron job scheduled for tag 'q3-dib-mdn-prod-batch' at 2026-08-01 01:40 EDT
2026-07-31 10:11:53 EDT - Backup cron job scheduled for tag 'q3-g3-prod-app' at 2026-07-31 23:00 EDT
2026-07-31 10:11:53 EDT - Patching cron job scheduled for tag 'q3-g3-prod-app' at 2026-08-01 03:00 EDT
2026-07-31 10:12:41 EDT - Backup cron job scheduled for tag 'q3-g3-prod-batch' at 2026-07-31 23:10 EDT
2026-07-31 10:12:41 EDT - Patching cron job scheduled for tag 'q3-g3-prod-batch' at 2026-08-01 03:10 EDT
2026-07-31 10:14:13 EDT - Backup cron job scheduled for tag 'q3-durodyne-prod-app' at 2026-08-01 01:00 EDT
2026-07-31 10:14:13 EDT - Patching cron job scheduled for tag 'q3-durodyne-prod-app' at 2026-08-01 05:00 EDT
2026-07-31 10:15:02 EDT - Backup cron job scheduled for tag ''q3-durodyne-prod-batch' at 2026-08-01 01:10 EDT
2026-07-31 10:15:02 EDT - Patching cron job scheduled for tag ''q3-durodyne-prod-batch' at 2026-08-01 05:10 EDT
2026-07-31 10:24:17 EDT - Backup cron job scheduled for tag 'q3-dib-wco-prod-app' at 2026-08-01 20:05 EDT
2026-07-31 10:24:18 EDT - Patching cron job scheduled for tag 'q3-dib-wco-prod-app' at 2026-08-02 00:05 EDT
2026-07-31 10:30:12 EDT - Backup cron job scheduled for tag ''q3-dib-wco-prod-batch' at 2026-08-01 20:10 EDT
2026-07-31 10:30:12 EDT - Patching cron job scheduled for tag ''q3-dib-wco-prod-batch' at 2026-08-02 00:10 EDT
2026-07-31 10:31:15 EDT - Backup cron job scheduled for tag 'q3-dib-sik-prod-app' at 2026-08-01 21:30 EDT
2026-07-31 10:31:15 EDT - Patching cron job scheduled for tag 'q3-dib-sik-prod-app' at 2026-08-02 01:30 EDT
2026-07-31 10:32:08 EDT - Backup cron job scheduled for tag ''q3-dib-sik-prod-batch' at 2026-08-01 21:40 EDT
2026-07-31 10:32:08 EDT - Patching cron job scheduled for tag ''q3-dib-sik-prod-batch' at 2026-08-02 01:40 EDT
2026-07-31 10:33:53 EDT - Backup cron job scheduled for tag 'q3-oia-prod-app' at 2026-08-02 01:30 EDT
2026-07-31 10:33:54 EDT - Patching cron job scheduled for tag 'q3-oia-prod-app' at 2026-08-02 05:30 EDT
2026-08-01 02:29:34 EDT - Backup cron job scheduled for tag 'q3-pss-prod-app' at 2026-08-02 02:00 EDT
2026-08-01 02:29:35 EDT - Patching cron job scheduled for tag 'q3-pss-prod-app' at 2026-08-02 06:00 EDT
2026-08-01 02:30:20 EDT - Backup cron job scheduled for tag 'q3-pss-prod-batch' at 2026-08-02 02:05 EDT
2026-08-01 02:30:21 EDT - Patching cron job scheduled for tag 'q3-pss-prod-batch' at 2026-08-02 06:05 EDT
2026-08-01 02:31:28 EDT - Backup cron job scheduled for tag 'q3-pss-prod-251-app' at 2026-08-02 02:07 EDT
2026-08-01 02:31:29 EDT - Patching cron job scheduled for tag 'q3-pss-prod-251-app' at 2026-08-02 06:07 EDT
2026-08-01 02:34:13 EDT - Backup cron job scheduled for tag 'pss-prod-251-app' at 2026-08-02 02:07 EDT
2026-08-01 02:34:13 EDT - Patching cron job scheduled for tag 'pss-prod-251-app' at 2026-08-02 06:07 EDT
2026-08-01 02:34:54 EDT - Backup cron job scheduled for tag 'pss-prod-251-batch' at 2026-08-02 02:10 EDT
2026-08-01 02:34:55 EDT - Patching cron job scheduled for tag 'pss-prod-251-batch' at 2026-08-02 06:10 EDT
2026-08-02 01:08:27 EDT - Backup cron job scheduled for tag 'UPS-Philips-App' at 2026-08-02 01:13 EDT
2026-08-02 01:08:27 EDT - Patching cron job scheduled for tag 'UPS-Philips-App' at 2026-08-02 01:30 EDT
2026-08-02 01:09:34 EDT - Backup cron job scheduled for tag 'UPS-Philips-Batch' at 2026-08-02 01:14 EDT
2026-08-02 01:09:34 EDT - Patching cron job scheduled for tag 'UPS-Philips-Batch' at 2026-08-02 01:35 EDT
2026-08-02 01:10:41 EDT - Backup cron job scheduled for tag 'UPS-Pilot-App' at 2026-08-02 01:15 EDT
2026-08-02 01:10:41 EDT - Patching cron job scheduled for tag 'UPS-Pilot-App' at 2026-08-02 01:30 EDT
2026-08-02 01:12:21 EDT - Backup cron job scheduled for tag 'UPS-Pilot-Batch' at 2026-08-02 01:17 EDT
2026-08-02 01:12:21 EDT - Patching cron job scheduled for tag 'UPS-Pilot-Batch' at 2026-08-02 01:40 EDT
2026-08-02 01:13:26 EDT - Backup cron job scheduled for tag 'UPS-Swarovski-App' at 2026-08-02 01:18 EDT
2026-08-02 01:13:26 EDT - Patching cron job scheduled for tag 'UPS-Swarovski-App' at 2026-08-02 01:30 EDT
2026-08-02 01:14:26 EDT - Backup cron job scheduled for tag 'UPS-Swarovski-Batch' at 2026-08-02 01:19 EDT
2026-08-02 01:14:26 EDT - Patching cron job scheduled for tag 'UPS-Swarovski-Batch' at 2026-08-02 01:40 EDT
2026-08-07 05:57:16 EDT - Backup cron job scheduled for tag 'q3-ca-prod-app' at 2026-08-07 23:00 EDT
2026-08-07 05:57:16 EDT - Patching cron job scheduled for tag 'q3-ca-prod-app' at 2026-08-08 03:00 EDT
2026-08-07 05:58:23 EDT - Backup cron job scheduled for tag 'q3-ca-prod-batch' at 2026-08-07 23:10 EDT
2026-08-07 05:58:23 EDT - Patching cron job scheduled for tag 'q3-ca-prod-batch' at 2026-08-08 03:10 EDT
2026-08-07 06:02:13 EDT - Backup cron job scheduled for tag 'q3-firstquality-prod-app' at 2026-08-07 23:15 EDT
2026-08-07 06:02:13 EDT - Patching cron job scheduled for tag 'q3-firstquality-prod-app' at 2026-08-08 03:15 EDT
2026-08-07 06:03:59 EDT - Backup cron job scheduled for tag 'q3-firstquality-prod-batch' at 2026-08-07 23:20 EDT
2026-08-07 06:03:59 EDT - Patching cron job scheduled for tag 'q3-firstquality-prod-batch' at 2026-08-08 03:20 EDT
2026-08-07 06:05:03 EDT - Backup cron job scheduled for tag 'q3-gabes-prod-app' at 2026-08-08 02:00 EDT
2026-08-07 06:05:03 EDT - Patching cron job scheduled for tag 'q3-gabes-prod-app' at 2026-08-08 06:00 EDT
2026-08-07 06:05:46 EDT - Backup cron job scheduled for tag 'q3-gabes-prod-batch' at 2026-08-08 02:05 EDT
2026-08-07 06:05:46 EDT - Patching cron job scheduled for tag 'q3-gabes-prod-batch' at 2026-08-08 06:05 EDT
2026-08-07 06:07:00 EDT - Backup cron job scheduled for tag 'q3-dib-wbn-prod-app' at 2026-08-07 23:30 EDT
2026-08-07 06:07:00 EDT - Patching cron job scheduled for tag 'q3-dib-wbn-prod-app' at 2026-08-08 03:30 EDT
2026-08-07 06:07:58 EDT - Backup cron job scheduled for tag 'q3-dib-wbn-prod-batch' at 2026-08-07 23:45 EDT
2026-08-07 06:07:58 EDT - Patching cron job scheduled for tag 'q3-dib-wbn-prod-batch' at 2026-08-08 03:45 EDT
2026-08-07 06:09:39 EDT - Backup cron job scheduled for tag 'q3-dib-lex-app-prod' at 2026-08-08 00:00 EDT
2026-08-07 06:09:39 EDT - Patching cron job scheduled for tag 'q3-dib-lex-app-prod' at 2026-08-08 04:00 EDT
2026-08-07 06:11:11 EDT - Backup cron job scheduled for tag 'q3-dib-lex-batch-prod' at 2026-08-08 00:10 EDT
2026-08-07 06:11:11 EDT - Patching cron job scheduled for tag 'q3-dib-lex-batch-prod' at 2026-08-08 04:10 EDT
2026-08-07 09:44:54 EDT - Backup cron job scheduled for tag 'hensley-prod-app1' at 2026-08-08 20:05 EDT
2026-08-07 09:44:55 EDT - Patching cron job scheduled for tag 'hensley-prod-app1' at 2026-08-09 00:05 EDT
2026-08-07 09:45:46 EDT - Backup cron job scheduled for tag 'hensley-prod-app2' at 2026-08-08 20:10 EDT
2026-08-07 09:45:46 EDT - Patching cron job scheduled for tag 'hensley-prod-app2' at 2026-08-09 00:10 EDT
2026-08-07 09:46:43 EDT - Backup cron job scheduled for tag 'hensley-prod-batch' at 2026-08-08 20:15 EDT
2026-08-07 09:46:43 EDT - Patching cron job scheduled for tag 'hensley-prod-batch' at 2026-08-09 00:15 EDT
2026-08-07 09:47:52 EDT - Backup cron job scheduled for tag 'dib-mtg-prod-app' at 2026-08-08 21:30 EDT
2026-08-07 09:47:52 EDT - Patching cron job scheduled for tag 'dib-mtg-prod-app' at 2026-08-09 01:30 EDT
2026-08-07 09:48:33 EDT - Backup cron job scheduled for tag 'dib-mtg-prod-batch' at 2026-08-08 21:35 EDT
2026-08-07 09:48:33 EDT - Patching cron job scheduled for tag 'dib-mtg-prod-batch' at 2026-08-09 01:35 EDT
2026-08-07 09:49:32 EDT - Backup cron job scheduled for tag 'nfi-prod-app' at 2026-08-09 00:00 EDT
2026-08-07 09:49:32 EDT - Patching cron job scheduled for tag 'nfi-prod-app' at 2026-08-09 04:00 EDT
2026-08-07 09:50:16 EDT - Backup cron job scheduled for tag 'nfi-prod-batch' at 2026-08-09 00:10 EDT
2026-08-07 09:50:16 EDT - Patching cron job scheduled for tag 'nfi-prod-batch' at 2026-08-09 04:10 EDT
2026-08-07 09:51:38 EDT - Backup cron job scheduled for tag 'dib-msq-prod-app' at 2026-08-08 20:12 EDT
2026-08-07 09:51:38 EDT - Patching cron job scheduled for tag 'dib-msq-prod-app' at 2026-08-09 00:12 EDT
2026-08-07 09:52:50 EDT - Backup cron job scheduled for tag 'dib-msq-prod-batch' at 2026-08-08 20:15 EDT
2026-08-07 09:52:50 EDT - Patching cron job scheduled for tag 'dib-msq-prod-batch' at 2026-08-09 00:15 EDT
2026-08-07 09:53:39 EDT - Backup cron job scheduled for tag 'its-prod-app' at 2026-08-09 01:00 EDT
2026-08-07 09:53:39 EDT - Patching cron job scheduled for tag 'its-prod-app' at 2026-08-09 05:00 EDT
2026-08-07 09:54:23 EDT - Backup cron job scheduled for tag 'its-prod-batch' at 2026-08-09 01:05 EDT
2026-08-07 09:54:23 EDT - Patching cron job scheduled for tag 'its-prod-batch' at 2026-08-09 05:05 EDT
2026-08-14 16:39:26 EDT - Backup cron job scheduled for tag 'q3-lnf-prod-app' at 2026-08-14 22:00 EDT
2026-08-14 16:39:27 EDT - Patching cron job scheduled for tag 'q3-lnf-prod-app' at 2026-08-15 02:00 EDT
2026-08-14 16:40:08 EDT - Backup cron job scheduled for tag 'q3-lnf-prod-batch' at 2026-08-14 22:05 EDT
2026-08-14 16:40:08 EDT - Patching cron job scheduled for tag 'q3-lnf-prod-batch' at 2026-08-15 02:05 EDT
2026-08-14 16:41:45 EDT - Backup cron job scheduled for tag 'q3-lnf-prod-batch2' at 2026-08-14 22:10 EDT
2026-08-14 16:41:45 EDT - Patching cron job scheduled for tag 'q3-lnf-prod-batch2' at 2026-08-15 02:10 EDT
2026-08-14 16:47:40 EDT - Backup cron job scheduled for tag 'q3-kinaxis-prod' at 2026-08-15 10:00 EDT
2026-08-14 16:47:41 EDT - Patching cron job scheduled for tag 'q3-kinaxis-prod' at 2026-08-15 14:00 EDT
2026-08-14 16:48:30 EDT - Backup cron job scheduled for tag 'q3-kinaxis-prod-graylog' at 2026-08-15 10:10 EDT
2026-08-14 16:48:30 EDT - Patching cron job scheduled for tag 'q3-kinaxis-prod-graylog' at 2026-08-15 14:10 EDT
2026-08-14 16:50:12 EDT - Backup cron job scheduled for tag 'Hayes-Production-App' at 2026-08-16 03:00 EDT
2026-08-14 16:50:12 EDT - Patching cron job scheduled for tag 'Hayes-Production-App' at 2026-08-16 07:00 EDT
2026-08-14 16:51:00 EDT - Backup cron job scheduled for tag 'Hayes-Production-Batch' at 2026-08-16 03:10 EDT
2026-08-14 16:51:00 EDT - Patching cron job scheduled for tag 'Hayes-Production-Batch' at 2026-08-16 07:10 EDT
2026-08-14 16:53:30 EDT - Backup cron job scheduled for tag 'TransUMG-Prod-App' at 2026-08-15 22:00 EDT
2026-08-14 16:53:30 EDT - Patching cron job scheduled for tag 'TransUMG-Prod-App' at 2026-08-16 02:00 EDT
2026-08-14 16:54:23 EDT - Backup cron job scheduled for tag 'TransUMG-Prod-Batchapp' at 2026-08-15 22:10 EDT
2026-08-14 16:54:23 EDT - Patching cron job scheduled for tag 'TransUMG-Prod-Batchapp' at 2026-08-16 02:10 EDT
2026-08-14 16:56:18 EDT - Backup cron job scheduled for tag 'BF-Global-Prod-app' at 2026-08-15 22:10 EDT
2026-08-14 16:56:18 EDT - Patching cron job scheduled for tag 'BF-Global-Prod-app' at 2026-08-16 02:10 EDT
2026-08-14 16:57:13 EDT - Backup cron job scheduled for tag 'BF-Global-Prod-Batch' at 2026-08-15 22:20 EDT
2026-08-14 16:57:13 EDT - Patching cron job scheduled for tag 'BF-Global-Prod-Batch' at 2026-08-16 02:20 EDT
2026-08-14 16:59:27 EDT - Backup cron job scheduled for tag 'Hofarm-Prod' at 2026-08-15 20:05 EDT
2026-08-14 16:59:27 EDT - Patching cron job scheduled for tag 'Hofarm-Prod' at 2026-08-16 00:05 EDT
2026-08-19 12:58:04 EDT - Backup cron job scheduled for tag 'q3-sony-au-prod-app' at 2026-08-20 00:00 EDT
2026-08-19 12:58:04 EDT - Patching cron job scheduled for tag 'q3-sony-au-prod-app' at 2026-08-20 04:00 EDT
2026-08-19 12:58:39 EDT - Backup cron job scheduled for tag 'q3-sony-au-prod-batch' at 2026-08-20 00:05 EDT
2026-08-19 12:58:40 EDT - Patching cron job scheduled for tag 'q3-sony-au-prod-batch' at 2026-08-20 04:05 EDT
2026-08-20 03:53:12 EDT - Backup cron job scheduled for tag 'q3-sony-au-prod-app' at 2026-08-20 03:58 EDT
2026-08-20 03:53:12 EDT - Patching cron job scheduled for tag 'q3-sony-au-prod-app' at 2026-08-20 05:00 EDT
2026-08-20 03:54:17 EDT - Backup cron job scheduled for tag 'q3-sony-au-prod-batch' at 2026-08-20 03:59 EDT
2026-08-20 03:54:18 EDT - Patching cron job scheduled for tag 'q3-sony-au-prod-batch' at 2026-08-20 05:05 EDT
2026-08-20 03:57:17 EDT - Backup cron job scheduled for tag 'q3-sony-au-prod-app' at 2026-08-20 04:02 EDT
2026-08-20 03:57:17 EDT - Patching cron job scheduled for tag 'q3-sony-au-prod-app' at 2026-08-20 05:00 EDT
2026-08-20 03:58:12 EDT - Backup cron job scheduled for tag 'q3-sony-au-prod-batch' at 2026-08-20 04:03 EDT
2026-08-20 03:58:12 EDT - Patching cron job scheduled for tag 'q3-sony-au-prod-batch' at 2026-08-20 05:05 EDT
