2026-07-19 01:10:02,411 - 366386 - INFO - Logger setup has been removed, using shared logger from common.logs.logger.
2026-07-19 01:10:02,412 - 366386 - INFO - Script Start Time: 2026-07-19 01:10:02
2026-07-19 01:10:03,032 - 366386 - INFO - Tag: UPS-Productionization-PostSales-Batch, IPs: ['172.29.60.103', '172.29.60.155'], Environment: prod
2026-07-19 01:10:03,033 - 366386 - INFO - Instance(s) selected for Patching: {'i-02c90117ff22e436f': '172.29.60.103', 'i-033c5c84b5bf74969': '172.29.60.155'}
2026-07-19 01:10:03,099 - 366386 - INFO - Email sent successfully to ['CloudOps@softeon.com']
2026-07-19 01:10:03,099 - 366386 - INFO - Now patching instances at: 2026-07-19 01:10:03
2026-07-19 01:10:03,318 - 366386 - INFO - Sent app_validation.py to i-02c90117ff22e436f (command_id: 4ad6ae61-e55c-4502-9f60-058538e6ba9f)
2026-07-19 01:10:33,399 - 366386 - INFO - app_validation.py output for i-02c90117ff22e436f:

==============================================================================
Server Availability Check Started | 2026-07-19 05:10:03.689128
==============================================================================

==============================================================================
SYSTEM INFORMATION
==============================================================================
Server IP | 172.29.60.103
Hostname | ip-172-29-60-103
Current User | root
Working Directory | /usr/bin
Time Zone | UTC

==============================================================================
STORAGE CHECK | /data mounts
==============================================================================
Filesystem | Size | Used | Avail | Use% | Mounted on
/dev/nvme1n1p2 | 239.9G | 147.1G | 92.8G | 61% | /data
fs-0e14a7aa2eea9219c.efs.us-east-1.amazonaws.com:/ | 0B | 805.0G | 0B | 0% | /data2

==============================================================================
SYMLINK CHECK | root (/)
==============================================================================
Symlinks Total | 4
Symlinks Valid | 4
Symlinks Invalid | 0
Symlink | ResolvedTarget
/bin | /usr/bin
/lib | /usr/lib
/lib64 | /usr/lib64
/sbin | /usr/sbin

==============================================================================
NFS CHECK
==============================================================================
NFS Package Installed | Yes
nfs-server.service Active | No
nfs-client.target Active | Yes
/etc/exports Present | Yes
EXPORTS_LINE | (empty)
NFS_MOUNT | Device | MountPoint | FSType
NFS_MOUNT | fs-0e14a7aa2eea9219c.efs.us-east-1.amazonaws.com:/ | /data2 | nfs4

==============================================================================
CUPS CHECK
==============================================================================
CUPS Installed | Yes
CUPS Running | Yes
CUPS Version | 1.7.5
CUPS IP URL (http://172.29.60.103:631) | 200
Cups server Http Status | 200
Cups printers Http Status | 200
Printers Configured | 251

==============================================================================
FTP CHECK
==============================================================================
FTP Installed | No
FTP Running (Port 21 localhost) | No
FTP Port 21 Reachable on 172.29.60.103 | No
FTP Processes | None

==============================================================================
JAVA CHECK
==============================================================================
Total Java Processes | 26
Batch/Daemon Java Processes | 23
Non-Standalone Java Processes | upshp_dwa, upshp_event, upshp_ftp, upshp_lbl, upshp_repl, upshp_rpt, upshp_jqgrid, upshp_sch, upshp_notisch, upshp_inbq, upshp_wld, upshud_dwa, upshud_event, upshud_ftp, upshud_lbl, upshud_repl, upshud_rpt, upshud_jqgrid, upshud_sch, upshud_inbq, upshud_wld, upsps_ftp, upsps_rpt

==============================================================================
BATCH/DAEMON JAVA DETAILS
==============================================================================
Batch/Daemon Java Processes | 23
Java-Name | Java-Path
upshp_dwa | /data/batchapp/softeon/upspznpsprod-upshp/downloaddaemon
upshp_event | /data/batchapp/softeon/upspznpsprod-upshp/eventdaemon
upshp_ftp | /data/batchapp/softeon/upspznpsprod-upshp/ftpdaemon
upshp_lbl | /data/batchapp/softeon/upspznpsprod-upshp/labeldaemon
upshp_repl | /data/batchapp/softeon/upspznpsprod-upshp/replenishmentdaemon
upshp_rpt | /data/batchapp/softeon/upspznpsprod-upshp/reportdaemon
upshp_jqgrid | /data/batchapp/softeon/upspznpsprod-upshp/reportjqgridexportdaemon
upshp_sch | /data/batchapp/softeon/upspznpsprod-upshp/schedulerdaemon
upshp_notisch | /data/batchapp/softeon/upspznpsprod-upshp/schedulerdaemon_notification
upshp_inbq | /data/batchapp/softeon/upspznpsprod-upshp/uploaddaemon
upshp_wld | /data/batchapp/softeon/upspznpsprod-upshp/wavelaunchdaemon
upshud_dwa | /data/batchapp/softeon/upspznpsprod-upshud/downloaddaemon
upshud_event | /data/batchapp/softeon/upspznpsprod-upshud/eventdaemon
upshud_ftp | /data/batchapp/softeon/upspznpsprod-upshud/ftpdaemon
upshud_lbl | /data/batchapp/softeon/upspznpsprod-upshud/labeldaemon
upshud_repl | /data/batchapp/softeon/upspznpsprod-upshud/replenishmentdaemon
upshud_rpt | /data/batchapp/softeon/upspznpsprod-upshud/reportdaemon
upshud_jqgrid | /data/batchapp/softeon/upspznpsprod-upshud/reportjqgridexportdaemon
upshud_sch | /data/batchapp/softeon/upspznpsprod-upshud/schedulerdaemon
upshud_inbq | /data/batchapp/softeon/upspznpsprod-upshud/uploaddaemon
upshud_wld | /data/batchapp/softeon/upspznpsprod-upshud/wavelaunchdaemon
upsps_ftp | /data/batchapp/softeon/upspznpsprod-upsps/ftpdaemon
upsps_rpt | /data/batchapp/softeon/upspznpsprod-upsps/reportdaemon

==============================================================================
JBOSS/WILDFLY APPS (simple table)
==============================================================================
JBoss App Processes | 0
JBoss Apps | None

==============================================================================
HEALTH MONITOR CRONTAB STATUS
==============================================================================
Health Monitor Crontab | Active

==============================================================================
Server Availability Check Completed | 2026-07-19 05:10:04.455129
==============================================================================

2026-07-19 01:10:33,399 - 366386 - ERROR - app_validation.py errors for i-02c90117ff22e436f:

2026-07-19 01:10:33,400 - 366386 - INFO - Before patching log saved: /data/patching_report/validation-2026-07-19/UPS-Productionization-PostSales-Batch/172.29.60.103/172.29.60.103-BeforePatching-2026-07-19-01-10-33-400.log
2026-07-19 01:10:33,586 - 366386 - INFO - Sent app_validation.py to i-033c5c84b5bf74969 (command_id: d1e9d421-fa74-439e-8140-dbbc41d455aa)
2026-07-19 01:11:03,690 - 366386 - INFO - app_validation.py output for i-033c5c84b5bf74969:

==============================================================================
Server Availability Check Started | 2026-07-19 05:10:33.895734
==============================================================================

==============================================================================
SYSTEM INFORMATION
==============================================================================
Server IP | 172.29.60.155
Hostname | ip-172-29-60-155
Current User | root
Working Directory | /usr/bin
Time Zone | UTC

==============================================================================
STORAGE CHECK | /data mounts
==============================================================================
Filesystem | Size | Used | Avail | Use% | Mounted on
/dev/nvme1n1p2 | 239.9G | 99.2G | 140.7G | 41% | /data
fs-0e14a7aa2eea9219c.efs.us-east-1.amazonaws.com:/ | 0B | 805.0G | 0B | 0% | /data2

==============================================================================
SYMLINK CHECK | root (/)
==============================================================================
Symlinks Total | 4
Symlinks Valid | 4
Symlinks Invalid | 0
Symlink | ResolvedTarget
/bin | /usr/bin
/lib | /usr/lib
/lib64 | /usr/lib64
/sbin | /usr/sbin

==============================================================================
NFS CHECK
==============================================================================
NFS Package Installed | Yes
nfs-server.service Active | No
nfs-client.target Active | Yes
/etc/exports Present | Yes
EXPORTS_LINE | (empty)
NFS_MOUNT | Device | MountPoint | FSType
NFS_MOUNT | fs-0e14a7aa2eea9219c.efs.us-east-1.amazonaws.com:/ | /data2 | nfs4

==============================================================================
CUPS CHECK
==============================================================================
CUPS Installed | Yes
CUPS Running | Yes
CUPS Version | 1.7.5
CUPS IP URL (http://172.29.60.155:631) | 200
Cups server Http Status | 200
Cups printers Http Status | 200
Printers Configured | 251

==============================================================================
FTP CHECK
==============================================================================
FTP Installed | No
FTP Running (Port 21 localhost) | No
FTP Port 21 Reachable on 172.29.60.155 | No
FTP Processes | None

==============================================================================
JAVA CHECK
==============================================================================
Total Java Processes | 10
Batch/Daemon Java Processes | 8
Non-Standalone Java Processes | upsps_dwa, upsps_event, upsps_lbl, upsps_repl, upsps_jqgrid, upsps_sch, upsps_inbq, upsps_wld

==============================================================================
BATCH/DAEMON JAVA DETAILS
==============================================================================
Batch/Daemon Java Processes | 8
Java-Name | Java-Path
upsps_dwa | /data/batchapp/softeon/upspznpsprod-upsps/downloaddaemon
upsps_event | /data/batchapp/softeon/upspznpsprod-upsps/eventdaemon
upsps_lbl | /data/batchapp/softeon/upspznpsprod-upsps/labeldaemon
upsps_repl | /data/batchapp/softeon/upspznpsprod-upsps/replenishmentdaemon
upsps_jqgrid | /data/batchapp/softeon/upspznpsprod-upsps/reportjqgridexportdaemon
upsps_sch | /data/batchapp/softeon/upspznpsprod-upsps/schedulerdaemon
upsps_inbq | /data/batchapp/softeon/upspznpsprod-upsps/uploaddaemon
upsps_wld | /data/batchapp/softeon/upspznpsprod-upsps/wavelaunchdaemon

==============================================================================
JBOSS/WILDFLY APPS (simple table)
==============================================================================
JBoss App Processes | 0
JBoss Apps | None

==============================================================================
HEALTH MONITOR CRONTAB STATUS
==============================================================================

2026-07-19 01:11:03,690 - 366386 - ERROR - app_validation.py errors for i-033c5c84b5bf74969:
Traceback (most recent call last):
  File "<stdin>", line 873, in <module>
  File "<stdin>", line 864, in main
UnboundLocalError: local variable 'found' referenced before assignment
failed to run commands: exit status 1
2026-07-19 01:11:03,691 - 366386 - INFO - Before patching log saved: /data/patching_report/validation-2026-07-19/UPS-Productionization-PostSales-Batch/172.29.60.155/172.29.60.155-BeforePatching-2026-07-19-01-11-03-691.log
2026-07-19 01:11:08,950 - 366386 - INFO - i-02c90117ff22e436f: Cron was active = True
2026-07-19 01:11:14,147 - 366386 - INFO - i-033c5c84b5bf74969: Cron was active = False
2026-07-19 01:11:14,318 - 366386 - INFO - Health monitor crontab disabled on all instances
2026-07-19 01:11:14,319 - 366386 - INFO - Disabled cron for: ['i-02c90117ff22e436f']
2026-07-19 01:11:14,464 - 366386 - INFO - Sending patch command to instance i-02c90117ff22e436f
2026-07-19 01:11:14,573 - 366386 - INFO - Command sent successfully to instance i-02c90117ff22e436f. Command ID: c53440e1-cc23-428e-8961-a2f40d8719e6
2026-07-19 01:11:14,712 - 366386 - INFO - Sending patch command to instance i-033c5c84b5bf74969
2026-07-19 01:11:14,804 - 366386 - INFO - Command sent successfully to instance i-033c5c84b5bf74969. Command ID: 2da1c2bf-212a-4a36-8f96-9702c9756bc9
2026-07-19 01:19:46,892 - 366386 - INFO - All patches applied successfully.
2026-07-19 01:19:46,892 - 366386 - INFO - Patching end time: 2026-07-19 01:19:46
2026-07-19 01:19:46,892 - 366386 - INFO - Patch Elapsed time: 0:09:43.793253
2026-07-19 01:19:46,959 - 366386 - INFO - Email sent successfully to ['CloudOps@softeon.com']
2026-07-19 01:19:46,959 - 366386 - INFO - Confirmed - services are stopped
2026-07-19 01:20:07,277 - 366386 - INFO - Discovered TG map: {}
2026-07-19 01:20:07,502 - 366386 - INFO - Stopping EC2 instance: i-02c90117ff22e436f at 2026-07-19 01:20:07
2026-07-19 01:21:54,102 - 366386 - INFO - Instance i-02c90117ff22e436f stopped successfully.
2026-07-19 01:21:54,340 - 366386 - INFO - Stopped i-02c90117ff22e436f in 0:01:46.837634
2026-07-19 01:21:54,340 - 366386 - INFO - Starting EC2 instance: i-02c90117ff22e436f
2026-07-19 01:22:10,439 - 366386 - INFO - Instance i-02c90117ff22e436f started successfully.
2026-07-19 01:22:10,439 - 366386 - INFO - Waiting 100 seconds for SSM agent to be ready on i-02c90117ff22e436f...
2026-07-19 01:23:50,625 - 366386 - INFO - Sent app_validation.py to i-02c90117ff22e436f (command_id: 92e10225-1b71-4222-8361-b8aa1cd2747e)
2026-07-19 01:24:20,725 - 366386 - INFO - app_validation.py output for i-02c90117ff22e436f:

==============================================================================
Server Availability Check Started | 2026-07-19 05:23:50.915777
==============================================================================

==============================================================================
SYSTEM INFORMATION
==============================================================================
Server IP | 172.29.60.103
Hostname | ip-172-29-60-103
Current User | root
Working Directory | /usr/bin
Time Zone | UTC

==============================================================================
STORAGE CHECK | /data mounts
==============================================================================
Filesystem | Size | Used | Avail | Use% | Mounted on
/dev/nvme1n1p2 | 239.9G | 146.9G | 93.0G | 61% | /data
fs-0e14a7aa2eea9219c.efs.us-east-1.amazonaws.com:/ | 0B | 805.0G | 0B | 0% | /data2

==============================================================================
SYMLINK CHECK | root (/)
==============================================================================
Symlinks Total | 4
Symlinks Valid | 4
Symlinks Invalid | 0
Symlink | ResolvedTarget
/bin | /usr/bin
/lib | /usr/lib
/lib64 | /usr/lib64
/sbin | /usr/sbin

==============================================================================
NFS CHECK
==============================================================================
NFS Package Installed | Yes
nfs-server.service Active | No
nfs-client.target Active | Yes
/etc/exports Present | Yes
EXPORTS_LINE | (empty)
NFS_MOUNT | Device | MountPoint | FSType
NFS_MOUNT | fs-0e14a7aa2eea9219c.efs.us-east-1.amazonaws.com:/ | /data2 | nfs4

==============================================================================
CUPS CHECK
==============================================================================
CUPS Installed | Yes
CUPS Running | No
CUPS Version | 1.7.5
CUPS IP Port 631 Reachable | No
Cups server Http Status | Not Found
Cups printers Http Status | Not Found
Printers Configured | 0

==============================================================================
FTP CHECK
==============================================================================
FTP Installed | No
FTP Running (Port 21 localhost) | No
FTP Port 21 Reachable on 172.29.60.103 | No
FTP Processes | None

==============================================================================
JAVA CHECK
==============================================================================
Total Java Processes | 2
Batch/Daemon Java Processes | 0
Non-Standalone Java Processes | Not Found

==============================================================================
BATCH/DAEMON JAVA DETAILS
==============================================================================
Batch/Daemon Java Processes | 0
Batch/Daemon Java Details | None

==============================================================================
JBOSS/WILDFLY APPS (simple table)
==============================================================================
JBoss App Processes | 0
JBoss Apps | None

==============================================================================
HEALTH MONITOR CRONTAB STATUS
==============================================================================
Health Monitor Crontab | Disabled

==============================================================================
Server Availability Check Completed | 2026-07-19 05:23:51.235315
==============================================================================

2026-07-19 01:24:20,725 - 366386 - ERROR - app_validation.py errors for i-02c90117ff22e436f:

2026-07-19 01:24:20,726 - 366386 - INFO - After patching validation saved to: /data/patching_report/validation-2026-07-19/UPS-Productionization-PostSales-Batch/172.29.60.103/172.29.60.103-AfterPatching-2026-07-19-01-24-20-726.log
2026-07-19 01:24:20,777 - 366386 - INFO - Validation comparison report generated: /data/patching_report/validation-2026-07-19/UPS-Productionization-PostSales-Batch/172.29.60.103/172.29.60.103-Validation-details-2026-07-19-01-24-20-726.html
2026-07-19 01:24:20,908 - 366386 - INFO - Daemon count - Pre: 23, Post: 0
2026-07-19 01:24:20,908 - 366386 - INFO - CUPS: before=running after=not running version=1.7.5
2026-07-19 01:24:20,908 - 366386 - INFO - Manage_cron: True, daemon_action: True, cups_action: True
2026-07-19 01:24:20,909 - 366386 - INFO - Background: restarting daemons on i-02c90117ff22e436f
2026-07-19 01:24:20,909 - 366386 - INFO - Background thread started for i-02c90117ff22e436f - daemon:True cups:True
2026-07-19 01:24:21,258 - 366386 - INFO - Started i-02c90117ff22e436f in 0:02:26.918028
2026-07-19 01:24:21,259 - 366386 - INFO - Waiting 120 seconds before proceeding to the next instance...
2026-07-19 01:25:21,276 - 366386 - INFO - Daemon restart output: /data/batchapp/softeon/upspznpsprod/startall-upspznpsprod-Daemon.sh


Starting downloaddaemon


Starting eventdaemon


Starting ftpdaemon


Starting labeldaemon


Starting replenishmentdaemon


Starting reportdaemon


Starting reportjqgridexportdaemon


Starting schedulerdaemon


Starting schedulerdaemon_notification


Starting uploaddaemon


Starting wavelaunchdaemon


Starting downloaddaemon


Starting eventdaemon


Starting ftpdaemon


Starting labeldaemon


Starting replenishmentdaemon


Starting reportdaemon


Starting reportjqgridexportdaemon


Starting schedulerdaemon


Starting uploaddaemon


Starting wavelaunchdaemon


Starting ftpdaemon


Starting reportdaemon
/data/batchapp/softeon/upspznpsprod-upshud/startall-upspznpsprod-upshud-Daemon.sh

Current Batch  Application process already running with Process id: 3784

Current Batch  Application process already running with Process id: 3832

Current Batch  Application process already running with Process id: 3880

Current Batch  Application process already running with Process id: 3928

Current Batch  Application process already running with Process id: 3977

Current Batch  Application process already running with Process id: 4025

Current Batch  Application process already running with Process id: 4073

Current Batch  Application process already running with Process id: 4121

Current Batch  Application process already running with Process id: 4170

Current Batch  Application process already running with Process id: 4215
/data/batchapp/softeon/upspznpsprod-upsps/startall-upspznpsprod-upsps-Daemon.sh

Current Batch  Application process already running with Process id: 4268

Current Batch  Application process already running with Process id: 4319
/data/batchapp/softeon/upspznpsprod-upshp/startall-upspznpsprod-upshp-Daemon.sh

Current Batch  Application process already running with Process id: 3174

Current Batch  Application process already running with Process id: 3217

Current Batch  Application process already running with Process id: 3270

Current Batch  Application process already running with Process id: 3320

Current Batch  Application process already running with Process id: 3368

Current Batch  Application process already running with Process id: 3421

Current Batch  Application process already running with Process id: 3469

Current Batch  Application process already running with Process id: 3587

Current Batch  Application process already running with Process id: 3638

Current Batch  Application process already running with Process id: 3687

Current Batch  Application process already running with Process id: 3735

2026-07-19 01:25:21,277 - 366386 - INFO - Waiting 100 sec for daemons to start on i-02c90117ff22e436f
2026-07-19 01:26:21,340 - 366386 - INFO - Stopping EC2 instance: i-033c5c84b5bf74969 at 2026-07-19 01:26:21
2026-07-19 01:27:01,303 - 366386 - INFO - CUPS was running (v1.7.5) before, not running after - reinstalling on i-02c90117ff22e436f
2026-07-19 01:27:01,477 - 366386 - INFO - CUPS upgrade command sent to i-02c90117ff22e436f (command_id: 64c2b1d5-a6ed-4599-91d8-9488698c4567)
2026-07-19 01:28:07,872 - 366386 - INFO - Instance i-033c5c84b5bf74969 stopped successfully.
2026-07-19 01:28:08,116 - 366386 - INFO - Stopped i-033c5c84b5bf74969 in 0:01:46.775875
2026-07-19 01:28:08,117 - 366386 - INFO - Starting EC2 instance: i-033c5c84b5bf74969
2026-07-19 01:28:24,260 - 366386 - INFO - Instance i-033c5c84b5bf74969 started successfully.
2026-07-19 01:28:24,260 - 366386 - INFO - Waiting 100 seconds for SSM agent to be ready on i-033c5c84b5bf74969...
2026-07-19 01:28:31,664 - 366386 - INFO - CUPS upgrade output: '/etc/cups' -> '/tmp/cups-backup/cups1.7.5/cups'
'/etc/cups/printers.conf' -> '/tmp/cups-backup/cups1.7.5/cups/printers.conf'
'/etc/cups/snmp.conf.N' -> '/tmp/cups-backup/cups1.7.5/cups/snmp.conf.N'
'/etc/cups/printers.conf.O' -> '/tmp/cups-backup/cups1.7.5/cups/printers.conf.O'
'/etc/cups/cups-files.conf.N' -> '/tmp/cups-backup/cups1.7.5/cups/cups-files.conf.N'
'/etc/cups/cupsd.conf.N' -> '/tmp/cups-backup/cups1.7.5/cups/cupsd.conf.N'
'/etc/cups/cupsd.conf.default' -> '/tmp/cups-backup/cups1.7.5/cups/cupsd.conf.default'
'/etc/cups/interfaces' -> '/tmp/cups-backup/cups1.7.5/cups/interfaces'
'/etc/cups/cups-files.conf' -> '/tmp/cups-backup/cups1.7.5/cups/cups-files.conf'
'/etc/cups/cupsd.conf' -> '/tmp/cups-backup/cups1.7.5/cups/cupsd.conf'
'/etc/cups/snmp.conf' -> '/tmp/cups-backup/cups1.7.5/cups/snmp.conf'
'/etc/cups/client.conf' -> '/tmp/cups-backup/cups1.7.5/cups/client.conf'
'/etc/cups/ssl' -> '/tmp/cups-backup/cups1.7.5/cups/ssl'
'/etc/cups/ppd' -> '/tmp/cups-backup/cups1.7.5/cups/ppd'
Last metadata expiration check: 0:08:23 ago on Sun Jul 19 05:18:39 2026.
Dependencies resolved.
================================================================================
 Package           Architecture     Version             Repository         Size
================================================================================
Installing Groups:
 Development Tools                                                             

Transaction Summary
================================================================================

Complete!
cups-1.7.5/
cups-1.7.5/backend/
cups-1.7.5/berkeley/
cups-1.7.5/cgi-bin/
cups-1.7.5/CHANGES-1.0.txt
cups-1.7.5/CHANGES-1.1.txt
cups-1.7.5/CHANGES-1.2.txt
cups-1.7.5/CHANGES-1.3.txt
cups-1.7.5/CHANGES-1.4.txt
cups-1.7.5/CHANGES-1.5.txt
cups-1.7.5/CHANGES-1.6.txt
cups-1.7.5/CHANGES-IPPTOOL.txt
cups-1.7.5/CHANGES.txt
cups-1.7.5/conf/
cups-1.7.5/config-scripts/
cups-1.7.5/config.h.in
cups-1.7.5/configure
cups-1.7.5/configure.in
cups-1.7.5/CREDITS.txt
cups-1.7.5/cups/
cups-1.7.5/cups-config.in
cups-1.7.5/data/
cups-1.7.5/desktop/
cups-1.7.5/doc/
cups-1.7.5/examples/
cups-1.7.5/filter/
cups-1.7.5/install-sh
cups-1.7.5/INSTALL.txt
cups-1.7.5/IPPTOOL.txt
cups-1.7.5/LICENSE.txt
cups-1.7.5/locale/
cups-1.7.5/Makedefs.in
cups-1.7.5/Makefile
cups-1.7.5/man/
cups-1.7.5/monitor/
cups-1.7.5/notifier/
cups-1.7.5/packaging/
cups-1.7.5/ppdc/
cups-1.7.5/README.txt
cups-1.7.5/scheduler/
cups-1.7.5/systemv/
cups-1.7.5/templates/
cups-1.7.5/test/
cups-1.7.5/vcnet/
cups-1.7.5/xcode/
cups-1.7.5/xcode/config.h
cups-1.7.5/xcode/CUPS.xcodeproj/
cups-1.7.5/xcode/CUPS.xcodeproj/project.pbxproj
cups-1.7.5/vcnet/config.h
cups-1.7.5/vcnet/cups.sln
cups-1.7.5/vcnet/cupstestppd.vcproj
cups-1.7.5/vcnet/ippfind.vcproj
cups-1.7.5/vcnet/ipptool-installer.vdproj
cups-1.7.5/vcnet/ipptool.vcproj
cups-1.7.5/vcnet/libcups2-installer.vdproj
cups-1.7.5/vcnet/libcups2.vcproj
cups-1.7.5/vcnet/libcupsimage2.vcproj
cups-1.7.5/vcnet/README.txt
cups-1.7.5/vcnet/regex/
cups-1.7.5/vcnet/regex.vcproj
cups-1.7.5/vcnet/setdebug.bat
cups-1.7.5/vcnet/testfile.vcproj
cups-1.7.5/vcnet/testhttp.vcproj
cups-1.7.5/vcnet/regex/cclass.h
cups-1.7.5/vcnet/regex/cname.h
cups-1.7.5/vcnet/regex/COPYRIGHT
cups-1.7.5/vcnet/regex/debug.c
cups-1.7.5/vcnet/regex/debug.ih
cups-1.7.5/vcnet/regex/engine.c
cups-1.7.5/vcnet/regex/engine.ih
cups-1.7.5/vcnet/regex/main.c
cups-1.7.5/vcnet/regex/main.ih
cups-1.7.5/vcnet/regex/Makefile
cups-1.7.5/vcnet/regex/mkh
cups-1.7.5/vcnet/regex/README
cups-1.7.5/vcnet/regex/regcomp.c
cups-1.7.5/vcnet/regex/regcomp.ih
cups-1.7.5/vcnet/regex/regerror.c
cups-1.7.5/vcnet/regex/regerror.ih
cups-1.7.5/vcnet/regex/regex.3
cups-1.7.5/vcnet/regex/regex.7
cups-1.7.5/vcnet/regex/regex.def
cups-1.7.5/vcnet/regex/regex.h
cups-1.7.5/vcnet/regex/regex2.h
cups-1.7.5/vcnet/regex/regexec.c
cups-1.7.5/vcnet/regex/regfree.c
cups-1.7.5/vcnet/regex/split.c
cups-1.7.5/vcnet/regex/tests
cups-1.7.5/vcnet/regex/utils.h
cups-1.7.5/vcnet/regex/WHATSNEW
cups-1.7.5/test/4.1-requests.test
cups-1.7.5/test/4.2-cups-printer-ops.test
cups-1.7.5/test/4.3-job-ops.test
cups-1.7.5/test/4.4-subscription-ops.test
cups-1.7.5/test/5.1-lpadmin.sh
cups-1.7.5/test/5.2-lpc.sh
cups-1.7.5/test/5.3-lpq.sh
cups-1.7.5/test/5.4-lpstat.sh
cups-1.7.5/test/5.5-lp.sh
cups-1.7.5/test/5.6-lpr.sh
cups-1.7.5/test/5.7-lprm.sh
cups-1.7.5/test/5.8-cancel.sh
cups-1.7.5/test/5.9-lpinfo.sh
cups-1.7.5/test/cancel-current-job.test
cups-1.7.5/test/color.jpg
cups-1.7.5/test/create-job-format.test
cups-1.7.5/test/create-job-sheets.test
cups-1.7.5/test/create-job-timeout.test
cups-1.7.5/test/create-job.test
cups-1.7.5/test/create-printer-subscription.test
cups-1.7.5/test/Dependencies
cups-1.7.5/test/document-a4.pdf
cups-1.7.5/test/document-a4.ps
cups-1.7.5/test/document-a4.sla
cups-1.7.5/test/document-letter.pdf
cups-1.7.5/test/document-letter.ps
cups-1.7.5/test/document-letter.sla
cups-1.7.5/test/get-completed-jobs.test
cups-1.7.5/test/get-devices.test
cups-1.7.5/test/get-job-attributes.test
cups-1.7.5/test/get-job-attributes2.test
cups-1.7.5/test/get-jobs.test
cups-1.7.5/test/get-notifications.test
cups-1.7.5/test/get-ppd-printer.test
cups-1.7.5/test/get-ppd.test
cups-1.7.5/test/get-ppds-drv-only.test
cups-1.7.5/test/get-ppds-language.test
cups-1.7.5/test/get-ppds-make-and-model.test
cups-1.7.5/test/get-ppds-make.test
cups-1.7.5/test/get-ppds-product.test
cups-1.7.5/test/get-ppds-psversion.test
cups-1.7.5/test/get-ppds.test
cups-1.7.5/test/get-printer-attributes-2.0.test
cups-1.7.5/test/get-printer-attributes.test
cups-1.7.5/test/get-printers.test
cups-1.7.5/test/get-subscriptions.test
cups-1.7.5/test/gray.jpg
cups-1.7.5/test/ipp-1.1.test
cups-1.7.5/test/ipp-2.0.test
cups-1.7.5/test/ipp-2.1.test
cups-1.7.5/test/ipp-2.2.test
cups-1.7.5/test/ipp-backend.test
cups-1.7.5/test/ipp-everywhere.test
cups-1.7.5/test/ippdiscover.c
cups-1.7.5/test/ippfind.c
cups-1.7.5/test/ippserver.c
cups-1.7.5/test/ipptool.c
cups-1.7.5/test/make-ippeverywhere-print-tests.sh
cups-1.7.5/test/Makefile
cups-1.7.5/test/onepage-a4-300-black-1.pwg.gz
cups-1.7.5/test/onepage-a4.pdf
cups-1.7.5/test/onepage-a4.ps
cups-1.7.5/test/onepage-a4.sla
cups-1.7.5/test/onepage-letter-300-black-1.pwg.gz
cups-1.7.5/test/onepage-letter.pdf
cups-1.7.5/test/onepage-letter.ps
cups-1.7.5/test/onepage-letter.sla
cups-1.7.5/test/print-job-and-wait.test
cups-1.7.5/test/print-job-deflate.test
cups-1.7.5/test/print-job-gzip.test
cups-1.7.5/test/print-job-hold.test
cups-1.7.5/test/print-job-media-col.test
cups-1.7.5/test/print-job-password.test
cups-1.7.5/test/print-job.test
cups-1.7.5/test/print-uri.test
cups-1.7.5/test/printer.opacity
cups-1.7.5/test/printer.png
cups-1.7.5/test/run-stp-tests.sh
cups-1.7.5/test/set-attrs-hold.test
cups-1.7.5/test/str-header.html
cups-1.7.5/test/str-trailer.html
cups-1.7.5/test/test.convs
cups-1.7.5/test/testfile.jpg
cups-1.7.5/test/testfile.pcl
cups-1.7.5/test/testfile.pdf
cups-1.7.5/test/testfile.ps
cups-1.7.5/test/testfile.txt
cups-1.7.5/test/testhp.ppd
cups-1.7.5/test/testps.ppd
cups-1.7.5/test/validate-job.test
cups-1.7.5/test/waitjobs.sh
cups-1.7.5/test/xmltotest.c
cups-1.7.5/templates/add-class.tmpl
cups-1.7.5/templates/add-printer.tmpl
cups-1.7.5/templates/add-rss-subscription.tmpl
cups-1.7.5/templates/admin.tmpl
cups-1.7.5/templates/ca/
cups-1.7.5/templates/choose-device.tmpl
cups-1.7.5/templates/choose-make.tmpl
cups-1.7.5/templates/choose-model.tmpl
cups-1.7.5/templates/choose-serial.tmpl
cups-1.7.5/templates/choose-uri.tmpl
cups-1.7.5/templates/class-added.tmpl
cups-1.7.5/templates/class-confirm.tmpl
cups-1.7.5/templates/class-deleted.tmpl
cups-1.7.5/templates/class-jobs-header.tmpl
cups-1.7.5/templates/class-modified.tmpl
cups-1.7.5/templates/class.tmpl
cups-1.7.5/templates/classes-header.tmpl
cups-1.7.5/templates/classes.tmpl
cups-1.7.5/templates/command.tmpl
cups-1.7.5/templates/cs/
cups-1.7.5/templates/de/
cups-1.7.5/templates/edit-config.tmpl
cups-1.7.5/templates/error-op.tmpl
cups-1.7.5/templates/error.tmpl
cups-1.7.5/templates/es/
cups-1.7.5/templates/fr/
cups-1.7.5/templates/header.tmpl.in
cups-1.7.5/templates/help-header.tmpl
cups-1.7.5/templates/help-printable.tmpl
cups-1.7.5/templates/help-trailer.tmpl
cups-1.7.5/templates/it/
cups-1.7.5/templates/ja/
cups-1.7.5/templates/job-cancel.tmpl
cups-1.7.5/templates/job-hold.tmpl
cups-1.7.5/templates/job-move.tmpl
cups-1.7.5/templates/job-moved.tmpl
cups-1.7.5/templates/job-release.tmpl
cups-1.7.5/templates/job-restart.tmpl
cups-1.7.5/templates/jobs-header.tmpl
cups-1.7.5/templates/jobs.tmpl
cups-1.7.5/templates/list-available-printers.tmpl
cups-1.7.5/templates/Makefile
cups-1.7.5/templates/modify-class.tmpl
cups-1.7.5/templates/modify-printer.tmpl
cups-1.7.5/templates/norestart.tmpl
cups-1.7.5/templates/option-boolean.tmpl
cups-1.7.5/templates/option-conflict.tmpl
cups-1.7.5/templates/option-header.tmpl
cups-1.7.5/templates/option-pickmany.tmpl
cups-1.7.5/templates/option-pickone.tmpl
cups-1.7.5/templates/option-trailer.tmpl
cups-1.7.5/templates/pager.tmpl
cups-1.7.5/templates/printer-accept.tmpl
cups-1.7.5/templates/printer-added.tmpl
cups-1.7.5/templates/printer-configured.tmpl
cups-1.7.5/templates/printer-confirm.tmpl
cups-1.7.5/templates/printer-default.tmpl
cups-1.7.5/templates/printer-deleted.tmpl
cups-1.7.5/templates/printer-jobs-header.tmpl
cups-1.7.5/templates/printer-modified.tmpl
cups-1.7.5/templates/printer-purge.tmpl
cups-1.7.5/templates/printer-reject.tmpl
cups-1.7.5/templates/printer-start.tmpl
cups-1.7.5/templates/printer-stop.tmpl
cups-1.7.5/templates/printer.tmpl
cups-1.7.5/templates/printers-header.tmpl
cups-1.7.5/templates/printers.tmpl
cups-1.7.5/templates/pt_BR/
cups-1.7.5/templates/restart.tmpl
cups-1.7.5/templates/ru/
cups-1.7.5/templates/samba-export.tmpl
cups-1.7.5/templates/samba-exported.tmpl
cups-1.7.5/templates/search.tmpl
cups-1.7.5/templates/set-printer-options-header.tmpl
cups-1.7.5/templates/set-printer-options-trailer.tmpl
cups-1.7.5/templates/subscription-added.tmpl
cups-1.7.5/templates/subscription-canceled.tmpl
cups-1.7.5/templates/test-page.tmpl
cups-1.7.5/templates/trailer.tmpl
cups-1.7.5/templates/users.tmpl
cups-1.7.5/templates/ru/add-class.tmpl
cups-1.7.5/templates/ru/add-printer.tmpl
cups-1.7.5/templates/ru/add-rss-subscription.tmpl
cups-1.7.5/templates/ru/admin.tmpl
cups-1.7.5/templates/ru/choose-device.tmpl
cups-1.7.5/templates/ru/choose-make.tmpl
cups-1.7.5/templates/ru/choose-model.tmpl
cups-1.7.5/templates/ru/choose-serial.tmpl
cups-1.7.5/templates/ru/choose-uri.tmpl
cups-1.7.5/templates/ru/class-added.tmpl
cups-1.7.5/templates/ru/class-confirm.tmpl
cups-1.7.5/templates/ru/class-deleted.tmpl
cups-1.7.5/templates/ru/class-jobs-header.tmpl
cups-1.7.5/templates/ru/class-modified.tmpl
cups-1.7.5/templates/ru/class.tmpl
cups-1.7.5/templates/ru/classes-header.tmpl
cups-1.7.5/templates/ru/classes.tmpl
cups-1.7.5/templates/ru/command.tmpl
cups-1.7.5/templates/ru/edit-config.tmpl
cups-1.7.5/templates/ru/error-op.tmpl
cups-1.7.5/templates/ru/error.tmpl
cups-1.7.5/templates/ru/header.tmpl.in
cups-1.7.5/templates/ru/help-header.tmpl
cups-1.7.5/templates/ru/help-printable.tmpl
cups-1.7.5/templates/ru/help-trailer.tmpl
cups-1.7.5/templates/ru/job-cancel.tmpl
cups-1.7.5/templates/ru/job-hold.tmpl
cups-1.7.5/templates/ru/job-move.tmpl
cups-1.7.5/templates/ru/job-moved.tmpl
cups-1.7.5/templates/ru/job-release.tmpl
cups-1.7.5/templates/ru/job-restart.tmpl
cups-1.7.5/templates/ru/jobs-header.tmpl
cups-1.7.5/templates/ru/jobs.tmpl
cups-1.7.5/templates/ru/list-available-printers.tmpl
cups-1.7.5/templates/ru/Makefile
cups-1.7.5/templates/ru/modify-class.tmpl
cups-1.7.5/templates/ru/modify-printer.tmpl
cups-1.7.5/templates/ru/norestart.tmpl
cups-1.7.5/templates/ru/option-boolean.tmpl
cups-1.7.5/templates/ru/option-conflict.tmpl
cups-1.7.5/templates/ru/option-header.tmpl
cups-1.7.5/templates/ru/option-pickmany.tmpl
cups-1.7.5/templates/ru/option-pickone.tmpl
cups-1.7.5/templates/ru/option-trailer.tmpl
cups-1.7.5/templates/ru/pager.tmpl
cups-1.7.5/templates/ru/printer-accept.tmpl
cups-1.7.5/templates/ru/printer-added.tmpl
cups-1.7.5/templates/ru/printer-configured.tmpl
cups-1.7.5/templates/ru/printer-confirm.tmpl
cups-1.7.5/templates/ru/printer-default.tmpl
cups-1.7.5/templates/ru/printer-deleted.tmpl
cups-1.7.5/templates/ru/printer-jobs-header.tmpl
cups-1.7.5/templates/ru/printer-modified.tmpl
cups-1.7.5/templates/ru/printer-purge.tmpl
cups-1.7.5/templates/ru/printer-reject.tmpl
cups-1.7.5/templates/ru/printer-start.tmpl
cups-1.7.5/templates/ru/printer-stop.tmpl
cups-1.7.5/templates/ru/printer.tmpl
cups-1.7.5/templates/ru/printers-header.tmpl
cups-1.7.5/templates/ru/printers.tmpl
cups-1.7.5/templates/ru/restart.tmpl
cups-1.7.5/templates/ru/samba-export.tmpl
cups-1.7.5/templates/ru/samba-exported.tmpl
cups-1.7.5/templates/ru/search.tmpl
cups-1.7.5/templates/ru/set-printer-options-header.tmpl
cups-1.7.5/templates/ru/set-printer-options-trailer.tmpl
cups-1.7.5/templates/ru/subscription-added.tmpl
cups-1.7.5/templates/ru/subscription-canceled.tmpl
cups-1.7.5/templates/ru/test-page.tmpl
cups-1.7.5/templates/ru/trailer.tmpl
cups-1.7.5/templates/ru/users.tmpl
cups-1.7.5/templates/pt_BR/add-class.tmpl
cups-1.7.5/templates/pt_BR/add-printer.tmpl
cups-1.7.5/templates/pt_BR/add-rss-subscription.tmpl
cups-1.7.5/templates/pt_BR/admin.tmpl
cups-1.7.5/templates/pt_BR/choose-device.tmpl
cups-1.7.5/templates/pt_BR/choose-make.tmpl
cups-1.7.5/templates/pt_BR/choose-model.tmpl
cups-1.7.5/templates/pt_BR/choose-serial.tmpl
cups-1.7.5/templates/pt_BR/choose-uri.tmpl
cups-1.7.5/templates/pt_BR/class-added.tmpl
cups-1.7.5/templates/pt_BR/class-confirm.tmpl
cups-1.7.5/templates/pt_BR/class-deleted.tmpl
cups-1.7.5/templates/pt_BR/class-jobs-header.tmpl
cups-1.7.5/templates/pt_BR/class-modified.tmpl
cups-1.7.5/templates/pt_BR/class.tmpl
cups-1.7.5/templates/pt_BR/classes-header.tmpl
cups-1.7.5/templates/pt_BR/classes.tmpl
cups-1.7.5/templates/pt_BR/command.tmpl
cups-1.7.5/templates/pt_BR/edit-config.tmpl
cups-1.7.5/templates/pt_BR/error-op.tmpl
cups-1.7.5/templates/pt_BR/error.tmpl
cups-1.7.5/templates/pt_BR/header.tmpl.in
cups-1.7.5/templates/pt_BR/help-header.tmpl
cups-1.7.5/templates/pt_BR/job-cancel.tmpl
cups-1.7.5/templates/pt_BR/job-hold.tmpl
cups-1.7.5/templates/pt_BR/job-move.tmpl
cups-1.7.5/templates/pt_BR/job-moved.tmpl
cups-1.7.5/templates/pt_BR/job-release.tmpl
cups-1.7.5/templates/pt_BR/job-restart.tmpl
cups-1.7.5/templates/pt_BR/jobs-header.tmpl
cups-1.7.5/templates/pt_BR/jobs.tmpl
cups-1.7.5/templates/pt_BR/list-available-printers.tmpl
cups-1.7.5/templates/pt_BR/modify-class.tmpl
cups-1.7.5/templates/pt_BR/modify-printer.tmpl
cups-1.7.5/templates/pt_BR/norestart.tmpl
cups-1.7.5/templates/pt_BR/option-boolean.tmpl
cups-1.7.5/templates/pt_BR/option-conflict.tmpl
cups-1.7.5/templates/pt_BR/option-header.tmpl
cups-1.7.5/templates/pt_BR/option-pickmany.tmpl
cups-1.7.5/templates/pt_BR/option-pickone.tmpl
cups-1.7.5/templates/pt_BR/option-trailer.tmpl
cups-1.7.5/templates/pt_BR/pager.tmpl
cups-1.7.5/templates/pt_BR/printer-accept.tmpl
cups-1.7.5/templates/pt_BR/printer-added.tmpl
cups-1.7.5/templates/pt_BR/printer-configured.tmpl
cups-1.7.5/templates/pt_BR/printer-confirm.tmpl
cups-1.7.5/templates/pt_BR/printer-default.tmpl
cups-1.7.5/templates/pt_BR/printer-deleted.tmpl
cups-1.7.5/templates/pt_BR/printer-jobs-header.tmpl
cups-1.7.5/templates/pt_BR/printer-modified.tmpl
cups-1.7.5/templates/pt_BR/printer-purge.tmpl
cups-1.7.5/templates/pt_BR/printer-reject.tmpl
cups-1.7.5/templates/pt_BR/printer-start.tmpl
cups-1.7.5/templates/pt_BR/printer-stop.tmpl
cups-1.7.5/templates/pt_BR/printer.tmpl
cups-1.7.5/templates/pt_BR/printers-header.tmpl
cups-1.7.5/templates/pt_BR/printers.tmpl
cups-1.7.5/templates/pt_BR/restart.tmpl
cups-1.7.5/templates/pt_BR/samba-export.tmpl
cups-1.7.5/templates/pt_BR/samba-exported.tmpl
cups-1.7.5/templates/pt_BR/search.tmpl
cups-1.7.5/templates/pt_BR/set-printer-options-header.tmpl
cups-1.7.5/templates/pt_BR/set-printer-options-trailer.tmpl
cups-1.7.5/templates/pt_BR/subscription-added.tmpl
cups-1.7.5/templates/pt_BR/subscription-canceled.tmpl
cups-1.7.5/templates/pt_BR/test-page.tmpl
cups-1.7.5/templates/pt_BR/trailer.tmpl
cups-1.7.5/templates/pt_BR/users.tmpl
cups-1.7.5/templates/ja/add-class.tmpl
cups-1.7.5/templates/ja/add-printer.tmpl
cups-1.7.5/templates/ja/add-rss-subscription.tmpl
cups-1.7.5/templates/ja/admin.tmpl
cups-1.7.5/templates/ja/choose-device.tmpl
cups-1.7.5/templates/ja/choose-make.tmpl
cups-1.7.5/templates/ja/choose-model.tmpl
cups-1.7.5/templates/ja/choose-serial.tmpl
cups-1.7.5/templates/ja/choose-uri.tmpl
cups-1.7.5/templates/ja/class-added.tmpl
cups-1.7.5/templates/ja/class-confirm.tmpl
cups-1.7.5/templates/ja/class-deleted.tmpl
cups-1.7.5/templates/ja/class-jobs-header.tmpl
cups-1.7.5/templates/ja/class-modified.tmpl
cups-1.7.5/templates/ja/class.tmpl
cups-1.7.5/templates/ja/classes-header.tmpl
cups-1.7.5/templates/ja/classes.tmpl
cups-1.7.5/templates/ja/command.tmpl
cups-1.7.5/templates/ja/edit-config.tmpl
cups-1.7.5/templates/ja/error-op.tmpl
cups-1.7.5/templates/ja/error.tmpl
cups-1.7.5/templates/ja/header.tmpl.in
cups-1.7.5/templates/ja/help-header.tmpl
cups-1.7.5/templates/ja/help-printable.tmpl
cups-1.7.5/templates/ja/help-trailer.tmpl
cups-1.7.5/templates/ja/job-cancel.tmpl
cups-1.7.5/templates/ja/job-hold.tmpl
cups-1.7.5/templates/ja/job-move.tmpl
cups-1.7.5/templates/ja/job-moved.tmpl
cups-1.7.5/templates/ja/job-release.tmpl
cups-1.7.5/templates/ja/job-restart.tmpl
cups-1.7.5/templates/ja/jobs-header.tmpl
cups-1.7.5/templates/ja/jobs.tmpl
cups-1.7.5/templates/ja/list-available-printers.tmpl
cups-1.7.5/templates/ja/modify-class.tmpl
cups-1.7.5/templates/ja/modify-printer.tmpl
cups-1.7.5/templates/ja/norestart.tmpl
cups-1.7.5/templates/ja/option-boolean.tmpl
cups-1.7.5/templates/ja/option-conflict.tmpl
cups-1.7.5/templates/ja/option-header.tmpl
cups-1.7.5/templates/ja/option-pickmany.tmpl
cups-1.7.5/templates/ja/option-pickone.tmpl
cups-1.7.5/templates/ja/option-trailer.tmpl
cups-1.7.5/templates/ja/pager.tmpl
cups-1.7.5/templates/ja/printer-accept.tmpl
cups-1.7.5/templates/ja/printer-added.tmpl
cups-1.7.5/templates/ja/printer-configured.tmpl
cups-1.7.5/templates/ja/printer-confirm.tmpl
cups-1.7.5/templates/ja/printer-default.tmpl
cups-1.7.5/templates/ja/printer-deleted.tmpl
cups-1.7.5/templates/ja/printer-jobs-header.tmpl
cups-1.7.5/templates/ja/printer-modified.tmpl
cups-1.7.5/templates/ja/printer-purge.tmpl
cups-1.7.5/templates/ja/printer-reject.tmpl
cups-1.7.5/templates/ja/printer-start.tmpl
cups-1.7.5/templates/ja/printer-stop.tmpl
cups-1.7.5/templates/ja/printer.tmpl
cups-1.7.5/templates/ja/printers-header.tmpl
cups-1.7.5/templates/ja/printers.tmpl
cups-1.7.5/templates/ja/restart.tmpl
cups-1.7.5/templates/ja/samba-export.tmpl
cups-1.7.5/templates/ja/samba-exported.tmpl
cups-1.7.5/templates/ja/search.tmpl
cups-1.7.5/templates/ja/set-printer-options-header.tmpl
cups-1.7.5/templates/ja/set-printer-options-trailer.tmpl
cups-1.7.5/templates/ja/subscription-added.tmpl
cups-1.7.5/templates/ja/subscription-canceled.tmpl
cups-1.7.5/templates/ja/test-page.tmpl
cups-1.7.5/templates/ja/trailer.tmpl
cups-1.7.5/templates/ja/users.tmpl
cups-1.7.5/templates/it/add-class.tmpl
cups-1.7.5/templates/it/add-printer.tmpl
cups-1.7.5/templates/it/add-rss-subscription.tmpl
cups-1.7.5/templates/it/admin.tmpl
cups-1.7.5/templates/it/choose-device.tmpl
cups-1.7.5/templates/it/choose-make.tmpl
cups-1.7.5/templates/it/choose-model.tmpl
cups-1.7.5/templates/it/choose-serial.tmpl
cups-1.7.5/templates/it/choose-uri.tmpl
cups-1.7.5/templates/it/class-added.tmpl
cups-1.7.5/templates/it/class-confirm.tmpl
cups-1.7.5/templates/it/class-deleted.tmpl
cups-1.7.5/templates/it/class-jobs-header.tmpl
cups-1.7.5/templates/it/class-modified.tmpl
cups-1.7.5/templates/it/class.tmpl
cups-1.7.5/templates/it/classes-header.tmpl
cups-1.7.5/templates/it/classes.tmpl
cups-1.7.5/templates/it/command.tmpl
cups-1.7.5/templates/it/edit-config.tmpl
cups-1.7.5/templates/it/error-op.tmpl
cups-1.7.5/templates/it/error.tmpl
cups-1.7.5/templates/it/header.tmpl.in
cups-1.7.5/templates/it/help-header.tmpl
cups-1.7.5/templates/it/help-printable.tmpl
cups-1.7.5/templates/it/help-trailer.tmpl
cups-1.7.5/templates/it/job-cancel.tmpl
cups-1.7.5/templates/it/job-hold.tmpl
cups-1.7.5/templates/it/job-move.tmpl
cups-1.7.5/templates/it/job-moved.tmpl
cups-1.7.5/templates/it/job-release.tmpl
cups-1.7.5/templates/it/job-restart.tmpl
cups-1.7.5/templates/it/jobs-header.tmpl
cups-1.7.5/templates/it/jobs.tmpl
cups-1.7.5/templates/it/list-available-printers.tmpl
cups-1.7.5/templates/it/modify-class.tmpl
cups-1.7.5/templates/it/modify-printer.tmpl
cups-1.7.5/templates/it/norestart.tmpl
cups-1.7.5/templates/it/option-boolean.tmpl
cups-1.7.5/templates/it/option-conflict.tmpl
cups-1.7.5/templates/it/option-header.tmpl
cups-1.7.5/templates/it/option-pickmany.tmpl
cups-1.7.5/templates/it/option-pickone.tmpl
cups-1.7.5/templates/it/option-trailer.tmpl
cups-1.7.5/templates/it/pager.tmpl
cups-1.7.5/templates/it/printer-accept.tmpl
cups-1.7.5/templates/it/printer-added.tmpl
cups-1.7.5/templates/it/printer-configured.tmpl
cups-1.7.5/templates/it/printer-confirm.tmpl
cups-1.7.5/templates/it/printer-default.tmpl
cups-1.7.5/templates/it/printer-deleted.tmpl
cups-1.7.5/templates/it/printer-jobs-header.tmpl
cups-1.7.5/templates/it/printer-modified.tmpl
cups-1.7.5/templates/it/printer-purge.tmpl
cups-1.7.5/templates/it/printer-reject.tmpl
cups-1.7.5/templates/it/printer-start.tmpl
cups-1.7.5/templates/it/printer-stop.tmpl
cups-1.7.5/templates/it/printer.tmpl
cups-1.7.5/templates/it/printers-header.tmpl
cups-1.7.5/templates/it/printers.tmpl
cups-1.7.5/templates/it/restart.tmpl
cups-1.7.5/templates/it/samba-export.tmpl
cups-1.7.5/templates/it/samba-exported.tmpl
cups-1.7.5/templates/it/search.tmpl
cups-1.7.5/templates/it/set-printer-options-header.tmpl
cups-1.7.5/templates/it/set-printer-options-trailer.tmpl
cups-1.7.5/templates/it/subscription-added.tmpl
cups-1.7.5/templates/it/subscription-canceled.tmpl
cups-1.7.5/templates/it/test-page.tmpl
cups-1.7.5/templates/it/trailer.tmpl
cups-1.7.5/templates/it/users.tmpl
cups-1.7.5/templates/fr/add-class.tmpl
cups-1.7.5/templates/fr/add-printer.tmpl
cups-1.7.5/templates/fr/add-rss-subscription.tmpl
cups-1.7.5/templates/fr/admin.tmpl
cups-1.7.5/templates/fr/choose-device.tmpl
cups-1.7.5/templates/fr/choose-make.tmpl
cups-1.7.5/templates/fr/choose-model.tmpl
cups-1.7.5/templates/fr/choose-serial.tmpl
cups-1.7.5/templates/fr/choose-uri.tmpl
cups-1.7.5/templates/fr/class-added.tmpl
cups-1.7.5/templates/fr/class-confirm.tmpl
cups-1.7.5/templates/fr/class-deleted.tmpl
cups-1.7.5/templates/fr/class-jobs-header.tmpl
cups-1.7.5/templates/fr/class-modified.tmpl
cups-1.7.5/templates/fr/class.tmpl
cups-1.7.5/templates/fr/classes-header.tmpl
cups-1.7.5/templates/fr/classes.tmpl
cups-1.7.5/templates/fr/command.tmpl
cups-1.7.5/templates/fr/edit-config.tmpl
cups-1.7.5/templates/fr/error-op.tmpl
cups-1.7.5/templates/fr/error.tmpl
cups-1.7.5/templates/fr/header.tmpl.in
cups-1.7.5/templates/fr/help-header.tmpl
cups-1.7.5/templates/fr/help-printable.tmpl
cups-1.7.5/templates/fr/help-trailer.tmpl
cups-1.7.5/templates/fr/job-cancel.tmpl
cups-1.7.5/templates/fr/job-hold.tmpl
cups-1.7.5/templates/fr/job-move.tmpl
cups-1.7.5/templates/fr/job-moved.tmpl
cups-1.7.5/templates/fr/job-release.tmpl
cups-1.7.5/templates/fr/job-restart.tmpl
cups-1.7.5/templates/fr/jobs-header.tmpl
cups-1.7.5/templates/fr/jobs.tmpl
cups-1.7.5/templates/fr/list-available-printers.tmpl
cups-1.7.5/templates/fr/modify-class.tmpl
cups-1.7.5/templates/fr/modify-printer.tmpl
cups-1.7.5/templates/fr/norestart.tmpl
cups-1.7.5/templates/fr/option-boolean.tmpl
cups-1.7.5/templates/fr/option-conflict.tmpl
cups-1.7.5/templates/fr/option-header.tmpl
cups-1.7.5/templates/fr/option-pickmany.tmpl
cups-1.7.5/templates/fr/option-pickone.tmpl
cups-1.7.5/templates/fr/option-trailer.tmpl
cups-1.7.5/templates/fr/pager.tmpl
cups-1.7.5/templates/fr/printer-accept.tmpl
cups-1.7.5/templates/fr/printer-added.tmpl
cups-1.7.5/temp--output truncated--
2026-07-19 01:28:31,665 - 366386 - INFO - CUPS reinstall successful on i-02c90117ff22e436f
2026-07-19 01:28:31,944 - 366386 - INFO - Sent app_validation.py to i-02c90117ff22e436f (command_id: 90faf7e1-53d1-4697-a102-859633a147e6)
2026-07-19 01:29:02,018 - 366386 - INFO - app_validation.py output for i-02c90117ff22e436f:

==============================================================================
Server Availability Check Started | 2026-07-19 05:28:32.197781
==============================================================================

==============================================================================
SYSTEM INFORMATION
==============================================================================
Server IP | 172.29.60.103
Hostname | ip-172-29-60-103
Current User | root
Working Directory | /usr/bin
Time Zone | UTC

==============================================================================
STORAGE CHECK | /data mounts
==============================================================================
Filesystem | Size | Used | Avail | Use% | Mounted on
/dev/nvme1n1p2 | 239.9G | 147.1G | 92.8G | 61% | /data
fs-0e14a7aa2eea9219c.efs.us-east-1.amazonaws.com:/ | 0B | 805.0G | 0B | 0% | /data2

==============================================================================
SYMLINK CHECK | root (/)
==============================================================================
Symlinks Total | 4
Symlinks Valid | 4
Symlinks Invalid | 0
Symlink | ResolvedTarget
/bin | /usr/bin
/lib | /usr/lib
/lib64 | /usr/lib64
/sbin | /usr/sbin

==============================================================================
NFS CHECK
==============================================================================
NFS Package Installed | Yes
nfs-server.service Active | No
nfs-client.target Active | Yes
/etc/exports Present | Yes
EXPORTS_LINE | (empty)
NFS_MOUNT | Device | MountPoint | FSType
NFS_MOUNT | fs-0e14a7aa2eea9219c.efs.us-east-1.amazonaws.com:/ | /data2 | nfs4

==============================================================================
CUPS CHECK
==============================================================================
CUPS Installed | Yes
CUPS Running | Yes
CUPS Version | 1.7.5
CUPS IP URL (http://172.29.60.103:631) | 200
Cups server Http Status | 200
Cups printers Http Status | 200
Printers Configured | 251

==============================================================================
FTP CHECK
==============================================================================
FTP Installed | No
FTP Running (Port 21 localhost) | No
FTP Port 21 Reachable on 172.29.60.103 | No
FTP Processes | None

==============================================================================
JAVA CHECK
==============================================================================
Total Java Processes | 25
Batch/Daemon Java Processes | 23
Non-Standalone Java Processes | upshp_dwa, upshp_event, upshp_ftp, upshp_lbl, upshp_repl, upshp_rpt, upshp_jqgrid, upshp_sch, upshp_notisch, upshp_inbq, upshp_wld, upshud_dwa, upshud_event, upshud_ftp, upshud_lbl, upshud_repl, upshud_rpt, upshud_jqgrid, upshud_sch, upshud_inbq, upshud_wld, upsps_ftp, upsps_rpt

==============================================================================
BATCH/DAEMON JAVA DETAILS
==============================================================================
Batch/Daemon Java Processes | 23
Java-Name | Java-Path
upshp_dwa | /data/batchapp/softeon/upspznpsprod-upshp/downloaddaemon
upshp_event | /data/batchapp/softeon/upspznpsprod-upshp/eventdaemon
upshp_ftp | /data/batchapp/softeon/upspznpsprod-upshp/ftpdaemon
upshp_lbl | /data/batchapp/softeon/upspznpsprod-upshp/labeldaemon
upshp_repl | /data/batchapp/softeon/upspznpsprod-upshp/replenishmentdaemon
upshp_rpt | /data/batchapp/softeon/upspznpsprod-upshp/reportdaemon
upshp_jqgrid | /data/batchapp/softeon/upspznpsprod-upshp/reportjqgridexportdaemon
upshp_sch | /data/batchapp/softeon/upspznpsprod-upshp/schedulerdaemon
upshp_notisch | /data/batchapp/softeon/upspznpsprod-upshp/schedulerdaemon_notification
upshp_inbq | /data/batchapp/softeon/upspznpsprod-upshp/uploaddaemon
upshp_wld | /data/batchapp/softeon/upspznpsprod-upshp/wavelaunchdaemon
upshud_dwa | /data/batchapp/softeon/upspznpsprod-upshud/downloaddaemon
upshud_event | /data/batchapp/softeon/upspznpsprod-upshud/eventdaemon
upshud_ftp | /data/batchapp/softeon/upspznpsprod-upshud/ftpdaemon
upshud_lbl | /data/batchapp/softeon/upspznpsprod-upshud/labeldaemon
upshud_repl | /data/batchapp/softeon/upspznpsprod-upshud/replenishmentdaemon
upshud_rpt | /data/batchapp/softeon/upspznpsprod-upshud/reportdaemon
upshud_jqgrid | /data/batchapp/softeon/upspznpsprod-upshud/reportjqgridexportdaemon
upshud_sch | /data/batchapp/softeon/upspznpsprod-upshud/schedulerdaemon
upshud_inbq | /data/batchapp/softeon/upspznpsprod-upshud/uploaddaemon
upshud_wld | /data/batchapp/softeon/upspznpsprod-upshud/wavelaunchdaemon
upsps_ftp | /data/batchapp/softeon/upspznpsprod-upsps/ftpdaemon
upsps_rpt | /data/batchapp/softeon/upspznpsprod-upsps/reportdaemon

==============================================================================
JBOSS/WILDFLY APPS (simple table)
==============================================================================
JBoss App Processes | 0
JBoss Apps | None

==============================================================================
HEALTH MONITOR CRONTAB STATUS
==============================================================================
Health Monitor Crontab | Disabled

==============================================================================
Server Availability Check Completed | 2026-07-19 05:28:33.025186
==============================================================================

2026-07-19 01:29:02,019 - 366386 - ERROR - app_validation.py errors for i-02c90117ff22e436f:

2026-07-19 01:29:02,139 - 366386 - INFO - Email sent successfully to ['kishlayk@softeon.com', 'CloudOps@softeon.com']
2026-07-19 01:29:02,139 - 366386 - INFO - RED re-validation mail sent for i-02c90117ff22e436f
2026-07-19 01:29:02,139 - 366386 - INFO - Still Red after restart - starting retry for i-02c90117ff22e436f
2026-07-19 01:29:02,139 - 366386 - INFO - [Retry-1] Waiting 300s for i-02c90117ff22e436f...
2026-07-19 01:30:04,549 - 366386 - INFO - Sent app_validation.py to i-033c5c84b5bf74969 (command_id: 12a3af06-05fb-48db-baf1-e88f51d2b2d1)
2026-07-19 01:30:34,672 - 366386 - INFO - app_validation.py output for i-033c5c84b5bf74969:

==============================================================================
Server Availability Check Started | 2026-07-19 05:30:04.893190
==============================================================================

==============================================================================
SYSTEM INFORMATION
==============================================================================
Server IP | 172.29.60.155
Hostname | ip-172-29-60-155
Current User | root
Working Directory | /usr/bin
Time Zone | UTC

==============================================================================
STORAGE CHECK | /data mounts
==============================================================================
Filesystem | Size | Used | Avail | Use% | Mounted on
/dev/nvme1n1p2 | 239.9G | 99.2G | 140.7G | 41% | /data
fs-0e14a7aa2eea9219c.efs.us-east-1.amazonaws.com:/ | 0B | 805.0G | 0B | 0% | /data2

==============================================================================
SYMLINK CHECK | root (/)
==============================================================================
Symlinks Total | 4
Symlinks Valid | 4
Symlinks Invalid | 0
Symlink | ResolvedTarget
/bin | /usr/bin
/lib | /usr/lib
/lib64 | /usr/lib64
/sbin | /usr/sbin

==============================================================================
NFS CHECK
==============================================================================
NFS Package Installed | Yes
nfs-server.service Active | No
nfs-client.target Active | Yes
/etc/exports Present | Yes
EXPORTS_LINE | (empty)
NFS_MOUNT | Device | MountPoint | FSType
NFS_MOUNT | fs-0e14a7aa2eea9219c.efs.us-east-1.amazonaws.com:/ | /data2 | nfs4

==============================================================================
CUPS CHECK
==============================================================================
CUPS Installed | Yes
CUPS Running | No
CUPS Version | 1.7.5
CUPS IP Port 631 Reachable | No
Cups server Http Status | Not Found
Cups printers Http Status | Not Found
Printers Configured | 0

==============================================================================
FTP CHECK
==============================================================================
FTP Installed | No
FTP Running (Port 21 localhost) | No
FTP Port 21 Reachable on 172.29.60.155 | No
FTP Processes | None

==============================================================================
JAVA CHECK
==============================================================================
Total Java Processes | 2
Batch/Daemon Java Processes | 0
Non-Standalone Java Processes | Not Found

==============================================================================
BATCH/DAEMON JAVA DETAILS
==============================================================================
Batch/Daemon Java Processes | 0
Batch/Daemon Java Details | None

==============================================================================
JBOSS/WILDFLY APPS (simple table)
==============================================================================
JBoss App Processes | 0
JBoss Apps | None

==============================================================================
HEALTH MONITOR CRONTAB STATUS
==============================================================================

2026-07-19 01:30:34,672 - 366386 - ERROR - app_validation.py errors for i-033c5c84b5bf74969:
Traceback (most recent call last):
  File "<stdin>", line 873, in <module>
  File "<stdin>", line 864, in main
UnboundLocalError: local variable 'found' referenced before assignment
failed to run commands: exit status 1
2026-07-19 01:30:34,673 - 366386 - INFO - After patching validation saved to: /data/patching_report/validation-2026-07-19/UPS-Productionization-PostSales-Batch/172.29.60.155/172.29.60.155-AfterPatching-2026-07-19-01-30-34-673.log
2026-07-19 01:30:34,726 - 366386 - INFO - Validation comparison report generated: /data/patching_report/validation-2026-07-19/UPS-Productionization-PostSales-Batch/172.29.60.155/172.29.60.155-Validation-details-2026-07-19-01-30-34-673.html
2026-07-19 01:30:34,987 - 366386 - INFO - Daemon count - Pre: 8, Post: 0
2026-07-19 01:30:34,987 - 366386 - INFO - CUPS: before=running after=not running version=1.7.5
2026-07-19 01:30:34,988 - 366386 - INFO - Manage_cron: False, daemon_action: True, cups_action: True
2026-07-19 01:30:34,988 - 366386 - INFO - Background: restarting daemons on i-033c5c84b5bf74969
2026-07-19 01:30:34,988 - 366386 - INFO - Background thread started for i-033c5c84b5bf74969 - daemon:True cups:True
2026-07-19 01:30:35,296 - 366386 - INFO - Started i-033c5c84b5bf74969 in 0:02:27.179415
2026-07-19 01:30:35,297 - 366386 - INFO - All instances processed.
2026-07-19 01:30:35,300 - 366386 - INFO - Restart Total time: 0:10:48.214022
2026-07-19 01:30:35,300 - 366386 - INFO - Auto-confirmed services are restarted
2026-07-19 01:30:35,301 - 366386 - INFO - Confirmed - services are started
2026-07-19 01:30:35,558 - 366386 - INFO - The following instances have failed the patch: []
2026-07-19 01:30:35,558 - 366386 - INFO - No instances have failed the patch.
2026-07-19 01:30:35,558 - 366386 - INFO - Total Patch Process time: 0:20:33.146428
2026-07-19 01:31:05,377 - 366386 - INFO - Daemon restart output: /data/batchapp/softeon/upspznpsprod/startall-upspznpsprod-Daemon.sh


Starting downloaddaemon


Starting eventdaemon


Starting labeldaemon


Starting replenishmentdaemon


Starting reportjqgridexportdaemon


Starting schedulerdaemon


Starting uploaddaemon


Starting wavelaunchdaemon
/data/batchapp/softeon/upspznpsprod-upsps/startall-upspznpsprod-upsps-Daemon.sh

Current Batch  Application process already running with Process id: 3251

Current Batch  Application process already running with Process id: 3294

Current Batch  Application process already running with Process id: 3347

Current Batch  Application process already running with Process id: 3395

Current Batch  Application process already running with Process id: 3446

Current Batch  Application process already running with Process id: 3496

Current Batch  Application process already running with Process id: 3545

Current Batch  Application process already running with Process id: 3594
/data/batchapp/softeon/upspznpsprod-upshud-do-not-use/startall-upspznpsprod-upshud-Daemon.sh
/data/batchapp/softeon/upspznpsprod-upshp-do-notuse/startall-upspznpsprod-upshp-Daemon.sh

2026-07-19 01:31:05,381 - 366386 - INFO - Waiting 100 sec for daemons to start on i-033c5c84b5bf74969
2026-07-19 01:31:36,170 - 366386 - INFO - Log file ./logs/patching_2026-07-19_UPS-Productionization-PostSales-Batch.log uploaded to s3://q3-2026-aws-security-patching/UPS-Productionization-PostSales-Batch_Patch/2026-07-19/patching_2026-07-19_UPS-Productionization-PostSales-Batch.log
2026-07-19 01:32:45,391 - 366386 - INFO - CUPS was running (v1.7.5) before, not running after - reinstalling on i-033c5c84b5bf74969
2026-07-19 01:32:45,542 - 366386 - INFO - CUPS upgrade command sent to i-033c5c84b5bf74969 (command_id: 7e2513d8-6f88-4408-be63-59b326d8bf5b)
2026-07-19 01:33:45,678 - 366386 - INFO - CUPS upgrade output: '/etc/cups' -> '/tmp/cups-backup/cups1.7.5/cups'
'/etc/cups/cups-files.conf.N' -> '/tmp/cups-backup/cups1.7.5/cups/cups-files.conf.N'
'/etc/cups/snmp.conf.N' -> '/tmp/cups-backup/cups1.7.5/cups/snmp.conf.N'
'/etc/cups/printers.conf' -> '/tmp/cups-backup/cups1.7.5/cups/printers.conf'
'/etc/cups/printers.conf.O' -> '/tmp/cups-backup/cups1.7.5/cups/printers.conf.O'
'/etc/cups/cupsd.conf.N' -> '/tmp/cups-backup/cups1.7.5/cups/cupsd.conf.N'
'/etc/cups/cupsd.conf.default' -> '/tmp/cups-backup/cups1.7.5/cups/cupsd.conf.default'
'/etc/cups/interfaces' -> '/tmp/cups-backup/cups1.7.5/cups/interfaces'
'/etc/cups/cups-files.conf' -> '/tmp/cups-backup/cups1.7.5/cups/cups-files.conf'
'/etc/cups/cupsd.conf' -> '/tmp/cups-backup/cups1.7.5/cups/cupsd.conf'
'/etc/cups/snmp.conf' -> '/tmp/cups-backup/cups1.7.5/cups/snmp.conf'
'/etc/cups/client.conf' -> '/tmp/cups-backup/cups1.7.5/cups/client.conf'
'/etc/cups/ssl' -> '/tmp/cups-backup/cups1.7.5/cups/ssl'
'/etc/cups/ppd' -> '/tmp/cups-backup/cups1.7.5/cups/ppd'
Last metadata expiration check: 0:14:19 ago on Sun Jul 19 05:18:28 2026.
Dependencies resolved.
================================================================================
 Package           Architecture     Version             Repository         Size
================================================================================
Installing Groups:
 Development Tools                                                             

Transaction Summary
================================================================================

Complete!
cups-1.7.5/
cups-1.7.5/backend/
cups-1.7.5/berkeley/
cups-1.7.5/cgi-bin/
cups-1.7.5/CHANGES-1.0.txt
cups-1.7.5/CHANGES-1.1.txt
cups-1.7.5/CHANGES-1.2.txt
cups-1.7.5/CHANGES-1.3.txt
cups-1.7.5/CHANGES-1.4.txt
cups-1.7.5/CHANGES-1.5.txt
cups-1.7.5/CHANGES-1.6.txt
cups-1.7.5/CHANGES-IPPTOOL.txt
cups-1.7.5/CHANGES.txt
cups-1.7.5/conf/
cups-1.7.5/config-scripts/
cups-1.7.5/config.h.in
cups-1.7.5/configure
cups-1.7.5/configure.in
cups-1.7.5/CREDITS.txt
cups-1.7.5/cups/
cups-1.7.5/cups-config.in
cups-1.7.5/data/
cups-1.7.5/desktop/
cups-1.7.5/doc/
cups-1.7.5/examples/
cups-1.7.5/filter/
cups-1.7.5/install-sh
cups-1.7.5/INSTALL.txt
cups-1.7.5/IPPTOOL.txt
cups-1.7.5/LICENSE.txt
cups-1.7.5/locale/
cups-1.7.5/Makedefs.in
cups-1.7.5/Makefile
cups-1.7.5/man/
cups-1.7.5/monitor/
cups-1.7.5/notifier/
cups-1.7.5/packaging/
cups-1.7.5/ppdc/
cups-1.7.5/README.txt
cups-1.7.5/scheduler/
cups-1.7.5/systemv/
cups-1.7.5/templates/
cups-1.7.5/test/
cups-1.7.5/vcnet/
cups-1.7.5/xcode/
cups-1.7.5/xcode/config.h
cups-1.7.5/xcode/CUPS.xcodeproj/
cups-1.7.5/xcode/CUPS.xcodeproj/project.pbxproj
cups-1.7.5/vcnet/config.h
cups-1.7.5/vcnet/cups.sln
cups-1.7.5/vcnet/cupstestppd.vcproj
cups-1.7.5/vcnet/ippfind.vcproj
cups-1.7.5/vcnet/ipptool-installer.vdproj
cups-1.7.5/vcnet/ipptool.vcproj
cups-1.7.5/vcnet/libcups2-installer.vdproj
cups-1.7.5/vcnet/libcups2.vcproj
cups-1.7.5/vcnet/libcupsimage2.vcproj
cups-1.7.5/vcnet/README.txt
cups-1.7.5/vcnet/regex/
cups-1.7.5/vcnet/regex.vcproj
cups-1.7.5/vcnet/setdebug.bat
cups-1.7.5/vcnet/testfile.vcproj
cups-1.7.5/vcnet/testhttp.vcproj
cups-1.7.5/vcnet/regex/cclass.h
cups-1.7.5/vcnet/regex/cname.h
cups-1.7.5/vcnet/regex/COPYRIGHT
cups-1.7.5/vcnet/regex/debug.c
cups-1.7.5/vcnet/regex/debug.ih
cups-1.7.5/vcnet/regex/engine.c
cups-1.7.5/vcnet/regex/engine.ih
cups-1.7.5/vcnet/regex/main.c
cups-1.7.5/vcnet/regex/main.ih
cups-1.7.5/vcnet/regex/Makefile
cups-1.7.5/vcnet/regex/mkh
cups-1.7.5/vcnet/regex/README
cups-1.7.5/vcnet/regex/regcomp.c
cups-1.7.5/vcnet/regex/regcomp.ih
cups-1.7.5/vcnet/regex/regerror.c
cups-1.7.5/vcnet/regex/regerror.ih
cups-1.7.5/vcnet/regex/regex.3
cups-1.7.5/vcnet/regex/regex.7
cups-1.7.5/vcnet/regex/regex.def
cups-1.7.5/vcnet/regex/regex.h
cups-1.7.5/vcnet/regex/regex2.h
cups-1.7.5/vcnet/regex/regexec.c
cups-1.7.5/vcnet/regex/regfree.c
cups-1.7.5/vcnet/regex/split.c
cups-1.7.5/vcnet/regex/tests
cups-1.7.5/vcnet/regex/utils.h
cups-1.7.5/vcnet/regex/WHATSNEW
cups-1.7.5/test/4.1-requests.test
cups-1.7.5/test/4.2-cups-printer-ops.test
cups-1.7.5/test/4.3-job-ops.test
cups-1.7.5/test/4.4-subscription-ops.test
cups-1.7.5/test/5.1-lpadmin.sh
cups-1.7.5/test/5.2-lpc.sh
cups-1.7.5/test/5.3-lpq.sh
cups-1.7.5/test/5.4-lpstat.sh
cups-1.7.5/test/5.5-lp.sh
cups-1.7.5/test/5.6-lpr.sh
cups-1.7.5/test/5.7-lprm.sh
cups-1.7.5/test/5.8-cancel.sh
cups-1.7.5/test/5.9-lpinfo.sh
cups-1.7.5/test/cancel-current-job.test
cups-1.7.5/test/color.jpg
cups-1.7.5/test/create-job-format.test
cups-1.7.5/test/create-job-sheets.test
cups-1.7.5/test/create-job-timeout.test
cups-1.7.5/test/create-job.test
cups-1.7.5/test/create-printer-subscription.test
cups-1.7.5/test/Dependencies
cups-1.7.5/test/document-a4.pdf
cups-1.7.5/test/document-a4.ps
cups-1.7.5/test/document-a4.sla
cups-1.7.5/test/document-letter.pdf
cups-1.7.5/test/document-letter.ps
cups-1.7.5/test/document-letter.sla
cups-1.7.5/test/get-completed-jobs.test
cups-1.7.5/test/get-devices.test
cups-1.7.5/test/get-job-attributes.test
cups-1.7.5/test/get-job-attributes2.test
cups-1.7.5/test/get-jobs.test
cups-1.7.5/test/get-notifications.test
cups-1.7.5/test/get-ppd-printer.test
cups-1.7.5/test/get-ppd.test
cups-1.7.5/test/get-ppds-drv-only.test
cups-1.7.5/test/get-ppds-language.test
cups-1.7.5/test/get-ppds-make-and-model.test
cups-1.7.5/test/get-ppds-make.test
cups-1.7.5/test/get-ppds-product.test
cups-1.7.5/test/get-ppds-psversion.test
cups-1.7.5/test/get-ppds.test
cups-1.7.5/test/get-printer-attributes-2.0.test
cups-1.7.5/test/get-printer-attributes.test
cups-1.7.5/test/get-printers.test
cups-1.7.5/test/get-subscriptions.test
cups-1.7.5/test/gray.jpg
cups-1.7.5/test/ipp-1.1.test
cups-1.7.5/test/ipp-2.0.test
cups-1.7.5/test/ipp-2.1.test
cups-1.7.5/test/ipp-2.2.test
cups-1.7.5/test/ipp-backend.test
cups-1.7.5/test/ipp-everywhere.test
cups-1.7.5/test/ippdiscover.c
cups-1.7.5/test/ippfind.c
cups-1.7.5/test/ippserver.c
cups-1.7.5/test/ipptool.c
cups-1.7.5/test/make-ippeverywhere-print-tests.sh
cups-1.7.5/test/Makefile
cups-1.7.5/test/onepage-a4-300-black-1.pwg.gz
cups-1.7.5/test/onepage-a4.pdf
cups-1.7.5/test/onepage-a4.ps
cups-1.7.5/test/onepage-a4.sla
cups-1.7.5/test/onepage-letter-300-black-1.pwg.gz
cups-1.7.5/test/onepage-letter.pdf
cups-1.7.5/test/onepage-letter.ps
cups-1.7.5/test/onepage-letter.sla
cups-1.7.5/test/print-job-and-wait.test
cups-1.7.5/test/print-job-deflate.test
cups-1.7.5/test/print-job-gzip.test
cups-1.7.5/test/print-job-hold.test
cups-1.7.5/test/print-job-media-col.test
cups-1.7.5/test/print-job-password.test
cups-1.7.5/test/print-job.test
cups-1.7.5/test/print-uri.test
cups-1.7.5/test/printer.opacity
cups-1.7.5/test/printer.png
cups-1.7.5/test/run-stp-tests.sh
cups-1.7.5/test/set-attrs-hold.test
cups-1.7.5/test/str-header.html
cups-1.7.5/test/str-trailer.html
cups-1.7.5/test/test.convs
cups-1.7.5/test/testfile.jpg
cups-1.7.5/test/testfile.pcl
cups-1.7.5/test/testfile.pdf
cups-1.7.5/test/testfile.ps
cups-1.7.5/test/testfile.txt
cups-1.7.5/test/testhp.ppd
cups-1.7.5/test/testps.ppd
cups-1.7.5/test/validate-job.test
cups-1.7.5/test/waitjobs.sh
cups-1.7.5/test/xmltotest.c
cups-1.7.5/templates/add-class.tmpl
cups-1.7.5/templates/add-printer.tmpl
cups-1.7.5/templates/add-rss-subscription.tmpl
cups-1.7.5/templates/admin.tmpl
cups-1.7.5/templates/ca/
cups-1.7.5/templates/choose-device.tmpl
cups-1.7.5/templates/choose-make.tmpl
cups-1.7.5/templates/choose-model.tmpl
cups-1.7.5/templates/choose-serial.tmpl
cups-1.7.5/templates/choose-uri.tmpl
cups-1.7.5/templates/class-added.tmpl
cups-1.7.5/templates/class-confirm.tmpl
cups-1.7.5/templates/class-deleted.tmpl
cups-1.7.5/templates/class-jobs-header.tmpl
cups-1.7.5/templates/class-modified.tmpl
cups-1.7.5/templates/class.tmpl
cups-1.7.5/templates/classes-header.tmpl
cups-1.7.5/templates/classes.tmpl
cups-1.7.5/templates/command.tmpl
cups-1.7.5/templates/cs/
cups-1.7.5/templates/de/
cups-1.7.5/templates/edit-config.tmpl
cups-1.7.5/templates/error-op.tmpl
cups-1.7.5/templates/error.tmpl
cups-1.7.5/templates/es/
cups-1.7.5/templates/fr/
cups-1.7.5/templates/header.tmpl.in
cups-1.7.5/templates/help-header.tmpl
cups-1.7.5/templates/help-printable.tmpl
cups-1.7.5/templates/help-trailer.tmpl
cups-1.7.5/templates/it/
cups-1.7.5/templates/ja/
cups-1.7.5/templates/job-cancel.tmpl
cups-1.7.5/templates/job-hold.tmpl
cups-1.7.5/templates/job-move.tmpl
cups-1.7.5/templates/job-moved.tmpl
cups-1.7.5/templates/job-release.tmpl
cups-1.7.5/templates/job-restart.tmpl
cups-1.7.5/templates/jobs-header.tmpl
cups-1.7.5/templates/jobs.tmpl
cups-1.7.5/templates/list-available-printers.tmpl
cups-1.7.5/templates/Makefile
cups-1.7.5/templates/modify-class.tmpl
cups-1.7.5/templates/modify-printer.tmpl
cups-1.7.5/templates/norestart.tmpl
cups-1.7.5/templates/option-boolean.tmpl
cups-1.7.5/templates/option-conflict.tmpl
cups-1.7.5/templates/option-header.tmpl
cups-1.7.5/templates/option-pickmany.tmpl
cups-1.7.5/templates/option-pickone.tmpl
cups-1.7.5/templates/option-trailer.tmpl
cups-1.7.5/templates/pager.tmpl
cups-1.7.5/templates/printer-accept.tmpl
cups-1.7.5/templates/printer-added.tmpl
cups-1.7.5/templates/printer-configured.tmpl
cups-1.7.5/templates/printer-confirm.tmpl
cups-1.7.5/templates/printer-default.tmpl
cups-1.7.5/templates/printer-deleted.tmpl
cups-1.7.5/templates/printer-jobs-header.tmpl
cups-1.7.5/templates/printer-modified.tmpl
cups-1.7.5/templates/printer-purge.tmpl
cups-1.7.5/templates/printer-reject.tmpl
cups-1.7.5/templates/printer-start.tmpl
cups-1.7.5/templates/printer-stop.tmpl
cups-1.7.5/templates/printer.tmpl
cups-1.7.5/templates/printers-header.tmpl
cups-1.7.5/templates/printers.tmpl
cups-1.7.5/templates/pt_BR/
cups-1.7.5/templates/restart.tmpl
cups-1.7.5/templates/ru/
cups-1.7.5/templates/samba-export.tmpl
cups-1.7.5/templates/samba-exported.tmpl
cups-1.7.5/templates/search.tmpl
cups-1.7.5/templates/set-printer-options-header.tmpl
cups-1.7.5/templates/set-printer-options-trailer.tmpl
cups-1.7.5/templates/subscription-added.tmpl
cups-1.7.5/templates/subscription-canceled.tmpl
cups-1.7.5/templates/test-page.tmpl
cups-1.7.5/templates/trailer.tmpl
cups-1.7.5/templates/users.tmpl
cups-1.7.5/templates/ru/add-class.tmpl
cups-1.7.5/templates/ru/add-printer.tmpl
cups-1.7.5/templates/ru/add-rss-subscription.tmpl
cups-1.7.5/templates/ru/admin.tmpl
cups-1.7.5/templates/ru/choose-device.tmpl
cups-1.7.5/templates/ru/choose-make.tmpl
cups-1.7.5/templates/ru/choose-model.tmpl
cups-1.7.5/templates/ru/choose-serial.tmpl
cups-1.7.5/templates/ru/choose-uri.tmpl
cups-1.7.5/templates/ru/class-added.tmpl
cups-1.7.5/templates/ru/class-confirm.tmpl
cups-1.7.5/templates/ru/class-deleted.tmpl
cups-1.7.5/templates/ru/class-jobs-header.tmpl
cups-1.7.5/templates/ru/class-modified.tmpl
cups-1.7.5/templates/ru/class.tmpl
cups-1.7.5/templates/ru/classes-header.tmpl
cups-1.7.5/templates/ru/classes.tmpl
cups-1.7.5/templates/ru/command.tmpl
cups-1.7.5/templates/ru/edit-config.tmpl
cups-1.7.5/templates/ru/error-op.tmpl
cups-1.7.5/templates/ru/error.tmpl
cups-1.7.5/templates/ru/header.tmpl.in
cups-1.7.5/templates/ru/help-header.tmpl
cups-1.7.5/templates/ru/help-printable.tmpl
cups-1.7.5/templates/ru/help-trailer.tmpl
cups-1.7.5/templates/ru/job-cancel.tmpl
cups-1.7.5/templates/ru/job-hold.tmpl
cups-1.7.5/templates/ru/job-move.tmpl
cups-1.7.5/templates/ru/job-moved.tmpl
cups-1.7.5/templates/ru/job-release.tmpl
cups-1.7.5/templates/ru/job-restart.tmpl
cups-1.7.5/templates/ru/jobs-header.tmpl
cups-1.7.5/templates/ru/jobs.tmpl
cups-1.7.5/templates/ru/list-available-printers.tmpl
cups-1.7.5/templates/ru/Makefile
cups-1.7.5/templates/ru/modify-class.tmpl
cups-1.7.5/templates/ru/modify-printer.tmpl
cups-1.7.5/templates/ru/norestart.tmpl
cups-1.7.5/templates/ru/option-boolean.tmpl
cups-1.7.5/templates/ru/option-conflict.tmpl
cups-1.7.5/templates/ru/option-header.tmpl
cups-1.7.5/templates/ru/option-pickmany.tmpl
cups-1.7.5/templates/ru/option-pickone.tmpl
cups-1.7.5/templates/ru/option-trailer.tmpl
cups-1.7.5/templates/ru/pager.tmpl
cups-1.7.5/templates/ru/printer-accept.tmpl
cups-1.7.5/templates/ru/printer-added.tmpl
cups-1.7.5/templates/ru/printer-configured.tmpl
cups-1.7.5/templates/ru/printer-confirm.tmpl
cups-1.7.5/templates/ru/printer-default.tmpl
cups-1.7.5/templates/ru/printer-deleted.tmpl
cups-1.7.5/templates/ru/printer-jobs-header.tmpl
cups-1.7.5/templates/ru/printer-modified.tmpl
cups-1.7.5/templates/ru/printer-purge.tmpl
cups-1.7.5/templates/ru/printer-reject.tmpl
cups-1.7.5/templates/ru/printer-start.tmpl
cups-1.7.5/templates/ru/printer-stop.tmpl
cups-1.7.5/templates/ru/printer.tmpl
cups-1.7.5/templates/ru/printers-header.tmpl
cups-1.7.5/templates/ru/printers.tmpl
cups-1.7.5/templates/ru/restart.tmpl
cups-1.7.5/templates/ru/samba-export.tmpl
cups-1.7.5/templates/ru/samba-exported.tmpl
cups-1.7.5/templates/ru/search.tmpl
cups-1.7.5/templates/ru/set-printer-options-header.tmpl
cups-1.7.5/templates/ru/set-printer-options-trailer.tmpl
cups-1.7.5/templates/ru/subscription-added.tmpl
cups-1.7.5/templates/ru/subscription-canceled.tmpl
cups-1.7.5/templates/ru/test-page.tmpl
cups-1.7.5/templates/ru/trailer.tmpl
cups-1.7.5/templates/ru/users.tmpl
cups-1.7.5/templates/pt_BR/add-class.tmpl
cups-1.7.5/templates/pt_BR/add-printer.tmpl
cups-1.7.5/templates/pt_BR/add-rss-subscription.tmpl
cups-1.7.5/templates/pt_BR/admin.tmpl
cups-1.7.5/templates/pt_BR/choose-device.tmpl
cups-1.7.5/templates/pt_BR/choose-make.tmpl
cups-1.7.5/templates/pt_BR/choose-model.tmpl
cups-1.7.5/templates/pt_BR/choose-serial.tmpl
cups-1.7.5/templates/pt_BR/choose-uri.tmpl
cups-1.7.5/templates/pt_BR/class-added.tmpl
cups-1.7.5/templates/pt_BR/class-confirm.tmpl
cups-1.7.5/templates/pt_BR/class-deleted.tmpl
cups-1.7.5/templates/pt_BR/class-jobs-header.tmpl
cups-1.7.5/templates/pt_BR/class-modified.tmpl
cups-1.7.5/templates/pt_BR/class.tmpl
cups-1.7.5/templates/pt_BR/classes-header.tmpl
cups-1.7.5/templates/pt_BR/classes.tmpl
cups-1.7.5/templates/pt_BR/command.tmpl
cups-1.7.5/templates/pt_BR/edit-config.tmpl
cups-1.7.5/templates/pt_BR/error-op.tmpl
cups-1.7.5/templates/pt_BR/error.tmpl
cups-1.7.5/templates/pt_BR/header.tmpl.in
cups-1.7.5/templates/pt_BR/help-header.tmpl
cups-1.7.5/templates/pt_BR/job-cancel.tmpl
cups-1.7.5/templates/pt_BR/job-hold.tmpl
cups-1.7.5/templates/pt_BR/job-move.tmpl
cups-1.7.5/templates/pt_BR/job-moved.tmpl
cups-1.7.5/templates/pt_BR/job-release.tmpl
cups-1.7.5/templates/pt_BR/job-restart.tmpl
cups-1.7.5/templates/pt_BR/jobs-header.tmpl
cups-1.7.5/templates/pt_BR/jobs.tmpl
cups-1.7.5/templates/pt_BR/list-available-printers.tmpl
cups-1.7.5/templates/pt_BR/modify-class.tmpl
cups-1.7.5/templates/pt_BR/modify-printer.tmpl
cups-1.7.5/templates/pt_BR/norestart.tmpl
cups-1.7.5/templates/pt_BR/option-boolean.tmpl
cups-1.7.5/templates/pt_BR/option-conflict.tmpl
cups-1.7.5/templates/pt_BR/option-header.tmpl
cups-1.7.5/templates/pt_BR/option-pickmany.tmpl
cups-1.7.5/templates/pt_BR/option-pickone.tmpl
cups-1.7.5/templates/pt_BR/option-trailer.tmpl
cups-1.7.5/templates/pt_BR/pager.tmpl
cups-1.7.5/templates/pt_BR/printer-accept.tmpl
cups-1.7.5/templates/pt_BR/printer-added.tmpl
cups-1.7.5/templates/pt_BR/printer-configured.tmpl
cups-1.7.5/templates/pt_BR/printer-confirm.tmpl
cups-1.7.5/templates/pt_BR/printer-default.tmpl
cups-1.7.5/templates/pt_BR/printer-deleted.tmpl
cups-1.7.5/templates/pt_BR/printer-jobs-header.tmpl
cups-1.7.5/templates/pt_BR/printer-modified.tmpl
cups-1.7.5/templates/pt_BR/printer-purge.tmpl
cups-1.7.5/templates/pt_BR/printer-reject.tmpl
cups-1.7.5/templates/pt_BR/printer-start.tmpl
cups-1.7.5/templates/pt_BR/printer-stop.tmpl
cups-1.7.5/templates/pt_BR/printer.tmpl
cups-1.7.5/templates/pt_BR/printers-header.tmpl
cups-1.7.5/templates/pt_BR/printers.tmpl
cups-1.7.5/templates/pt_BR/restart.tmpl
cups-1.7.5/templates/pt_BR/samba-export.tmpl
cups-1.7.5/templates/pt_BR/samba-exported.tmpl
cups-1.7.5/templates/pt_BR/search.tmpl
cups-1.7.5/templates/pt_BR/set-printer-options-header.tmpl
cups-1.7.5/templates/pt_BR/set-printer-options-trailer.tmpl
cups-1.7.5/templates/pt_BR/subscription-added.tmpl
cups-1.7.5/templates/pt_BR/subscription-canceled.tmpl
cups-1.7.5/templates/pt_BR/test-page.tmpl
cups-1.7.5/templates/pt_BR/trailer.tmpl
cups-1.7.5/templates/pt_BR/users.tmpl
cups-1.7.5/templates/ja/add-class.tmpl
cups-1.7.5/templates/ja/add-printer.tmpl
cups-1.7.5/templates/ja/add-rss-subscription.tmpl
cups-1.7.5/templates/ja/admin.tmpl
cups-1.7.5/templates/ja/choose-device.tmpl
cups-1.7.5/templates/ja/choose-make.tmpl
cups-1.7.5/templates/ja/choose-model.tmpl
cups-1.7.5/templates/ja/choose-serial.tmpl
cups-1.7.5/templates/ja/choose-uri.tmpl
cups-1.7.5/templates/ja/class-added.tmpl
cups-1.7.5/templates/ja/class-confirm.tmpl
cups-1.7.5/templates/ja/class-deleted.tmpl
cups-1.7.5/templates/ja/class-jobs-header.tmpl
cups-1.7.5/templates/ja/class-modified.tmpl
cups-1.7.5/templates/ja/class.tmpl
cups-1.7.5/templates/ja/classes-header.tmpl
cups-1.7.5/templates/ja/classes.tmpl
cups-1.7.5/templates/ja/command.tmpl
cups-1.7.5/templates/ja/edit-config.tmpl
cups-1.7.5/templates/ja/error-op.tmpl
cups-1.7.5/templates/ja/error.tmpl
cups-1.7.5/templates/ja/header.tmpl.in
cups-1.7.5/templates/ja/help-header.tmpl
cups-1.7.5/templates/ja/help-printable.tmpl
cups-1.7.5/templates/ja/help-trailer.tmpl
cups-1.7.5/templates/ja/job-cancel.tmpl
cups-1.7.5/templates/ja/job-hold.tmpl
cups-1.7.5/templates/ja/job-move.tmpl
cups-1.7.5/templates/ja/job-moved.tmpl
cups-1.7.5/templates/ja/job-release.tmpl
cups-1.7.5/templates/ja/job-restart.tmpl
cups-1.7.5/templates/ja/jobs-header.tmpl
cups-1.7.5/templates/ja/jobs.tmpl
cups-1.7.5/templates/ja/list-available-printers.tmpl
cups-1.7.5/templates/ja/modify-class.tmpl
cups-1.7.5/templates/ja/modify-printer.tmpl
cups-1.7.5/templates/ja/norestart.tmpl
cups-1.7.5/templates/ja/option-boolean.tmpl
cups-1.7.5/templates/ja/option-conflict.tmpl
cups-1.7.5/templates/ja/option-header.tmpl
cups-1.7.5/templates/ja/option-pickmany.tmpl
cups-1.7.5/templates/ja/option-pickone.tmpl
cups-1.7.5/templates/ja/option-trailer.tmpl
cups-1.7.5/templates/ja/pager.tmpl
cups-1.7.5/templates/ja/printer-accept.tmpl
cups-1.7.5/templates/ja/printer-added.tmpl
cups-1.7.5/templates/ja/printer-configured.tmpl
cups-1.7.5/templates/ja/printer-confirm.tmpl
cups-1.7.5/templates/ja/printer-default.tmpl
cups-1.7.5/templates/ja/printer-deleted.tmpl
cups-1.7.5/templates/ja/printer-jobs-header.tmpl
cups-1.7.5/templates/ja/printer-modified.tmpl
cups-1.7.5/templates/ja/printer-purge.tmpl
cups-1.7.5/templates/ja/printer-reject.tmpl
cups-1.7.5/templates/ja/printer-start.tmpl
cups-1.7.5/templates/ja/printer-stop.tmpl
cups-1.7.5/templates/ja/printer.tmpl
cups-1.7.5/templates/ja/printers-header.tmpl
cups-1.7.5/templates/ja/printers.tmpl
cups-1.7.5/templates/ja/restart.tmpl
cups-1.7.5/templates/ja/samba-export.tmpl
cups-1.7.5/templates/ja/samba-exported.tmpl
cups-1.7.5/templates/ja/search.tmpl
cups-1.7.5/templates/ja/set-printer-options-header.tmpl
cups-1.7.5/templates/ja/set-printer-options-trailer.tmpl
cups-1.7.5/templates/ja/subscription-added.tmpl
cups-1.7.5/templates/ja/subscription-canceled.tmpl
cups-1.7.5/templates/ja/test-page.tmpl
cups-1.7.5/templates/ja/trailer.tmpl
cups-1.7.5/templates/ja/users.tmpl
cups-1.7.5/templates/it/add-class.tmpl
cups-1.7.5/templates/it/add-printer.tmpl
cups-1.7.5/templates/it/add-rss-subscription.tmpl
cups-1.7.5/templates/it/admin.tmpl
cups-1.7.5/templates/it/choose-device.tmpl
cups-1.7.5/templates/it/choose-make.tmpl
cups-1.7.5/templates/it/choose-model.tmpl
cups-1.7.5/templates/it/choose-serial.tmpl
cups-1.7.5/templates/it/choose-uri.tmpl
cups-1.7.5/templates/it/class-added.tmpl
cups-1.7.5/templates/it/class-confirm.tmpl
cups-1.7.5/templates/it/class-deleted.tmpl
cups-1.7.5/templates/it/class-jobs-header.tmpl
cups-1.7.5/templates/it/class-modified.tmpl
cups-1.7.5/templates/it/class.tmpl
cups-1.7.5/templates/it/classes-header.tmpl
cups-1.7.5/templates/it/classes.tmpl
cups-1.7.5/templates/it/command.tmpl
cups-1.7.5/templates/it/edit-config.tmpl
cups-1.7.5/templates/it/error-op.tmpl
cups-1.7.5/templates/it/error.tmpl
cups-1.7.5/templates/it/header.tmpl.in
cups-1.7.5/templates/it/help-header.tmpl
cups-1.7.5/templates/it/help-printable.tmpl
cups-1.7.5/templates/it/help-trailer.tmpl
cups-1.7.5/templates/it/job-cancel.tmpl
cups-1.7.5/templates/it/job-hold.tmpl
cups-1.7.5/templates/it/job-move.tmpl
cups-1.7.5/templates/it/job-moved.tmpl
cups-1.7.5/templates/it/job-release.tmpl
cups-1.7.5/templates/it/job-restart.tmpl
cups-1.7.5/templates/it/jobs-header.tmpl
cups-1.7.5/templates/it/jobs.tmpl
cups-1.7.5/templates/it/list-available-printers.tmpl
cups-1.7.5/templates/it/modify-class.tmpl
cups-1.7.5/templates/it/modify-printer.tmpl
cups-1.7.5/templates/it/norestart.tmpl
cups-1.7.5/templates/it/option-boolean.tmpl
cups-1.7.5/templates/it/option-conflict.tmpl
cups-1.7.5/templates/it/option-header.tmpl
cups-1.7.5/templates/it/option-pickmany.tmpl
cups-1.7.5/templates/it/option-pickone.tmpl
cups-1.7.5/templates/it/option-trailer.tmpl
cups-1.7.5/templates/it/pager.tmpl
cups-1.7.5/templates/it/printer-accept.tmpl
cups-1.7.5/templates/it/printer-added.tmpl
cups-1.7.5/templates/it/printer-configured.tmpl
cups-1.7.5/templates/it/printer-confirm.tmpl
cups-1.7.5/templates/it/printer-default.tmpl
cups-1.7.5/templates/it/printer-deleted.tmpl
cups-1.7.5/templates/it/printer-jobs-header.tmpl
cups-1.7.5/templates/it/printer-modified.tmpl
cups-1.7.5/templates/it/printer-purge.tmpl
cups-1.7.5/templates/it/printer-reject.tmpl
cups-1.7.5/templates/it/printer-start.tmpl
cups-1.7.5/templates/it/printer-stop.tmpl
cups-1.7.5/templates/it/printer.tmpl
cups-1.7.5/templates/it/printers-header.tmpl
cups-1.7.5/templates/it/printers.tmpl
cups-1.7.5/templates/it/restart.tmpl
cups-1.7.5/templates/it/samba-export.tmpl
cups-1.7.5/templates/it/samba-exported.tmpl
cups-1.7.5/templates/it/search.tmpl
cups-1.7.5/templates/it/set-printer-options-header.tmpl
cups-1.7.5/templates/it/set-printer-options-trailer.tmpl
cups-1.7.5/templates/it/subscription-added.tmpl
cups-1.7.5/templates/it/subscription-canceled.tmpl
cups-1.7.5/templates/it/test-page.tmpl
cups-1.7.5/templates/it/trailer.tmpl
cups-1.7.5/templates/it/users.tmpl
cups-1.7.5/templates/fr/add-class.tmpl
cups-1.7.5/templates/fr/add-printer.tmpl
cups-1.7.5/templates/fr/add-rss-subscription.tmpl
cups-1.7.5/templates/fr/admin.tmpl
cups-1.7.5/templates/fr/choose-device.tmpl
cups-1.7.5/templates/fr/choose-make.tmpl
cups-1.7.5/templates/fr/choose-model.tmpl
cups-1.7.5/templates/fr/choose-serial.tmpl
cups-1.7.5/templates/fr/choose-uri.tmpl
cups-1.7.5/templates/fr/class-added.tmpl
cups-1.7.5/templates/fr/class-confirm.tmpl
cups-1.7.5/templates/fr/class-deleted.tmpl
cups-1.7.5/templates/fr/class-jobs-header.tmpl
cups-1.7.5/templates/fr/class-modified.tmpl
cups-1.7.5/templates/fr/class.tmpl
cups-1.7.5/templates/fr/classes-header.tmpl
cups-1.7.5/templates/fr/classes.tmpl
cups-1.7.5/templates/fr/command.tmpl
cups-1.7.5/templates/fr/edit-config.tmpl
cups-1.7.5/templates/fr/error-op.tmpl
cups-1.7.5/templates/fr/error.tmpl
cups-1.7.5/templates/fr/header.tmpl.in
cups-1.7.5/templates/fr/help-header.tmpl
cups-1.7.5/templates/fr/help-printable.tmpl
cups-1.7.5/templates/fr/help-trailer.tmpl
cups-1.7.5/templates/fr/job-cancel.tmpl
cups-1.7.5/templates/fr/job-hold.tmpl
cups-1.7.5/templates/fr/job-move.tmpl
cups-1.7.5/templates/fr/job-moved.tmpl
cups-1.7.5/templates/fr/job-release.tmpl
cups-1.7.5/templates/fr/job-restart.tmpl
cups-1.7.5/templates/fr/jobs-header.tmpl
cups-1.7.5/templates/fr/jobs.tmpl
cups-1.7.5/templates/fr/list-available-printers.tmpl
cups-1.7.5/templates/fr/modify-class.tmpl
cups-1.7.5/templates/fr/modify-printer.tmpl
cups-1.7.5/templates/fr/norestart.tmpl
cups-1.7.5/templates/fr/option-boolean.tmpl
cups-1.7.5/templates/fr/option-conflict.tmpl
cups-1.7.5/templates/fr/option-header.tmpl
cups-1.7.5/templates/fr/option-pickmany.tmpl
cups-1.7.5/templates/fr/option-pickone.tmpl
cups-1.7.5/templates/fr/option-trailer.tmpl
cups-1.7.5/templates/fr/pager.tmpl
cups-1.7.5/templates/fr/printer-accept.tmpl
cups-1.7.5/templates/fr/printer-added.tmpl
cups-1.7.5/temp--output truncated--
2026-07-19 01:33:45,680 - 366386 - INFO - CUPS reinstall successful on i-033c5c84b5bf74969
2026-07-19 01:33:45,931 - 366386 - INFO - Sent app_validation.py to i-033c5c84b5bf74969 (command_id: fb2d6877-1fac-4536-bf17-464fd90b816f)
2026-07-19 01:34:02,284 - 366386 - INFO - Sent app_validation.py to i-02c90117ff22e436f (command_id: e522241a-5b75-48cc-be92-1b0f7df17e1a)
2026-07-19 01:34:16,066 - 366386 - INFO - app_validation.py output for i-033c5c84b5bf74969:

==============================================================================
Server Availability Check Started | 2026-07-19 05:33:46.197397
==============================================================================

==============================================================================
SYSTEM INFORMATION
==============================================================================
Server IP | 172.29.60.155
Hostname | ip-172-29-60-155
Current User | root
Working Directory | /usr/bin
Time Zone | UTC

==============================================================================
STORAGE CHECK | /data mounts
==============================================================================
Filesystem | Size | Used | Avail | Use% | Mounted on
/dev/nvme1n1p2 | 239.9G | 99.3G | 140.6G | 41% | /data
fs-0e14a7aa2eea9219c.efs.us-east-1.amazonaws.com:/ | 0B | 805.0G | 0B | 0% | /data2

==============================================================================
SYMLINK CHECK | root (/)
==============================================================================
Symlinks Total | 4
Symlinks Valid | 4
Symlinks Invalid | 0
Symlink | ResolvedTarget
/bin | /usr/bin
/lib | /usr/lib
/lib64 | /usr/lib64
/sbin | /usr/sbin

==============================================================================
NFS CHECK
==============================================================================
NFS Package Installed | Yes
nfs-server.service Active | No
nfs-client.target Active | Yes
/etc/exports Present | Yes
EXPORTS_LINE | (empty)
NFS_MOUNT | Device | MountPoint | FSType
NFS_MOUNT | fs-0e14a7aa2eea9219c.efs.us-east-1.amazonaws.com:/ | /data2 | nfs4

==============================================================================
CUPS CHECK
==============================================================================
CUPS Installed | Yes
CUPS Running | Yes
CUPS Version | 1.7.5
CUPS IP URL (http://172.29.60.155:631) | 200
Cups server Http Status | 200
Cups printers Http Status | 200
Printers Configured | 251

==============================================================================
FTP CHECK
==============================================================================
FTP Installed | No
FTP Running (Port 21 localhost) | No
FTP Port 21 Reachable on 172.29.60.155 | No
FTP Processes | None

==============================================================================
JAVA CHECK
==============================================================================
Total Java Processes | 10
Batch/Daemon Java Processes | 8
Non-Standalone Java Processes | upsps_dwa, upsps_event, upsps_lbl, upsps_repl, upsps_jqgrid, upsps_sch, upsps_inbq, upsps_wld

==============================================================================
BATCH/DAEMON JAVA DETAILS
==============================================================================
Batch/Daemon Java Processes | 8
Java-Name | Java-Path
upsps_dwa | /data/batchapp/softeon/upspznpsprod-upsps/downloaddaemon
upsps_event | /data/batchapp/softeon/upspznpsprod-upsps/eventdaemon
upsps_lbl | /data/batchapp/softeon/upspznpsprod-upsps/labeldaemon
upsps_repl | /data/batchapp/softeon/upspznpsprod-upsps/replenishmentdaemon
upsps_jqgrid | /data/batchapp/softeon/upspznpsprod-upsps/reportjqgridexportdaemon
upsps_sch | /data/batchapp/softeon/upspznpsprod-upsps/schedulerdaemon
upsps_inbq | /data/batchapp/softeon/upspznpsprod-upsps/uploaddaemon
upsps_wld | /data/batchapp/softeon/upspznpsprod-upsps/wavelaunchdaemon

==============================================================================
JBOSS/WILDFLY APPS (simple table)
==============================================================================
JBoss App Processes | 0
JBoss Apps | None

==============================================================================
HEALTH MONITOR CRONTAB STATUS
==============================================================================

2026-07-19 01:34:16,066 - 366386 - ERROR - app_validation.py errors for i-033c5c84b5bf74969:
Traceback (most recent call last):
  File "<stdin>", line 873, in <module>
  File "<stdin>", line 864, in main
UnboundLocalError: local variable 'found' referenced before assignment
failed to run commands: exit status 1
2026-07-19 01:34:16,119 - 366386 - INFO - i-033c5c84b5bf74969: Cron was not active - skipping enable
2026-07-19 01:34:16,197 - 366386 - INFO - Email sent successfully to ['kishlayk@softeon.com', 'CloudOps@softeon.com']
2026-07-19 01:34:16,197 - 366386 - INFO - GREEN re-validation mail sent for i-033c5c84b5bf74969
2026-07-19 01:34:32,370 - 366386 - INFO - app_validation.py output for i-02c90117ff22e436f:

==============================================================================
Server Availability Check Started | 2026-07-19 05:34:02.562961
==============================================================================

==============================================================================
SYSTEM INFORMATION
==============================================================================
Server IP | 172.29.60.103
Hostname | ip-172-29-60-103
Current User | root
Working Directory | /usr/bin
Time Zone | UTC

==============================================================================
STORAGE CHECK | /data mounts
==============================================================================
Filesystem | Size | Used | Avail | Use% | Mounted on
/dev/nvme1n1p2 | 239.9G | 147.1G | 92.8G | 61% | /data
fs-0e14a7aa2eea9219c.efs.us-east-1.amazonaws.com:/ | 0B | 805.0G | 0B | 0% | /data2

==============================================================================
SYMLINK CHECK | root (/)
==============================================================================
Symlinks Total | 4
Symlinks Valid | 4
Symlinks Invalid | 0
Symlink | ResolvedTarget
/bin | /usr/bin
/lib | /usr/lib
/lib64 | /usr/lib64
/sbin | /usr/sbin

==============================================================================
NFS CHECK
==============================================================================
NFS Package Installed | Yes
nfs-server.service Active | No
nfs-client.target Active | Yes
/etc/exports Present | Yes
EXPORTS_LINE | (empty)
NFS_MOUNT | Device | MountPoint | FSType
NFS_MOUNT | fs-0e14a7aa2eea9219c.efs.us-east-1.amazonaws.com:/ | /data2 | nfs4

==============================================================================
CUPS CHECK
==============================================================================
CUPS Installed | Yes
CUPS Running | Yes
CUPS Version | 1.7.5
CUPS IP URL (http://172.29.60.103:631) | 200
Cups server Http Status | 200
Cups printers Http Status | 200
Printers Configured | 251

==============================================================================
FTP CHECK
==============================================================================
FTP Installed | No
FTP Running (Port 21 localhost) | No
FTP Port 21 Reachable on 172.29.60.103 | No
FTP Processes | None

==============================================================================
JAVA CHECK
==============================================================================
Total Java Processes | 25
Batch/Daemon Java Processes | 23
Non-Standalone Java Processes | upshp_dwa, upshp_event, upshp_ftp, upshp_lbl, upshp_repl, upshp_rpt, upshp_jqgrid, upshp_sch, upshp_notisch, upshp_inbq, upshp_wld, upshud_dwa, upshud_event, upshud_ftp, upshud_lbl, upshud_repl, upshud_rpt, upshud_jqgrid, upshud_sch, upshud_inbq, upshud_wld, upsps_ftp, upsps_rpt

==============================================================================
BATCH/DAEMON JAVA DETAILS
==============================================================================
Batch/Daemon Java Processes | 23
Java-Name | Java-Path
upshp_dwa | /data/batchapp/softeon/upspznpsprod-upshp/downloaddaemon
upshp_event | /data/batchapp/softeon/upspznpsprod-upshp/eventdaemon
upshp_ftp | /data/batchapp/softeon/upspznpsprod-upshp/ftpdaemon
upshp_lbl | /data/batchapp/softeon/upspznpsprod-upshp/labeldaemon
upshp_repl | /data/batchapp/softeon/upspznpsprod-upshp/replenishmentdaemon
upshp_rpt | /data/batchapp/softeon/upspznpsprod-upshp/reportdaemon
upshp_jqgrid | /data/batchapp/softeon/upspznpsprod-upshp/reportjqgridexportdaemon
upshp_sch | /data/batchapp/softeon/upspznpsprod-upshp/schedulerdaemon
upshp_notisch | /data/batchapp/softeon/upspznpsprod-upshp/schedulerdaemon_notification
upshp_inbq | /data/batchapp/softeon/upspznpsprod-upshp/uploaddaemon
upshp_wld | /data/batchapp/softeon/upspznpsprod-upshp/wavelaunchdaemon
upshud_dwa | /data/batchapp/softeon/upspznpsprod-upshud/downloaddaemon
upshud_event | /data/batchapp/softeon/upspznpsprod-upshud/eventdaemon
upshud_ftp | /data/batchapp/softeon/upspznpsprod-upshud/ftpdaemon
upshud_lbl | /data/batchapp/softeon/upspznpsprod-upshud/labeldaemon
upshud_repl | /data/batchapp/softeon/upspznpsprod-upshud/replenishmentdaemon
upshud_rpt | /data/batchapp/softeon/upspznpsprod-upshud/reportdaemon
upshud_jqgrid | /data/batchapp/softeon/upspznpsprod-upshud/reportjqgridexportdaemon
upshud_sch | /data/batchapp/softeon/upspznpsprod-upshud/schedulerdaemon
upshud_inbq | /data/batchapp/softeon/upspznpsprod-upshud/uploaddaemon
upshud_wld | /data/batchapp/softeon/upspznpsprod-upshud/wavelaunchdaemon
upsps_ftp | /data/batchapp/softeon/upspznpsprod-upsps/ftpdaemon
upsps_rpt | /data/batchapp/softeon/upspznpsprod-upsps/reportdaemon

==============================================================================
JBOSS/WILDFLY APPS (simple table)
==============================================================================
JBoss App Processes | 0
JBoss Apps | None

==============================================================================
HEALTH MONITOR CRONTAB STATUS
==============================================================================
Health Monitor Crontab | Disabled

==============================================================================
Server Availability Check Completed | 2026-07-19 05:34:03.345499
==============================================================================

2026-07-19 01:34:32,370 - 366386 - ERROR - app_validation.py errors for i-02c90117ff22e436f:

2026-07-19 01:34:32,372 - 366386 - INFO - [Retry-1] After log saved: /data/patching_report/validation-2026-07-19/UPS-Productionization-PostSales-Batch/172.29.60.103/172.29.60.103-AfterPatching-Retry1-2026-07-19-01-34-32-371.log
2026-07-19 01:34:32,424 - 366386 - INFO - [Retry-1] RED for UPS Productionization Post Sales Production Batch Server - 1 (172.29.60.103), retrying... (Total waited: 300s)
2026-07-19 01:34:32,425 - 366386 - INFO - [Retry-2] Waiting 300s for i-02c90117ff22e436f...
2026-07-19 01:39:32,707 - 366386 - INFO - Sent app_validation.py to i-02c90117ff22e436f (command_id: fcedd3a7-0fb2-44c5-aa1a-66ec5460f354)
2026-07-19 01:40:02,812 - 366386 - INFO - app_validation.py output for i-02c90117ff22e436f:

==============================================================================
Server Availability Check Started | 2026-07-19 05:39:32.985065
==============================================================================

==============================================================================
SYSTEM INFORMATION
==============================================================================
Server IP | 172.29.60.103
Hostname | ip-172-29-60-103
Current User | root
Working Directory | /usr/bin
Time Zone | UTC

==============================================================================
STORAGE CHECK | /data mounts
==============================================================================
Filesystem | Size | Used | Avail | Use% | Mounted on
/dev/nvme1n1p2 | 239.9G | 147.2G | 92.7G | 61% | /data
fs-0e14a7aa2eea9219c.efs.us-east-1.amazonaws.com:/ | 0B | 805.0G | 0B | 0% | /data2

==============================================================================
SYMLINK CHECK | root (/)
==============================================================================
Symlinks Total | 4
Symlinks Valid | 4
Symlinks Invalid | 0
Symlink | ResolvedTarget
/bin | /usr/bin
/lib | /usr/lib
/lib64 | /usr/lib64
/sbin | /usr/sbin

==============================================================================
NFS CHECK
==============================================================================
NFS Package Installed | Yes
nfs-server.service Active | No
nfs-client.target Active | Yes
/etc/exports Present | Yes
EXPORTS_LINE | (empty)
NFS_MOUNT | Device | MountPoint | FSType
NFS_MOUNT | fs-0e14a7aa2eea9219c.efs.us-east-1.amazonaws.com:/ | /data2 | nfs4

==============================================================================
CUPS CHECK
==============================================================================
CUPS Installed | Yes
CUPS Running | Yes
CUPS Version | 1.7.5
CUPS IP URL (http://172.29.60.103:631) | 200
Cups server Http Status | 200
Cups printers Http Status | 200
Printers Configured | 251

==============================================================================
FTP CHECK
==============================================================================
FTP Installed | No
FTP Running (Port 21 localhost) | No
FTP Port 21 Reachable on 172.29.60.103 | No
FTP Processes | None

==============================================================================
JAVA CHECK
==============================================================================
Total Java Processes | 25
Batch/Daemon Java Processes | 23
Non-Standalone Java Processes | upshp_dwa, upshp_event, upshp_ftp, upshp_lbl, upshp_repl, upshp_rpt, upshp_jqgrid, upshp_sch, upshp_notisch, upshp_inbq, upshp_wld, upshud_dwa, upshud_event, upshud_ftp, upshud_lbl, upshud_repl, upshud_rpt, upshud_jqgrid, upshud_sch, upshud_inbq, upshud_wld, upsps_ftp, upsps_rpt

==============================================================================
BATCH/DAEMON JAVA DETAILS
==============================================================================
Batch/Daemon Java Processes | 23
Java-Name | Java-Path
upshp_dwa | /data/batchapp/softeon/upspznpsprod-upshp/downloaddaemon
upshp_event | /data/batchapp/softeon/upspznpsprod-upshp/eventdaemon
upshp_ftp | /data/batchapp/softeon/upspznpsprod-upshp/ftpdaemon
upshp_lbl | /data/batchapp/softeon/upspznpsprod-upshp/labeldaemon
upshp_repl | /data/batchapp/softeon/upspznpsprod-upshp/replenishmentdaemon
upshp_rpt | /data/batchapp/softeon/upspznpsprod-upshp/reportdaemon
upshp_jqgrid | /data/batchapp/softeon/upspznpsprod-upshp/reportjqgridexportdaemon
upshp_sch | /data/batchapp/softeon/upspznpsprod-upshp/schedulerdaemon
upshp_notisch | /data/batchapp/softeon/upspznpsprod-upshp/schedulerdaemon_notification
upshp_inbq | /data/batchapp/softeon/upspznpsprod-upshp/uploaddaemon
upshp_wld | /data/batchapp/softeon/upspznpsprod-upshp/wavelaunchdaemon
upshud_dwa | /data/batchapp/softeon/upspznpsprod-upshud/downloaddaemon
upshud_event | /data/batchapp/softeon/upspznpsprod-upshud/eventdaemon
upshud_ftp | /data/batchapp/softeon/upspznpsprod-upshud/ftpdaemon
upshud_lbl | /data/batchapp/softeon/upspznpsprod-upshud/labeldaemon
upshud_repl | /data/batchapp/softeon/upspznpsprod-upshud/replenishmentdaemon
upshud_rpt | /data/batchapp/softeon/upspznpsprod-upshud/reportdaemon
upshud_jqgrid | /data/batchapp/softeon/upspznpsprod-upshud/reportjqgridexportdaemon
upshud_sch | /data/batchapp/softeon/upspznpsprod-upshud/schedulerdaemon
upshud_inbq | /data/batchapp/softeon/upspznpsprod-upshud/uploaddaemon
upshud_wld | /data/batchapp/softeon/upspznpsprod-upshud/wavelaunchdaemon
upsps_ftp | /data/batchapp/softeon/upspznpsprod-upsps/ftpdaemon
upsps_rpt | /data/batchapp/softeon/upspznpsprod-upsps/reportdaemon

==============================================================================
JBOSS/WILDFLY APPS (simple table)
==============================================================================
JBoss App Processes | 0
JBoss Apps | None

==============================================================================
HEALTH MONITOR CRONTAB STATUS
==============================================================================
Health Monitor Crontab | Disabled

==============================================================================
Server Availability Check Completed | 2026-07-19 05:39:33.697907
==============================================================================

2026-07-19 01:40:02,812 - 366386 - ERROR - app_validation.py errors for i-02c90117ff22e436f:

2026-07-19 01:40:02,813 - 366386 - INFO - [Retry-2] After log saved: /data/patching_report/validation-2026-07-19/UPS-Productionization-PostSales-Batch/172.29.60.103/172.29.60.103-AfterPatching-Retry2-2026-07-19-01-40-02-813.log
2026-07-19 01:40:02,865 - 366386 - INFO - [Retry-2] RED for UPS Productionization Post Sales Production Batch Server - 1 (172.29.60.103), retrying... (Total waited: 600s)
2026-07-19 01:40:02,866 - 366386 - INFO - [Retry-3] Waiting 300s for i-02c90117ff22e436f...
2026-07-19 01:45:03,160 - 366386 - INFO - Sent app_validation.py to i-02c90117ff22e436f (command_id: 0abc5615-9f2e-4861-8e98-0e61797cc4ef)
2026-07-19 01:45:33,247 - 366386 - INFO - app_validation.py output for i-02c90117ff22e436f:

==============================================================================
Server Availability Check Started | 2026-07-19 05:45:03.428011
==============================================================================

==============================================================================
SYSTEM INFORMATION
==============================================================================
Server IP | 172.29.60.103
Hostname | ip-172-29-60-103
Current User | root
Working Directory | /usr/bin
Time Zone | UTC

==============================================================================
STORAGE CHECK | /data mounts
==============================================================================
Filesystem | Size | Used | Avail | Use% | Mounted on
/dev/nvme1n1p2 | 239.9G | 147.2G | 92.6G | 61% | /data
fs-0e14a7aa2eea9219c.efs.us-east-1.amazonaws.com:/ | 0B | 805.0G | 0B | 0% | /data2

==============================================================================
SYMLINK CHECK | root (/)
==============================================================================
Symlinks Total | 4
Symlinks Valid | 4
Symlinks Invalid | 0
Symlink | ResolvedTarget
/bin | /usr/bin
/lib | /usr/lib
/lib64 | /usr/lib64
/sbin | /usr/sbin

==============================================================================
NFS CHECK
==============================================================================
NFS Package Installed | Yes
nfs-server.service Active | No
nfs-client.target Active | Yes
/etc/exports Present | Yes
EXPORTS_LINE | (empty)
NFS_MOUNT | Device | MountPoint | FSType
NFS_MOUNT | fs-0e14a7aa2eea9219c.efs.us-east-1.amazonaws.com:/ | /data2 | nfs4

==============================================================================
CUPS CHECK
==============================================================================
CUPS Installed | Yes
CUPS Running | Yes
CUPS Version | 1.7.5
CUPS IP URL (http://172.29.60.103:631) | 200
Cups server Http Status | 200
Cups printers Http Status | 200
Printers Configured | 251

==============================================================================
FTP CHECK
==============================================================================
FTP Installed | No
FTP Running (Port 21 localhost) | No
FTP Port 21 Reachable on 172.29.60.103 | No
FTP Processes | None

==============================================================================
JAVA CHECK
==============================================================================
Total Java Processes | 26
Batch/Daemon Java Processes | 24
Non-Standalone Java Processes | upshp_dwa, upshp_event, upshp_ftp, upshp_lbl, upshp_repl, upshp_rpt, upshp_jqgrid, upshp_sch, upshp_notisch, upshp_inbq, upshp_wld, upshud_dwa, upshud_event, upshud_ftp, upshud_lbl, upshud_repl, upshud_rpt, upshud_jqgrid, upshud_sch, upshud_inbq, upshud_wld, upsps_ftp, upsps_rpt, upspznps_dm

==============================================================================
BATCH/DAEMON JAVA DETAILS
==============================================================================
Batch/Daemon Java Processes | 24
Java-Name | Java-Path
upshp_dwa | /data/batchapp/softeon/upspznpsprod-upshp/downloaddaemon
upshp_event | /data/batchapp/softeon/upspznpsprod-upshp/eventdaemon
upshp_ftp | /data/batchapp/softeon/upspznpsprod-upshp/ftpdaemon
upshp_lbl | /data/batchapp/softeon/upspznpsprod-upshp/labeldaemon
upshp_repl | /data/batchapp/softeon/upspznpsprod-upshp/replenishmentdaemon
upshp_rpt | /data/batchapp/softeon/upspznpsprod-upshp/reportdaemon
upshp_jqgrid | /data/batchapp/softeon/upspznpsprod-upshp/reportjqgridexportdaemon
upshp_sch | /data/batchapp/softeon/upspznpsprod-upshp/schedulerdaemon
upshp_notisch | /data/batchapp/softeon/upspznpsprod-upshp/schedulerdaemon_notification
upshp_inbq | /data/batchapp/softeon/upspznpsprod-upshp/uploaddaemon
upshp_wld | /data/batchapp/softeon/upspznpsprod-upshp/wavelaunchdaemon
upshud_dwa | /data/batchapp/softeon/upspznpsprod-upshud/downloaddaemon
upshud_event | /data/batchapp/softeon/upspznpsprod-upshud/eventdaemon
upshud_ftp | /data/batchapp/softeon/upspznpsprod-upshud/ftpdaemon
upshud_lbl | /data/batchapp/softeon/upspznpsprod-upshud/labeldaemon
upshud_repl | /data/batchapp/softeon/upspznpsprod-upshud/replenishmentdaemon
upshud_rpt | /data/batchapp/softeon/upspznpsprod-upshud/reportdaemon
upshud_jqgrid | /data/batchapp/softeon/upspznpsprod-upshud/reportjqgridexportdaemon
upshud_sch | /data/batchapp/softeon/upspznpsprod-upshud/schedulerdaemon
upshud_inbq | /data/batchapp/softeon/upspznpsprod-upshud/uploaddaemon
upshud_wld | /data/batchapp/softeon/upspznpsprod-upshud/wavelaunchdaemon
upsps_ftp | /data/batchapp/softeon/upspznpsprod-upsps/ftpdaemon
upsps_rpt | /data/batchapp/softeon/upspznpsprod-upsps/reportdaemon
upspznps_dm | /data/batchapp/softeon/upspznpsprod/drivespacemonitor

==============================================================================
JBOSS/WILDFLY APPS (simple table)
==============================================================================
JBoss App Processes | 0
JBoss Apps | None

==============================================================================
HEALTH MONITOR CRONTAB STATUS
==============================================================================
Health Monitor Crontab | Disabled

==============================================================================
Server Availability Check Completed | 2026-07-19 05:45:04.146740
==============================================================================

2026-07-19 01:45:33,247 - 366386 - ERROR - app_validation.py errors for i-02c90117ff22e436f:

2026-07-19 01:45:33,249 - 366386 - INFO - [Retry-3] After log saved: /data/patching_report/validation-2026-07-19/UPS-Productionization-PostSales-Batch/172.29.60.103/172.29.60.103-AfterPatching-Retry3-2026-07-19-01-45-33-248.log
2026-07-19 01:45:33,301 - 366386 - INFO - [Retry-3] RED for UPS Productionization Post Sales Production Batch Server - 1 (172.29.60.103), retrying... (Total waited: 900s)
2026-07-19 01:45:33,302 - 366386 - INFO - [Retry-4] Waiting 300s for i-02c90117ff22e436f...
2026-07-19 01:50:33,484 - 366386 - INFO - Sent app_validation.py to i-02c90117ff22e436f (command_id: 3c7e188f-9bd5-4544-a1d1-ff1147cc2234)
2026-07-19 01:51:03,622 - 366386 - INFO - app_validation.py output for i-02c90117ff22e436f:

==============================================================================
Server Availability Check Started | 2026-07-19 05:50:33.733121
==============================================================================

==============================================================================
SYSTEM INFORMATION
==============================================================================
Server IP | 172.29.60.103
Hostname | ip-172-29-60-103
Current User | root
Working Directory | /usr/bin
Time Zone | UTC

==============================================================================
STORAGE CHECK | /data mounts
==============================================================================
Filesystem | Size | Used | Avail | Use% | Mounted on
/dev/nvme1n1p2 | 239.9G | 147.3G | 92.6G | 61% | /data
fs-0e14a7aa2eea9219c.efs.us-east-1.amazonaws.com:/ | 0B | 805.0G | 0B | 0% | /data2

==============================================================================
SYMLINK CHECK | root (/)
==============================================================================
Symlinks Total | 4
Symlinks Valid | 4
Symlinks Invalid | 0
Symlink | ResolvedTarget
/bin | /usr/bin
/lib | /usr/lib
/lib64 | /usr/lib64
/sbin | /usr/sbin

==============================================================================
NFS CHECK
==============================================================================
NFS Package Installed | Yes
nfs-server.service Active | No
nfs-client.target Active | Yes
/etc/exports Present | Yes
EXPORTS_LINE | (empty)
NFS_MOUNT | Device | MountPoint | FSType
NFS_MOUNT | fs-0e14a7aa2eea9219c.efs.us-east-1.amazonaws.com:/ | /data2 | nfs4

==============================================================================
CUPS CHECK
==============================================================================
CUPS Installed | Yes
CUPS Running | Yes
CUPS Version | 1.7.5
CUPS IP URL (http://172.29.60.103:631) | 200
Cups server Http Status | 200
Cups printers Http Status | 200
Printers Configured | 251

==============================================================================
FTP CHECK
==============================================================================
FTP Installed | No
FTP Running (Port 21 localhost) | No
FTP Port 21 Reachable on 172.29.60.103 | No
FTP Processes | None

==============================================================================
JAVA CHECK
==============================================================================
Total Java Processes | 25
Batch/Daemon Java Processes | 23
Non-Standalone Java Processes | upshp_dwa, upshp_event, upshp_ftp, upshp_lbl, upshp_repl, upshp_rpt, upshp_jqgrid, upshp_sch, upshp_notisch, upshp_inbq, upshp_wld, upshud_dwa, upshud_event, upshud_ftp, upshud_lbl, upshud_repl, upshud_rpt, upshud_jqgrid, upshud_sch, upshud_inbq, upshud_wld, upsps_ftp, upsps_rpt

==============================================================================
BATCH/DAEMON JAVA DETAILS
==============================================================================
Batch/Daemon Java Processes | 23
Java-Name | Java-Path
upshp_dwa | /data/batchapp/softeon/upspznpsprod-upshp/downloaddaemon
upshp_event | /data/batchapp/softeon/upspznpsprod-upshp/eventdaemon
upshp_ftp | /data/batchapp/softeon/upspznpsprod-upshp/ftpdaemon
upshp_lbl | /data/batchapp/softeon/upspznpsprod-upshp/labeldaemon
upshp_repl | /data/batchapp/softeon/upspznpsprod-upshp/replenishmentdaemon
upshp_rpt | /data/batchapp/softeon/upspznpsprod-upshp/reportdaemon
upshp_jqgrid | /data/batchapp/softeon/upspznpsprod-upshp/reportjqgridexportdaemon
upshp_sch | /data/batchapp/softeon/upspznpsprod-upshp/schedulerdaemon
upshp_notisch | /data/batchapp/softeon/upspznpsprod-upshp/schedulerdaemon_notification
upshp_inbq | /data/batchapp/softeon/upspznpsprod-upshp/uploaddaemon
upshp_wld | /data/batchapp/softeon/upspznpsprod-upshp/wavelaunchdaemon
upshud_dwa | /data/batchapp/softeon/upspznpsprod-upshud/downloaddaemon
upshud_event | /data/batchapp/softeon/upspznpsprod-upshud/eventdaemon
upshud_ftp | /data/batchapp/softeon/upspznpsprod-upshud/ftpdaemon
upshud_lbl | /data/batchapp/softeon/upspznpsprod-upshud/labeldaemon
upshud_repl | /data/batchapp/softeon/upspznpsprod-upshud/replenishmentdaemon
upshud_rpt | /data/batchapp/softeon/upspznpsprod-upshud/reportdaemon
upshud_jqgrid | /data/batchapp/softeon/upspznpsprod-upshud/reportjqgridexportdaemon
upshud_sch | /data/batchapp/softeon/upspznpsprod-upshud/schedulerdaemon
upshud_inbq | /data/batchapp/softeon/upspznpsprod-upshud/uploaddaemon
upshud_wld | /data/batchapp/softeon/upspznpsprod-upshud/wavelaunchdaemon
upsps_ftp | /data/batchapp/softeon/upspznpsprod-upsps/ftpdaemon
upsps_rpt | /data/batchapp/softeon/upspznpsprod-upsps/reportdaemon

==============================================================================
JBOSS/WILDFLY APPS (simple table)
==============================================================================
JBoss App Processes | 0
JBoss Apps | None

==============================================================================
HEALTH MONITOR CRONTAB STATUS
==============================================================================
Health Monitor Crontab | Disabled

==============================================================================
Server Availability Check Completed | 2026-07-19 05:50:34.433100
==============================================================================

2026-07-19 01:51:03,622 - 366386 - ERROR - app_validation.py errors for i-02c90117ff22e436f:

2026-07-19 01:51:03,624 - 366386 - INFO - [Retry-4] After log saved: /data/patching_report/validation-2026-07-19/UPS-Productionization-PostSales-Batch/172.29.60.103/172.29.60.103-AfterPatching-Retry4-2026-07-19-01-51-03-623.log
2026-07-19 01:51:03,676 - 366386 - INFO - [Retry-4] RED for UPS Productionization Post Sales Production Batch Server - 1 (172.29.60.103), retrying... (Total waited: 1200s)
2026-07-19 01:51:03,677 - 366386 - INFO - [Retry-5] Waiting 300s for i-02c90117ff22e436f...
2026-07-19 01:56:03,966 - 366386 - INFO - Sent app_validation.py to i-02c90117ff22e436f (command_id: 6b85532e-637f-4764-93fd-7e1a640e3bb3)
2026-07-19 01:56:34,051 - 366386 - INFO - app_validation.py output for i-02c90117ff22e436f:

==============================================================================
Server Availability Check Started | 2026-07-19 05:56:04.222831
==============================================================================

==============================================================================
SYSTEM INFORMATION
==============================================================================
Server IP | 172.29.60.103
Hostname | ip-172-29-60-103
Current User | root
Working Directory | /usr/bin
Time Zone | UTC

==============================================================================
STORAGE CHECK | /data mounts
==============================================================================
Filesystem | Size | Used | Avail | Use% | Mounted on
/dev/nvme1n1p2 | 239.9G | 147.3G | 92.6G | 61% | /data
fs-0e14a7aa2eea9219c.efs.us-east-1.amazonaws.com:/ | 0B | 805.0G | 0B | 0% | /data2

==============================================================================
SYMLINK CHECK | root (/)
==============================================================================
Symlinks Total | 4
Symlinks Valid | 4
Symlinks Invalid | 0
Symlink | ResolvedTarget
/bin | /usr/bin
/lib | /usr/lib
/lib64 | /usr/lib64
/sbin | /usr/sbin

==============================================================================
NFS CHECK
==============================================================================
NFS Package Installed | Yes
nfs-server.service Active | No
nfs-client.target Active | Yes
/etc/exports Present | Yes
EXPORTS_LINE | (empty)
NFS_MOUNT | Device | MountPoint | FSType
NFS_MOUNT | fs-0e14a7aa2eea9219c.efs.us-east-1.amazonaws.com:/ | /data2 | nfs4

==============================================================================
CUPS CHECK
==============================================================================
CUPS Installed | Yes
CUPS Running | Yes
CUPS Version | 1.7.5
CUPS IP URL (http://172.29.60.103:631) | 200
Cups server Http Status | 200
Cups printers Http Status | 200
Printers Configured | 251

==============================================================================
FTP CHECK
==============================================================================
FTP Installed | No
FTP Running (Port 21 localhost) | No
FTP Port 21 Reachable on 172.29.60.103 | No
FTP Processes | None

==============================================================================
JAVA CHECK
==============================================================================
Total Java Processes | 25
Batch/Daemon Java Processes | 23
Non-Standalone Java Processes | upshp_dwa, upshp_event, upshp_ftp, upshp_lbl, upshp_repl, upshp_rpt, upshp_jqgrid, upshp_sch, upshp_notisch, upshp_inbq, upshp_wld, upshud_dwa, upshud_event, upshud_ftp, upshud_lbl, upshud_repl, upshud_rpt, upshud_jqgrid, upshud_sch, upshud_inbq, upshud_wld, upsps_ftp, upsps_rpt

==============================================================================
BATCH/DAEMON JAVA DETAILS
==============================================================================
Batch/Daemon Java Processes | 23
Java-Name | Java-Path
upshp_dwa | /data/batchapp/softeon/upspznpsprod-upshp/downloaddaemon
upshp_event | /data/batchapp/softeon/upspznpsprod-upshp/eventdaemon
upshp_ftp | /data/batchapp/softeon/upspznpsprod-upshp/ftpdaemon
upshp_lbl | /data/batchapp/softeon/upspznpsprod-upshp/labeldaemon
upshp_repl | /data/batchapp/softeon/upspznpsprod-upshp/replenishmentdaemon
upshp_rpt | /data/batchapp/softeon/upspznpsprod-upshp/reportdaemon
upshp_jqgrid | /data/batchapp/softeon/upspznpsprod-upshp/reportjqgridexportdaemon
upshp_sch | /data/batchapp/softeon/upspznpsprod-upshp/schedulerdaemon
upshp_notisch | /data/batchapp/softeon/upspznpsprod-upshp/schedulerdaemon_notification
upshp_inbq | /data/batchapp/softeon/upspznpsprod-upshp/uploaddaemon
upshp_wld | /data/batchapp/softeon/upspznpsprod-upshp/wavelaunchdaemon
upshud_dwa | /data/batchapp/softeon/upspznpsprod-upshud/downloaddaemon
upshud_event | /data/batchapp/softeon/upspznpsprod-upshud/eventdaemon
upshud_ftp | /data/batchapp/softeon/upspznpsprod-upshud/ftpdaemon
upshud_lbl | /data/batchapp/softeon/upspznpsprod-upshud/labeldaemon
upshud_repl | /data/batchapp/softeon/upspznpsprod-upshud/replenishmentdaemon
upshud_rpt | /data/batchapp/softeon/upspznpsprod-upshud/reportdaemon
upshud_jqgrid | /data/batchapp/softeon/upspznpsprod-upshud/reportjqgridexportdaemon
upshud_sch | /data/batchapp/softeon/upspznpsprod-upshud/schedulerdaemon
upshud_inbq | /data/batchapp/softeon/upspznpsprod-upshud/uploaddaemon
upshud_wld | /data/batchapp/softeon/upspznpsprod-upshud/wavelaunchdaemon
upsps_ftp | /data/batchapp/softeon/upspznpsprod-upsps/ftpdaemon
upsps_rpt | /data/batchapp/softeon/upspznpsprod-upsps/reportdaemon

==============================================================================
JBOSS/WILDFLY APPS (simple table)
==============================================================================
JBoss App Processes | 0
JBoss Apps | None

==============================================================================
HEALTH MONITOR CRONTAB STATUS
==============================================================================
Health Monitor Crontab | Disabled

==============================================================================
Server Availability Check Completed | 2026-07-19 05:56:04.923472
==============================================================================

2026-07-19 01:56:34,051 - 366386 - ERROR - app_validation.py errors for i-02c90117ff22e436f:

2026-07-19 01:56:34,052 - 366386 - INFO - [Retry-5] After log saved: /data/patching_report/validation-2026-07-19/UPS-Productionization-PostSales-Batch/172.29.60.103/172.29.60.103-AfterPatching-Retry5-2026-07-19-01-56-34-052.log
2026-07-19 01:56:34,105 - 366386 - INFO - [Retry-5] RED for UPS Productionization Post Sales Production Batch Server - 1 (172.29.60.103), retrying... (Total waited: 1500s)
2026-07-19 01:56:34,105 - 366386 - INFO - [Retry-6] Waiting 300s for i-02c90117ff22e436f...
2026-07-19 02:01:34,279 - 366386 - INFO - Sent app_validation.py to i-02c90117ff22e436f (command_id: 620da063-8f7c-4f66-9133-badf29d1bd07)
2026-07-19 02:02:04,326 - 366386 - INFO - app_validation.py output for i-02c90117ff22e436f:

==============================================================================
Server Availability Check Started | 2026-07-19 06:01:34.537429
==============================================================================

==============================================================================
SYSTEM INFORMATION
==============================================================================
Server IP | 172.29.60.103
Hostname | ip-172-29-60-103
Current User | root
Working Directory | /usr/bin
Time Zone | UTC

==============================================================================
STORAGE CHECK | /data mounts
==============================================================================
Filesystem | Size | Used | Avail | Use% | Mounted on
/dev/nvme1n1p2 | 239.9G | 147.4G | 92.5G | 61% | /data
fs-0e14a7aa2eea9219c.efs.us-east-1.amazonaws.com:/ | 0B | 805.0G | 0B | 0% | /data2

==============================================================================
SYMLINK CHECK | root (/)
==============================================================================
Symlinks Total | 4
Symlinks Valid | 4
Symlinks Invalid | 0
Symlink | ResolvedTarget
/bin | /usr/bin
/lib | /usr/lib
/lib64 | /usr/lib64
/sbin | /usr/sbin

==============================================================================
NFS CHECK
==============================================================================
NFS Package Installed | Yes
nfs-server.service Active | No
nfs-client.target Active | Yes
/etc/exports Present | Yes
EXPORTS_LINE | (empty)
NFS_MOUNT | Device | MountPoint | FSType
NFS_MOUNT | fs-0e14a7aa2eea9219c.efs.us-east-1.amazonaws.com:/ | /data2 | nfs4

==============================================================================
CUPS CHECK
==============================================================================
CUPS Installed | Yes
CUPS Running | Yes
CUPS Version | 1.7.5
CUPS IP URL (http://172.29.60.103:631) | 200
Cups server Http Status | 200
Cups printers Http Status | 200
Printers Configured | 251

==============================================================================
FTP CHECK
==============================================================================
FTP Installed | No
FTP Running (Port 21 localhost) | No
FTP Port 21 Reachable on 172.29.60.103 | No
FTP Processes | None

==============================================================================
JAVA CHECK
==============================================================================
Total Java Processes | 25
Batch/Daemon Java Processes | 23
Non-Standalone Java Processes | upshp_dwa, upshp_event, upshp_ftp, upshp_lbl, upshp_repl, upshp_rpt, upshp_jqgrid, upshp_sch, upshp_notisch, upshp_inbq, upshp_wld, upshud_dwa, upshud_event, upshud_ftp, upshud_lbl, upshud_repl, upshud_rpt, upshud_jqgrid, upshud_sch, upshud_inbq, upshud_wld, upsps_ftp, upsps_rpt

==============================================================================
BATCH/DAEMON JAVA DETAILS
==============================================================================
Batch/Daemon Java Processes | 23
Java-Name | Java-Path
upshp_dwa | /data/batchapp/softeon/upspznpsprod-upshp/downloaddaemon
upshp_event | /data/batchapp/softeon/upspznpsprod-upshp/eventdaemon
upshp_ftp | /data/batchapp/softeon/upspznpsprod-upshp/ftpdaemon
upshp_lbl | /data/batchapp/softeon/upspznpsprod-upshp/labeldaemon
upshp_repl | /data/batchapp/softeon/upspznpsprod-upshp/replenishmentdaemon
upshp_rpt | /data/batchapp/softeon/upspznpsprod-upshp/reportdaemon
upshp_jqgrid | /data/batchapp/softeon/upspznpsprod-upshp/reportjqgridexportdaemon
upshp_sch | /data/batchapp/softeon/upspznpsprod-upshp/schedulerdaemon
upshp_notisch | /data/batchapp/softeon/upspznpsprod-upshp/schedulerdaemon_notification
upshp_inbq | /data/batchapp/softeon/upspznpsprod-upshp/uploaddaemon
upshp_wld | /data/batchapp/softeon/upspznpsprod-upshp/wavelaunchdaemon
upshud_dwa | /data/batchapp/softeon/upspznpsprod-upshud/downloaddaemon
upshud_event | /data/batchapp/softeon/upspznpsprod-upshud/eventdaemon
upshud_ftp | /data/batchapp/softeon/upspznpsprod-upshud/ftpdaemon
upshud_lbl | /data/batchapp/softeon/upspznpsprod-upshud/labeldaemon
upshud_repl | /data/batchapp/softeon/upspznpsprod-upshud/replenishmentdaemon
upshud_rpt | /data/batchapp/softeon/upspznpsprod-upshud/reportdaemon
upshud_jqgrid | /data/batchapp/softeon/upspznpsprod-upshud/reportjqgridexportdaemon
upshud_sch | /data/batchapp/softeon/upspznpsprod-upshud/schedulerdaemon
upshud_inbq | /data/batchapp/softeon/upspznpsprod-upshud/uploaddaemon
upshud_wld | /data/batchapp/softeon/upspznpsprod-upshud/wavelaunchdaemon
upsps_ftp | /data/batchapp/softeon/upspznpsprod-upsps/ftpdaemon
upsps_rpt | /data/batchapp/softeon/upspznpsprod-upsps/reportdaemon

==============================================================================
JBOSS/WILDFLY APPS (simple table)
==============================================================================
JBoss App Processes | 0
JBoss Apps | None

==============================================================================
HEALTH MONITOR CRONTAB STATUS
==============================================================================
Health Monitor Crontab | Disabled

==============================================================================
Server Availability Check Completed | 2026-07-19 06:01:35.327774
==============================================================================

2026-07-19 02:02:04,326 - 366386 - ERROR - app_validation.py errors for i-02c90117ff22e436f:

2026-07-19 02:02:04,327 - 366386 - INFO - [Retry-6] After log saved: /data/patching_report/validation-2026-07-19/UPS-Productionization-PostSales-Batch/172.29.60.103/172.29.60.103-AfterPatching-Retry6-2026-07-19-02-02-04-327.log
2026-07-19 02:02:04,548 - 366386 - INFO - Health monitor crontab enabled on all instances
2026-07-19 02:02:04,549 - 366386 - WARNING - [Retry] Timeout - auto cron enabled for i-02c90117ff22e436f
