2026-07-21 00:35:02,491 - 493021 - INFO - Logger setup has been removed, using shared logger from common.logs.logger.
2026-07-21 00:35:02,491 - 493021 - INFO - Script Start Time: 2026-07-21 00:35:02
2026-07-21 00:35:02,855 - 493021 - INFO - Tag: UPSHC-VAC-UAT, IPs: ['172.28.25.61', '172.28.25.15'], Environment: uat
2026-07-21 00:35:02,855 - 493021 - INFO - Instance(s) selected for Patching: {'i-08a236b6682eed07d': '172.28.25.61', 'i-047f23d1e9808d2c1': '172.28.25.15'}
2026-07-21 00:35:02,928 - 493021 - INFO - Email sent successfully to ['CloudOps@softeon.com']
2026-07-21 00:35:02,929 - 493021 - INFO - Now patching instances at: 2026-07-21 00:35:02
2026-07-21 00:35:03,112 - 493021 - INFO - Sent app_validation.py to i-08a236b6682eed07d (command_id: 707d4f03-5553-41bf-9a06-57728c6f8b47)
2026-07-21 00:35:33,244 - 493021 - INFO - app_validation.py output for i-08a236b6682eed07d:

==============================================================================
Server Availability Check Started | 2026-07-21 04:35:03.417149
==============================================================================

==============================================================================
SYSTEM INFORMATION
==============================================================================
Server IP | 172.28.25.61
Hostname | ip-172-28-25-61
Current User | root
Working Directory | /usr/bin
Time Zone | UTC

==============================================================================
STORAGE CHECK | /data mounts
==============================================================================
Filesystem | Size | Used | Avail | Use% | Mounted on
/dev/mapper/vg01-lv02 | 239.9G | 112.7G | 127.1G | 46% | /data
fs-03400eb7.efs.us-east-1.amazonaws.com:/logarchivepurge | 0B | 123.1G | 0B | 0% | /data2/logarchivepurge
fs-03400eb7.efs.us-east-1.amazonaws.com:/shared/softeon/upshcvac | 0B | 123.1G | 0B | 0% | /data2/shared/softeon/upshcvac

==============================================================================
SYMLINK CHECK | root (/)
==============================================================================
Symlinks Total | 5
Symlinks Valid | 5
Symlinks Invalid | 0
Symlink | ResolvedTarget
/bin | /usr/bin
/data3 | /data/data3
/lib | /usr/lib
/lib64 | /usr/lib64
/sbin | /usr/sbin

==============================================================================
NFS CHECK
==============================================================================
NFS Package Installed | Yes
nfs-server.service Active | No
nfs-client.target Active | Yes
/etc/exports Present | Yes
EXPORTS_LINE | (empty)
NFS_MOUNT | Device | MountPoint | FSType
NFS_MOUNT | fs-03400eb7.efs.us-east-1.amazonaws.com:/logarchivepurge | /data2/logarchivepurge | nfs4
NFS_MOUNT | fs-03400eb7.efs.us-east-1.amazonaws.com:/shared/softeon/upshcvac | /data2/shared/softeon/upshcvac | nfs4

==============================================================================
CUPS CHECK
==============================================================================
CUPS Installed | Yes
CUPS Running | Yes
CUPS Version | cups-2.4.14-1.amzn2023.0.2.x86_64
CUPS IP URL (http://172.28.25.61:631) | 200
Cups server Http Status | 200
Cups printers Http Status | 200
Printers Configured | 146

==============================================================================
FTP CHECK
==============================================================================
FTP Installed | No
FTP Running (Port 21 localhost) | No
FTP Port 21 Reachable on 172.28.25.61 | No
FTP Processes | None

==============================================================================
JAVA CHECK
==============================================================================
Total Java Processes | 18
Batch/Daemon Java Processes | 15
Non-Standalone Java Processes | hcvac_arcd, hcvac_bre, hcvac_dwa, hcvac_event, hcvac_ftp, hcvac_harp, hcvac_rpt, hcvac_jqgrid, hcvac_tiad, hcvac_1wld, hcvac_2wld, hcvac_wsq, hcvac_sdrpt, hcvac_1ccd, hcvac_2ccd

==============================================================================
BATCH/DAEMON JAVA DETAILS
==============================================================================
Batch/Daemon Java Processes | 15
Java-Name | Java-Path
hcvac_arcd | /data/batchapp/softeon/upshcvacuat/autorouteconversiondaemon
hcvac_bre | /data/batchapp/softeon/upshcvacuat/breruleenginedaemon
hcvac_dwa | /data/batchapp/softeon/upshcvacuat/downloaddaemon
hcvac_event | /data/batchapp/softeon/upshcvacuat/eventdaemon
hcvac_ftp | /data/batchapp/softeon/upshcvacuat/ftpdaemon
hcvac_harp | /data/batchapp/softeon/upshcvacuat/hardallocationdaemon
hcvac_rpt | /data/batchapp/softeon/upshcvacuat/reportdaemon
hcvac_jqgrid | /data/batchapp/softeon/upshcvacuat/reportjqgridexportdaemon
hcvac_tiad | /data/batchapp/softeon/upshcvacuat/taskinvallocationdaemon
hcvac_1wld | /data/batchapp/softeon/upshcvacuat/wavelaunchdaemon
hcvac_2wld | /data/batchapp/softeon/upshcvacuat/wavelaunchdaemon2
hcvac_wsq | /data/batchapp/softeon/upshcvacuat/wsqdaemon
hcvac_sdrpt | /data/batchapp/softeon/upshcvacuat/shippingdocsreportdaemon
hcvac_1ccd | /data/batchapp/softeon/upshcvacuat/clustercreationdaemon1
hcvac_2ccd | /data/batchapp/softeon/upshcvacuat/clustercreationdaemon2

==============================================================================
JBOSS/WILDFLY APPS (simple table)
==============================================================================
JBoss App Processes | 3
PID | AppName | JbossVersion | Java-Name | Port | URL | Status | Code | SSL-Status | App-Path
2511533 | upshcvacrfuat | jboss730eap | upshcvacrf_jb73 | 8081 | 172.28.25.61:8081 | UP | 200 | Disabled | /data/app/jboss730eap/softeon/upshcvacrfuat/standalone
2511251 | upshcvacuat | jboss730eap | upshcvac_jb73 | 8080 | 172.28.25.61:8080 | UP | 200 | Disabled | /data/app/jboss730eap/softeon/upshcvacuat/standalone
2511915 | upshcvacwesuat | jboss730eap | upshcvacwes_jb7 | 8082 | 172.28.25.61:8082 | UP | 200 | Disabled | /data/app/jboss730eap/softeon/upshcvacwesuat/standalone

==============================================================================
HEALTH MONITOR CRONTAB STATUS
==============================================================================
Health Monitor Crontab | Active

==============================================================================
Server Availability Check Completed | 2026-07-21 04:35:09.260754
==============================================================================

2026-07-21 00:35:33,244 - 493021 - ERROR - app_validation.py errors for i-08a236b6682eed07d:

2026-07-21 00:35:33,245 - 493021 - INFO - Before patching log saved: /data/patching_report/validation-2026-07-21/UPSHC-VAC-UAT/172.28.25.61/172.28.25.61-BeforePatching-2026-07-21-00-35-33-245.log
2026-07-21 00:35:33,443 - 493021 - INFO - Sent app_validation.py to i-047f23d1e9808d2c1 (command_id: 31816160-b380-492b-ba9d-66f4989772af)
2026-07-21 00:36:03,556 - 493021 - INFO - app_validation.py output for i-047f23d1e9808d2c1:

==============================================================================
Server Availability Check Started | 2026-07-21 04:35:33.790204
==============================================================================

==============================================================================
SYSTEM INFORMATION
==============================================================================
Server IP | 172.28.25.15
Hostname | ip-172-28-25-15
Current User | root
Working Directory | /usr/bin
Time Zone | UTC

==============================================================================
STORAGE CHECK | /data mounts
==============================================================================
Filesystem | Size | Used | Avail | Use% | Mounted on
/dev/mapper/vg01-lv02 | 239.9G | 81.0G | 158.8G | 33% | /data
fs-03400eb7.efs.us-east-1.amazonaws.com:/logarchivepurge | 0B | 123.1G | 0B | 0% | /data2/logarchivepurge
fs-03400eb7.efs.us-east-1.amazonaws.com:/shared/softeon/upshcvac | 0B | 123.1G | 0B | 0% | /data2/shared/softeon/upshcvac

==============================================================================
SYMLINK CHECK | root (/)
==============================================================================
Symlinks Total | 5
Symlinks Valid | 5
Symlinks Invalid | 0
Symlink | ResolvedTarget
/bin | /usr/bin
/data3 | /data/data3
/lib | /usr/lib
/lib64 | /usr/lib64
/sbin | /usr/sbin

==============================================================================
NFS CHECK
==============================================================================
NFS Package Installed | Yes
nfs-server.service Active | No
nfs-client.target Active | Yes
/etc/exports Present | Yes
EXPORTS_LINE | (empty)
NFS_MOUNT | Device | MountPoint | FSType
NFS_MOUNT | fs-03400eb7.efs.us-east-1.amazonaws.com:/logarchivepurge | /data2/logarchivepurge | nfs4
NFS_MOUNT | fs-03400eb7.efs.us-east-1.amazonaws.com:/shared/softeon/upshcvac | /data2/shared/softeon/upshcvac | nfs4

==============================================================================
CUPS CHECK
==============================================================================
CUPS Installed | Yes
CUPS Running | Yes
CUPS Version | cups-2.4.14-1.amzn2023.0.2.x86_64
CUPS IP URL (http://172.28.25.15:631) | 200
Cups server Http Status | 200
Cups printers Http Status | 200
Printers Configured | 146

==============================================================================
FTP CHECK
==============================================================================
FTP Installed | No
FTP Running (Port 21 localhost) | No
FTP Port 21 Reachable on 172.28.25.15 | No
FTP Processes | None

==============================================================================
JAVA CHECK
==============================================================================
Total Java Processes | 18
Batch/Daemon Java Processes | 15
Non-Standalone Java Processes | hcvac_lbl, hcvac_lmc, hcvac_lrcd, hcvac_repl, hcvac_rccl, hcvac_sch, hcvac_ialloc, hcvac_inbq, hcvac_1inbq, hcvac_2inbq, hcvac_ict, hcvac_mqc, hcvac_mqp, hcvac_2mqp, hcvac_3mqp

==============================================================================
BATCH/DAEMON JAVA DETAILS
==============================================================================
Batch/Daemon Java Processes | 15
Java-Name | Java-Path
hcvac_lbl | /data/batchapp/softeon/upshcvacuat/labeldaemon
hcvac_lmc | /data/batchapp/softeon/upshcvacuat/lucamqconsumerdaemon
hcvac_lrcd | /data/batchapp/softeon/upshcvacuat/onepullrouteconversiondaemon
hcvac_repl | /data/batchapp/softeon/upshcvacuat/replenishmentdaemon
hcvac_rccl | /data/batchapp/softeon/upshcvacuat/replenishmentpickloccanceldaemon
hcvac_sch | /data/batchapp/softeon/upshcvacuat/schedulerdaemon
hcvac_ialloc | /data/batchapp/softeon/upshcvacuat/uploadallocationdaemon
hcvac_inbq | /data/batchapp/softeon/upshcvacuat/uploaddaemon
hcvac_1inbq | /data/batchapp/softeon/upshcvacuat/uploaddaemon1
hcvac_2inbq | /data/batchapp/softeon/upshcvacuat/uploaddaemon2
hcvac_ict | /data/batchapp/softeon/upshcvacuat/invcomputationbytask
hcvac_mqc | /data/batchapp/softeon/upshcvacuat/mqconsumerdaemon
hcvac_mqp | /data/batchapp/softeon/upshcvacuat/mqproducerdaemon
hcvac_2mqp | /data/batchapp/softeon/upshcvacuat/mqproducerdaemon02
hcvac_3mqp | /data/batchapp/softeon/upshcvacuat/mqproducerdaemon03

==============================================================================
JBOSS/WILDFLY APPS (simple table)
==============================================================================
JBoss App Processes | 3
PID | AppName | JbossVersion | Java-Name | Port | URL | Status | Code | SSL-Status | App-Path
119630 | upshcvacrfuat | jboss730eap | upshcvacrf_jb73 | 8081 | 172.28.25.15:8081 | UP | 200 | Disabled | /data/app/jboss730eap/softeon/upshcvacrfuat/standalone
119156 | upshcvacuat | jboss730eap | upshcvac_jb73 | 8080 | 172.28.25.15:8080 | UP | 200 | Disabled | /data/app/jboss730eap/softeon/upshcvacuat/standalone
119965 | upshcvacwesuat | jboss730eap | upshcvacwes_jb7 | 8082 | 172.28.25.15:8082 | UP | 200 | Disabled | /data/app/jboss730eap/softeon/upshcvacwesuat/standalone

==============================================================================
HEALTH MONITOR CRONTAB STATUS
==============================================================================
Health Monitor Crontab | Not Found

==============================================================================
Server Availability Check Completed | 2026-07-21 04:35:35.254584
==============================================================================

2026-07-21 00:36:03,556 - 493021 - ERROR - app_validation.py errors for i-047f23d1e9808d2c1:

2026-07-21 00:36:03,557 - 493021 - INFO - Before patching log saved: /data/patching_report/validation-2026-07-21/UPSHC-VAC-UAT/172.28.25.15/172.28.25.15-BeforePatching-2026-07-21-00-36-03-557.log
2026-07-21 00:36:08,849 - 493021 - INFO - i-08a236b6682eed07d: Cron was active = True
2026-07-21 00:36:14,063 - 493021 - INFO - i-047f23d1e9808d2c1: Cron was active = False
2026-07-21 00:36:14,233 - 493021 - INFO - Health monitor crontab disabled on all instances
2026-07-21 00:36:14,235 - 493021 - INFO - Disabled cron for: ['i-08a236b6682eed07d']
2026-07-21 00:36:14,403 - 493021 - INFO - Sending patch command to instance i-08a236b6682eed07d
2026-07-21 00:36:14,513 - 493021 - INFO - Command sent successfully to instance i-08a236b6682eed07d. Command ID: 1f076244-2671-4b53-a03f-1585110ce3a1
2026-07-21 00:36:14,653 - 493021 - INFO - Sending patch command to instance i-047f23d1e9808d2c1
2026-07-21 00:36:14,750 - 493021 - INFO - Command sent successfully to instance i-047f23d1e9808d2c1. Command ID: ed1ef061-189d-4f7e-ab75-2c82241bc076
2026-07-21 00:45:17,025 - 493021 - INFO - All patches applied successfully.
2026-07-21 00:45:17,026 - 493021 - INFO - Patching end time: 2026-07-21 00:45:17
2026-07-21 00:45:17,026 - 493021 - INFO - Patch Elapsed time: 0:10:14.097105
2026-07-21 00:45:17,097 - 493021 - INFO - Email sent successfully to ['CloudOps@softeon.com']
2026-07-21 00:45:17,097 - 493021 - INFO - Confirmed - services are stopped
2026-07-21 00:45:38,136 - 493021 - INFO - Discovered TG map: {'i-08a236b6682eed07d': ['arn:aws:elasticloadbalancing:us-east-1:835314132208:targetgroup/UPSHC-VAC-UAT-RF/8a1c91ebb142aa7c', 'arn:aws:elasticloadbalancing:us-east-1:835314132208:targetgroup/UPSHC-VAC-UAT-WES/0f0648a442a2ed76', 'arn:aws:elasticloadbalancing:us-east-1:835314132208:targetgroup/UPSHC-VAC-UAT-WS/68d5102beb740df5', 'arn:aws:elasticloadbalancing:us-east-1:835314132208:targetgroup/UPSHC-VAC-UAT-Desktop/de77b7dfdf32c1f7', 'arn:aws:elasticloadbalancing:us-east-1:835314132208:targetgroup/UPSHC-VAC-UAT-WS-EXT/e73c2b4cee12a8f4'], 'i-047f23d1e9808d2c1': ['arn:aws:elasticloadbalancing:us-east-1:835314132208:targetgroup/UPSHC-VAC-UAT-RF/8a1c91ebb142aa7c', 'arn:aws:elasticloadbalancing:us-east-1:835314132208:targetgroup/UPSHC-VAC-UAT-WES/0f0648a442a2ed76', 'arn:aws:elasticloadbalancing:us-east-1:835314132208:targetgroup/UPSHC-VAC-UAT-WS/68d5102beb740df5', 'arn:aws:elasticloadbalancing:us-east-1:835314132208:targetgroup/UPSHC-VAC-UAT-Desktop/de77b7dfdf32c1f7', 'arn:aws:elasticloadbalancing:us-east-1:835314132208:targetgroup/UPSHC-VAC-UAT-WS-EXT/e73c2b4cee12a8f4']}
2026-07-21 00:45:38,877 - 493021 - INFO - Deregistering i-08a236b6682eed07d from TG arn:aws:elasticloadbalancing:us-east-1:835314132208:targetgroup/UPSHC-VAC-UAT-RF/8a1c91ebb142aa7c
2026-07-21 00:45:38,927 - 493021 - INFO - Deregistering i-08a236b6682eed07d from TG arn:aws:elasticloadbalancing:us-east-1:835314132208:targetgroup/UPSHC-VAC-UAT-WES/0f0648a442a2ed76
2026-07-21 00:45:38,968 - 493021 - INFO - Deregistering i-08a236b6682eed07d from TG arn:aws:elasticloadbalancing:us-east-1:835314132208:targetgroup/UPSHC-VAC-UAT-WS/68d5102beb740df5
2026-07-21 00:45:39,038 - 493021 - INFO - Deregistering i-08a236b6682eed07d from TG arn:aws:elasticloadbalancing:us-east-1:835314132208:targetgroup/UPSHC-VAC-UAT-Desktop/de77b7dfdf32c1f7
2026-07-21 00:45:39,100 - 493021 - INFO - Deregistering i-08a236b6682eed07d from TG arn:aws:elasticloadbalancing:us-east-1:835314132208:targetgroup/UPSHC-VAC-UAT-WS-EXT/e73c2b4cee12a8f4
2026-07-21 00:45:39,146 - 493021 - INFO - Stopping EC2 instance: i-08a236b6682eed07d at 2026-07-21 00:45:39
2026-07-21 00:47:10,532 - 493021 - INFO - Instance i-08a236b6682eed07d stopped successfully.
2026-07-21 00:47:10,772 - 493021 - INFO - Stopped i-08a236b6682eed07d in 0:01:31.625411
2026-07-21 00:47:10,772 - 493021 - INFO - Starting EC2 instance: i-08a236b6682eed07d
2026-07-21 00:47:26,681 - 493021 - INFO - Instance i-08a236b6682eed07d started successfully.
2026-07-21 00:47:26,681 - 493021 - INFO - Waiting 100 seconds for SSM agent to be ready on i-08a236b6682eed07d...
2026-07-21 00:49:06,782 - 493021 - INFO - Registering i-08a236b6682eed07d to TG arn:aws:elasticloadbalancing:us-east-1:835314132208:targetgroup/UPSHC-VAC-UAT-RF/8a1c91ebb142aa7c
2026-07-21 00:49:06,996 - 493021 - INFO - Registering i-08a236b6682eed07d to TG arn:aws:elasticloadbalancing:us-east-1:835314132208:targetgroup/UPSHC-VAC-UAT-WES/0f0648a442a2ed76
2026-07-21 00:49:07,138 - 493021 - INFO - Registering i-08a236b6682eed07d to TG arn:aws:elasticloadbalancing:us-east-1:835314132208:targetgroup/UPSHC-VAC-UAT-WS/68d5102beb740df5
2026-07-21 00:49:07,297 - 493021 - INFO - Registering i-08a236b6682eed07d to TG arn:aws:elasticloadbalancing:us-east-1:835314132208:targetgroup/UPSHC-VAC-UAT-Desktop/de77b7dfdf32c1f7
2026-07-21 00:49:07,429 - 493021 - INFO - Registering i-08a236b6682eed07d to TG arn:aws:elasticloadbalancing:us-east-1:835314132208:targetgroup/UPSHC-VAC-UAT-WS-EXT/e73c2b4cee12a8f4
2026-07-21 00:51:07,821 - 493021 - WARNING - i-08a236b6682eed07d not healthy in arn:aws:elasticloadbalancing:us-east-1:835314132208:targetgroup/UPSHC-VAC-UAT-RF/8a1c91ebb142aa7c after timeout.
2026-07-21 00:51:07,858 - 493021 - WARNING - i-08a236b6682eed07d not healthy in arn:aws:elasticloadbalancing:us-east-1:835314132208:targetgroup/UPSHC-VAC-UAT-WES/0f0648a442a2ed76 after timeout.
2026-07-21 00:51:07,881 - 493021 - WARNING - i-08a236b6682eed07d not healthy in arn:aws:elasticloadbalancing:us-east-1:835314132208:targetgroup/UPSHC-VAC-UAT-WS/68d5102beb740df5 after timeout.
2026-07-21 00:51:07,889 - 493021 - WARNING - i-08a236b6682eed07d not healthy in arn:aws:elasticloadbalancing:us-east-1:835314132208:targetgroup/UPSHC-VAC-UAT-WS-EXT/e73c2b4cee12a8f4 after timeout.
2026-07-21 00:51:07,897 - 493021 - WARNING - i-08a236b6682eed07d not healthy in arn:aws:elasticloadbalancing:us-east-1:835314132208:targetgroup/UPSHC-VAC-UAT-Desktop/de77b7dfdf32c1f7 after timeout.
2026-07-21 00:51:07,898 - 493021 - WARNING - i-08a236b6682eed07d: Unhealthy in one or more Target Groups, but environment is UAT, continuing process without abort.
2026-07-21 00:51:08,505 - 493021 - INFO - Sent app_validation.py to i-08a236b6682eed07d (command_id: 8a7fe866-5cf1-402d-a013-7191e474604e)
2026-07-21 00:51:38,595 - 493021 - INFO - app_validation.py output for i-08a236b6682eed07d:

==============================================================================
Server Availability Check Started | 2026-07-21 04:51:08.877013
==============================================================================

==============================================================================
SYSTEM INFORMATION
==============================================================================
Server IP | 172.28.25.61
Hostname | ip-172-28-25-61
Current User | root
Working Directory | /usr/bin
Time Zone | UTC

==============================================================================
STORAGE CHECK | /data mounts
==============================================================================
Filesystem | Size | Used | Avail | Use% | Mounted on
/dev/mapper/vg01-lv02 | 239.9G | 111.8G | 128.1G | 46% | /data
fs-03400eb7.efs.us-east-1.amazonaws.com:/shared/softeon/upshcvac | 0B | 123.1G | 0B | 0% | /data2/shared/softeon/upshcvac
fs-03400eb7.efs.us-east-1.amazonaws.com:/logarchivepurge | 0B | 123.1G | 0B | 0% | /data2/logarchivepurge

==============================================================================
SYMLINK CHECK | root (/)
==============================================================================
Symlinks Total | 5
Symlinks Valid | 5
Symlinks Invalid | 0
Symlink | ResolvedTarget
/bin | /usr/bin
/data3 | /data/data3
/lib | /usr/lib
/lib64 | /usr/lib64
/sbin | /usr/sbin

==============================================================================
NFS CHECK
==============================================================================
NFS Package Installed | Yes
nfs-server.service Active | No
nfs-client.target Active | Yes
/etc/exports Present | Yes
EXPORTS_LINE | (empty)
NFS_MOUNT | Device | MountPoint | FSType
NFS_MOUNT | fs-03400eb7.efs.us-east-1.amazonaws.com:/shared/softeon/upshcvac | /data2/shared/softeon/upshcvac | nfs4
NFS_MOUNT | fs-03400eb7.efs.us-east-1.amazonaws.com:/logarchivepurge | /data2/logarchivepurge | nfs4

==============================================================================
CUPS CHECK
==============================================================================
CUPS Installed | Yes
CUPS Running | Yes
CUPS Version | cups-2.4.19-1.amzn2023.0.1.x86_64
CUPS IP URL (http://172.28.25.61:631) | 200
Cups server Http Status | 200
Cups printers Http Status | 200
Printers Configured | 146

==============================================================================
FTP CHECK
==============================================================================
FTP Installed | No
FTP Running (Port 21 localhost) | No
FTP Port 21 Reachable on 172.28.25.61 | No
FTP Processes | None

==============================================================================
JAVA CHECK
==============================================================================
Total Java Processes | 0
Batch/Daemon Java Processes | 0
Non-Standalone Java Processes | Not Found

==============================================================================
BATCH/DAEMON JAVA DETAILS
==============================================================================
Batch/Daemon Java Processes | 0
Batch/Daemon Java Details | None

==============================================================================
JBOSS/WILDFLY APPS (simple table)
==============================================================================
JBoss App Processes | 0
JBoss Apps | None

==============================================================================
HEALTH MONITOR CRONTAB STATUS
==============================================================================
Health Monitor Crontab | Disabled

==============================================================================
Server Availability Check Completed | 2026-07-21 04:51:09.392077
==============================================================================

2026-07-21 00:51:38,595 - 493021 - ERROR - app_validation.py errors for i-08a236b6682eed07d:

2026-07-21 00:51:38,597 - 493021 - INFO - After patching validation saved to: /data/patching_report/validation-2026-07-21/UPSHC-VAC-UAT/172.28.25.61/172.28.25.61-AfterPatching-2026-07-21-00-51-38-596.log
2026-07-21 00:51:38,653 - 493021 - INFO - Validation comparison report generated: /data/patching_report/validation-2026-07-21/UPSHC-VAC-UAT/172.28.25.61/172.28.25.61-Validation-details-2026-07-21-00-51-38-596.html
2026-07-21 00:51:38,832 - 493021 - INFO - Daemon count - Pre: 15, Post: 0
2026-07-21 00:51:38,832 - 493021 - INFO - CUPS: before=running after=running version=cups-2.4.14-1.amzn2023.0.2.x86_64
2026-07-21 00:51:38,832 - 493021 - INFO - Manage_cron: True, daemon_action: True, cups_action: False
2026-07-21 00:51:38,832 - 493021 - INFO - Background: restarting daemons on i-08a236b6682eed07d
2026-07-21 00:51:38,833 - 493021 - INFO - Background thread started for i-08a236b6682eed07d - daemon:True cups:False
2026-07-21 00:51:39,224 - 493021 - INFO - Started i-08a236b6682eed07d in 0:04:28.451838
2026-07-21 00:51:39,225 - 493021 - INFO - Waiting 120 seconds before proceeding to the next instance...
2026-07-21 00:52:09,226 - 493021 - INFO - Daemon restart output: /data/batchapp/softeon/upshcvacuat/startall-upshcvacuat-daemon.sh


Starting autorouteconversiondaemon


Starting breruleenginedaemon


Starting clustercreationdaemon1


Starting clustercreationdaemon2


Starting downloaddaemon


Starting eventdaemon


Starting ftpdaemon


Starting hardallocationdaemon


Starting reportdaemon


Starting reportjqgridexportdaemon


Starting taskinvallocationdaemon


Starting wavelaunchdaemon


Starting wavelaunchdaemon2


Starting wsqdaemon


Starting shippingdocsreportdaemon
/data/batchapp/softeon/upshcvacwesuat/startall-upshcvacwesuat-daemon.sh

2026-07-21 00:52:09,227 - 493021 - INFO - Waiting 100 sec for daemons to start on i-08a236b6682eed07d
2026-07-21 00:53:39,703 - 493021 - INFO - Deregistering i-047f23d1e9808d2c1 from TG arn:aws:elasticloadbalancing:us-east-1:835314132208:targetgroup/UPSHC-VAC-UAT-RF/8a1c91ebb142aa7c
2026-07-21 00:53:39,751 - 493021 - INFO - Deregistering i-047f23d1e9808d2c1 from TG arn:aws:elasticloadbalancing:us-east-1:835314132208:targetgroup/UPSHC-VAC-UAT-WES/0f0648a442a2ed76
2026-07-21 00:53:39,805 - 493021 - INFO - Deregistering i-047f23d1e9808d2c1 from TG arn:aws:elasticloadbalancing:us-east-1:835314132208:targetgroup/UPSHC-VAC-UAT-WS/68d5102beb740df5
2026-07-21 00:53:39,859 - 493021 - INFO - Deregistering i-047f23d1e9808d2c1 from TG arn:aws:elasticloadbalancing:us-east-1:835314132208:targetgroup/UPSHC-VAC-UAT-Desktop/de77b7dfdf32c1f7
2026-07-21 00:53:39,909 - 493021 - INFO - Deregistering i-047f23d1e9808d2c1 from TG arn:aws:elasticloadbalancing:us-east-1:835314132208:targetgroup/UPSHC-VAC-UAT-WS-EXT/e73c2b4cee12a8f4
2026-07-21 00:53:39,961 - 493021 - INFO - Stopping EC2 instance: i-047f23d1e9808d2c1 at 2026-07-21 00:53:39
2026-07-21 00:53:49,327 - 493021 - INFO - CUPS no action needed for i-08a236b6682eed07d - before:running after:running version:cups-2.4.14-1.amzn2023.0.2.x86_64
2026-07-21 00:53:49,494 - 493021 - INFO - Sent app_validation.py to i-08a236b6682eed07d (command_id: 42b77d01-e9c5-4a06-aa9a-b224c1f0e4b2)
2026-07-21 00:54:19,685 - 493021 - INFO - app_validation.py output for i-08a236b6682eed07d:

==============================================================================
Server Availability Check Started | 2026-07-21 04:53:49.753759
==============================================================================

==============================================================================
SYSTEM INFORMATION
==============================================================================
Server IP | 172.28.25.61
Hostname | ip-172-28-25-61
Current User | root
Working Directory | /usr/bin
Time Zone | UTC

==============================================================================
STORAGE CHECK | /data mounts
==============================================================================
Filesystem | Size | Used | Avail | Use% | Mounted on
/dev/mapper/vg01-lv02 | 239.9G | 112.0G | 127.9G | 46% | /data
fs-03400eb7.efs.us-east-1.amazonaws.com:/shared/softeon/upshcvac | 0B | 123.1G | 0B | 0% | /data2/shared/softeon/upshcvac
fs-03400eb7.efs.us-east-1.amazonaws.com:/logarchivepurge | 0B | 123.1G | 0B | 0% | /data2/logarchivepurge

==============================================================================
SYMLINK CHECK | root (/)
==============================================================================
Symlinks Total | 5
Symlinks Valid | 5
Symlinks Invalid | 0
Symlink | ResolvedTarget
/bin | /usr/bin
/data3 | /data/data3
/lib | /usr/lib
/lib64 | /usr/lib64
/sbin | /usr/sbin

==============================================================================
NFS CHECK
==============================================================================
NFS Package Installed | Yes
nfs-server.service Active | No
nfs-client.target Active | Yes
/etc/exports Present | Yes
EXPORTS_LINE | (empty)
NFS_MOUNT | Device | MountPoint | FSType
NFS_MOUNT | fs-03400eb7.efs.us-east-1.amazonaws.com:/shared/softeon/upshcvac | /data2/shared/softeon/upshcvac | nfs4
NFS_MOUNT | fs-03400eb7.efs.us-east-1.amazonaws.com:/logarchivepurge | /data2/logarchivepurge | nfs4

==============================================================================
CUPS CHECK
==============================================================================
CUPS Installed | Yes
CUPS Running | Yes
CUPS Version | cups-2.4.19-1.amzn2023.0.1.x86_64
CUPS IP URL (http://172.28.25.61:631) | 200
Cups server Http Status | 200
Cups printers Http Status | 200
Printers Configured | 146

==============================================================================
FTP CHECK
==============================================================================
FTP Installed | No
FTP Running (Port 21 localhost) | No
FTP Port 21 Reachable on 172.28.25.61 | No
FTP Processes | None

==============================================================================
JAVA CHECK
==============================================================================
Total Java Processes | 15
Batch/Daemon Java Processes | 15
Non-Standalone Java Processes | hcvac_arcd, hcvac_bre, hcvac_1ccd, hcvac_2ccd, hcvac_dwa, hcvac_event, hcvac_ftp, hcvac_harp, hcvac_rpt, hcvac_jqgrid, hcvac_tiad, hcvac_1wld, hcvac_2wld, hcvac_wsq, hcvac_sdrpt

==============================================================================
BATCH/DAEMON JAVA DETAILS
==============================================================================
Batch/Daemon Java Processes | 15
Java-Name | Java-Path
hcvac_arcd | /data/batchapp/softeon/upshcvacuat/autorouteconversiondaemon
hcvac_bre | /data/batchapp/softeon/upshcvacuat/breruleenginedaemon
hcvac_1ccd | /data/batchapp/softeon/upshcvacuat/clustercreationdaemon1
hcvac_2ccd | /data/batchapp/softeon/upshcvacuat/clustercreationdaemon2
hcvac_dwa | /data/batchapp/softeon/upshcvacuat/downloaddaemon
hcvac_event | /data/batchapp/softeon/upshcvacuat/eventdaemon
hcvac_ftp | /data/batchapp/softeon/upshcvacuat/ftpdaemon
hcvac_harp | /data/batchapp/softeon/upshcvacuat/hardallocationdaemon
hcvac_rpt | /data/batchapp/softeon/upshcvacuat/reportdaemon
hcvac_jqgrid | /data/batchapp/softeon/upshcvacuat/reportjqgridexportdaemon
hcvac_tiad | /data/batchapp/softeon/upshcvacuat/taskinvallocationdaemon
hcvac_1wld | /data/batchapp/softeon/upshcvacuat/wavelaunchdaemon
hcvac_2wld | /data/batchapp/softeon/upshcvacuat/wavelaunchdaemon2
hcvac_wsq | /data/batchapp/softeon/upshcvacuat/wsqdaemon
hcvac_sdrpt | /data/batchapp/softeon/upshcvacuat/shippingdocsreportdaemon

==============================================================================
JBOSS/WILDFLY APPS (simple table)
==============================================================================
JBoss App Processes | 0
JBoss Apps | None

==============================================================================
HEALTH MONITOR CRONTAB STATUS
==============================================================================
Health Monitor Crontab | Disabled

==============================================================================
Server Availability Check Completed | 2026-07-21 04:53:50.324204
==============================================================================

2026-07-21 00:54:19,685 - 493021 - ERROR - app_validation.py errors for i-08a236b6682eed07d:

2026-07-21 00:54:19,817 - 493021 - INFO - Email sent successfully to ['kishlayk@softeon.com', 'CloudOps@softeon.com']
2026-07-21 00:54:19,817 - 493021 - INFO - RED re-validation mail sent for i-08a236b6682eed07d
2026-07-21 00:54:19,817 - 493021 - INFO - Still Red after restart - starting retry for i-08a236b6682eed07d
2026-07-21 00:54:19,817 - 493021 - INFO - [Retry-1] Waiting 300s for i-08a236b6682eed07d...
2026-07-21 00:54:56,069 - 493021 - INFO - Instance i-047f23d1e9808d2c1 stopped successfully.
2026-07-21 00:54:56,312 - 493021 - INFO - Stopped i-047f23d1e9808d2c1 in 0:01:16.350209
2026-07-21 00:54:56,312 - 493021 - INFO - Starting EC2 instance: i-047f23d1e9808d2c1
2026-07-21 00:55:12,245 - 493021 - INFO - Instance i-047f23d1e9808d2c1 started successfully.
2026-07-21 00:55:12,246 - 493021 - INFO - Waiting 100 seconds for SSM agent to be ready on i-047f23d1e9808d2c1...
2026-07-21 00:56:52,311 - 493021 - INFO - Registering i-047f23d1e9808d2c1 to TG arn:aws:elasticloadbalancing:us-east-1:835314132208:targetgroup/UPSHC-VAC-UAT-RF/8a1c91ebb142aa7c
2026-07-21 00:56:52,482 - 493021 - INFO - Registering i-047f23d1e9808d2c1 to TG arn:aws:elasticloadbalancing:us-east-1:835314132208:targetgroup/UPSHC-VAC-UAT-WES/0f0648a442a2ed76
2026-07-21 00:56:52,618 - 493021 - INFO - Registering i-047f23d1e9808d2c1 to TG arn:aws:elasticloadbalancing:us-east-1:835314132208:targetgroup/UPSHC-VAC-UAT-WS/68d5102beb740df5
2026-07-21 00:56:52,755 - 493021 - INFO - Registering i-047f23d1e9808d2c1 to TG arn:aws:elasticloadbalancing:us-east-1:835314132208:targetgroup/UPSHC-VAC-UAT-Desktop/de77b7dfdf32c1f7
2026-07-21 00:56:52,890 - 493021 - INFO - Registering i-047f23d1e9808d2c1 to TG arn:aws:elasticloadbalancing:us-east-1:835314132208:targetgroup/UPSHC-VAC-UAT-WS-EXT/e73c2b4cee12a8f4
2026-07-21 00:58:53,252 - 493021 - WARNING - i-047f23d1e9808d2c1 not healthy in arn:aws:elasticloadbalancing:us-east-1:835314132208:targetgroup/UPSHC-VAC-UAT-RF/8a1c91ebb142aa7c after timeout.
2026-07-21 00:58:53,273 - 493021 - WARNING - i-047f23d1e9808d2c1 not healthy in arn:aws:elasticloadbalancing:us-east-1:835314132208:targetgroup/UPSHC-VAC-UAT-WS/68d5102beb740df5 after timeout.
2026-07-21 00:58:53,321 - 493021 - WARNING - i-047f23d1e9808d2c1 not healthy in arn:aws:elasticloadbalancing:us-east-1:835314132208:targetgroup/UPSHC-VAC-UAT-WES/0f0648a442a2ed76 after timeout.
2026-07-21 00:58:53,321 - 493021 - WARNING - i-047f23d1e9808d2c1 not healthy in arn:aws:elasticloadbalancing:us-east-1:835314132208:targetgroup/UPSHC-VAC-UAT-Desktop/de77b7dfdf32c1f7 after timeout.
2026-07-21 00:58:53,326 - 493021 - WARNING - i-047f23d1e9808d2c1 not healthy in arn:aws:elasticloadbalancing:us-east-1:835314132208:targetgroup/UPSHC-VAC-UAT-WS-EXT/e73c2b4cee12a8f4 after timeout.
2026-07-21 00:58:53,327 - 493021 - WARNING - i-047f23d1e9808d2c1: Unhealthy in one or more Target Groups, but environment is UAT, continuing process without abort.
2026-07-21 00:58:54,233 - 493021 - INFO - Sent app_validation.py to i-047f23d1e9808d2c1 (command_id: 0b47a08c-5b75-4f17-b799-d8d4b8eea55a)
2026-07-21 00:59:20,003 - 493021 - INFO - Sent app_validation.py to i-08a236b6682eed07d (command_id: a017585c-fb82-4735-915b-7a16cbc6ef34)
2026-07-21 00:59:24,344 - 493021 - INFO - app_validation.py output for i-047f23d1e9808d2c1:

==============================================================================
Server Availability Check Started | 2026-07-21 04:58:54.586232
==============================================================================

==============================================================================
SYSTEM INFORMATION
==============================================================================
Server IP | 172.28.25.15
Hostname | ip-172-28-25-15
Current User | root
Working Directory | /usr/bin
Time Zone | UTC

==============================================================================
STORAGE CHECK | /data mounts
==============================================================================
Filesystem | Size | Used | Avail | Use% | Mounted on
/dev/mapper/vg01-lv02 | 239.9G | 80.3G | 159.5G | 33% | /data
fs-03400eb7.efs.us-east-1.amazonaws.com:/logarchivepurge | 0B | 123.1G | 0B | 0% | /data2/logarchivepurge
fs-03400eb7.efs.us-east-1.amazonaws.com:/shared/softeon/upshcvac | 0B | 123.1G | 0B | 0% | /data2/shared/softeon/upshcvac

==============================================================================
SYMLINK CHECK | root (/)
==============================================================================
Symlinks Total | 5
Symlinks Valid | 5
Symlinks Invalid | 0
Symlink | ResolvedTarget
/bin | /usr/bin
/data3 | /data/data3
/lib | /usr/lib
/lib64 | /usr/lib64
/sbin | /usr/sbin

==============================================================================
NFS CHECK
==============================================================================
NFS Package Installed | Yes
nfs-server.service Active | No
nfs-client.target Active | Yes
/etc/exports Present | Yes
EXPORTS_LINE | (empty)
NFS_MOUNT | Device | MountPoint | FSType
NFS_MOUNT | fs-03400eb7.efs.us-east-1.amazonaws.com:/logarchivepurge | /data2/logarchivepurge | nfs4
NFS_MOUNT | fs-03400eb7.efs.us-east-1.amazonaws.com:/shared/softeon/upshcvac | /data2/shared/softeon/upshcvac | nfs4

==============================================================================
CUPS CHECK
==============================================================================
CUPS Installed | Yes
CUPS Running | Yes
CUPS Version | cups-2.4.19-1.amzn2023.0.1.x86_64
CUPS IP URL (http://172.28.25.15:631) | 200
Cups server Http Status | 200
Cups printers Http Status | 200
Printers Configured | 146

==============================================================================
FTP CHECK
==============================================================================
FTP Installed | No
FTP Running (Port 21 localhost) | No
FTP Port 21 Reachable on 172.28.25.15 | No
FTP Processes | None

==============================================================================
JAVA CHECK
==============================================================================
Total Java Processes | 0
Batch/Daemon Java Processes | 0
Non-Standalone Java Processes | Not Found

==============================================================================
BATCH/DAEMON JAVA DETAILS
==============================================================================
Batch/Daemon Java Processes | 0
Batch/Daemon Java Details | None

==============================================================================
JBOSS/WILDFLY APPS (simple table)
==============================================================================
JBoss App Processes | 0
JBoss Apps | None

==============================================================================
HEALTH MONITOR CRONTAB STATUS
==============================================================================
Health Monitor Crontab | Not Found

==============================================================================
Server Availability Check Completed | 2026-07-21 04:58:55.056965
==============================================================================

2026-07-21 00:59:24,345 - 493021 - ERROR - app_validation.py errors for i-047f23d1e9808d2c1:

2026-07-21 00:59:24,347 - 493021 - INFO - After patching validation saved to: /data/patching_report/validation-2026-07-21/UPSHC-VAC-UAT/172.28.25.15/172.28.25.15-AfterPatching-2026-07-21-00-59-24-346.log
2026-07-21 00:59:24,403 - 493021 - INFO - Validation comparison report generated: /data/patching_report/validation-2026-07-21/UPSHC-VAC-UAT/172.28.25.15/172.28.25.15-Validation-details-2026-07-21-00-59-24-346.html
2026-07-21 00:59:24,591 - 493021 - INFO - Daemon count - Pre: 15, Post: 0
2026-07-21 00:59:24,591 - 493021 - INFO - CUPS: before=running after=running version=cups-2.4.14-1.amzn2023.0.2.x86_64
2026-07-21 00:59:24,591 - 493021 - INFO - Manage_cron: False, daemon_action: True, cups_action: False
2026-07-21 00:59:24,591 - 493021 - INFO - Background: restarting daemons on i-047f23d1e9808d2c1
2026-07-21 00:59:24,591 - 493021 - INFO - Background thread started for i-047f23d1e9808d2c1 - daemon:True cups:False
2026-07-21 00:59:25,108 - 493021 - INFO - Started i-047f23d1e9808d2c1 in 0:04:28.795609
2026-07-21 00:59:25,108 - 493021 - INFO - All instances processed.
2026-07-21 00:59:25,114 - 493021 - INFO - Restart Total time: 0:14:07.884785
2026-07-21 00:59:25,114 - 493021 - INFO - Auto-confirmed services are restarted
2026-07-21 00:59:25,114 - 493021 - INFO - Confirmed - services are started
2026-07-21 00:59:25,226 - 493021 - INFO - The following instances have failed the patch: []
2026-07-21 00:59:25,226 - 493021 - INFO - No instances have failed the patch.
2026-07-21 00:59:25,226 - 493021 - INFO - Total Patch Process time: 0:24:22.735103
2026-07-21 00:59:50,079 - 493021 - INFO - app_validation.py output for i-08a236b6682eed07d:

==============================================================================
Server Availability Check Started | 2026-07-21 04:59:20.264740
==============================================================================

==============================================================================
SYSTEM INFORMATION
==============================================================================
Server IP | 172.28.25.61
Hostname | ip-172-28-25-61
Current User | root
Working Directory | /usr/bin
Time Zone | UTC

==============================================================================
STORAGE CHECK | /data mounts
==============================================================================
Filesystem | Size | Used | Avail | Use% | Mounted on
/dev/mapper/vg01-lv02 | 239.9G | 112.0G | 127.9G | 46% | /data
fs-03400eb7.efs.us-east-1.amazonaws.com:/shared/softeon/upshcvac | 0B | 123.1G | 0B | 0% | /data2/shared/softeon/upshcvac
fs-03400eb7.efs.us-east-1.amazonaws.com:/logarchivepurge | 0B | 123.1G | 0B | 0% | /data2/logarchivepurge

==============================================================================
SYMLINK CHECK | root (/)
==============================================================================
Symlinks Total | 5
Symlinks Valid | 5
Symlinks Invalid | 0
Symlink | ResolvedTarget
/bin | /usr/bin
/data3 | /data/data3
/lib | /usr/lib
/lib64 | /usr/lib64
/sbin | /usr/sbin

==============================================================================
NFS CHECK
==============================================================================
NFS Package Installed | Yes
nfs-server.service Active | No
nfs-client.target Active | Yes
/etc/exports Present | Yes
EXPORTS_LINE | (empty)
NFS_MOUNT | Device | MountPoint | FSType
NFS_MOUNT | fs-03400eb7.efs.us-east-1.amazonaws.com:/shared/softeon/upshcvac | /data2/shared/softeon/upshcvac | nfs4
NFS_MOUNT | fs-03400eb7.efs.us-east-1.amazonaws.com:/logarchivepurge | /data2/logarchivepurge | nfs4

==============================================================================
CUPS CHECK
==============================================================================
CUPS Installed | Yes
CUPS Running | Yes
CUPS Version | cups-2.4.19-1.amzn2023.0.1.x86_64
CUPS IP URL (http://172.28.25.61:631) | 200
Cups server Http Status | 200
Cups printers Http Status | 200
Printers Configured | 146

==============================================================================
FTP CHECK
==============================================================================
FTP Installed | No
FTP Running (Port 21 localhost) | No
FTP Port 21 Reachable on 172.28.25.61 | No
FTP Processes | None

==============================================================================
JAVA CHECK
==============================================================================
Total Java Processes | 15
Batch/Daemon Java Processes | 15
Non-Standalone Java Processes | hcvac_arcd, hcvac_bre, hcvac_1ccd, hcvac_2ccd, hcvac_dwa, hcvac_event, hcvac_ftp, hcvac_harp, hcvac_rpt, hcvac_jqgrid, hcvac_tiad, hcvac_1wld, hcvac_2wld, hcvac_wsq, hcvac_sdrpt

==============================================================================
BATCH/DAEMON JAVA DETAILS
==============================================================================
Batch/Daemon Java Processes | 15
Java-Name | Java-Path
hcvac_arcd | /data/batchapp/softeon/upshcvacuat/autorouteconversiondaemon
hcvac_bre | /data/batchapp/softeon/upshcvacuat/breruleenginedaemon
hcvac_1ccd | /data/batchapp/softeon/upshcvacuat/clustercreationdaemon1
hcvac_2ccd | /data/batchapp/softeon/upshcvacuat/clustercreationdaemon2
hcvac_dwa | /data/batchapp/softeon/upshcvacuat/downloaddaemon
hcvac_event | /data/batchapp/softeon/upshcvacuat/eventdaemon
hcvac_ftp | /data/batchapp/softeon/upshcvacuat/ftpdaemon
hcvac_harp | /data/batchapp/softeon/upshcvacuat/hardallocationdaemon
hcvac_rpt | /data/batchapp/softeon/upshcvacuat/reportdaemon
hcvac_jqgrid | /data/batchapp/softeon/upshcvacuat/reportjqgridexportdaemon
hcvac_tiad | /data/batchapp/softeon/upshcvacuat/taskinvallocationdaemon
hcvac_1wld | /data/batchapp/softeon/upshcvacuat/wavelaunchdaemon
hcvac_2wld | /data/batchapp/softeon/upshcvacuat/wavelaunchdaemon2
hcvac_wsq | /data/batchapp/softeon/upshcvacuat/wsqdaemon
hcvac_sdrpt | /data/batchapp/softeon/upshcvacuat/shippingdocsreportdaemon

==============================================================================
JBOSS/WILDFLY APPS (simple table)
==============================================================================
JBoss App Processes | 0
JBoss Apps | None

==============================================================================
HEALTH MONITOR CRONTAB STATUS
==============================================================================
Health Monitor Crontab | Disabled

==============================================================================
Server Availability Check Completed | 2026-07-21 04:59:20.914363
==============================================================================

2026-07-21 00:59:50,079 - 493021 - ERROR - app_validation.py errors for i-08a236b6682eed07d:

2026-07-21 00:59:50,085 - 493021 - INFO - [Retry-1] After log saved: /data/patching_report/validation-2026-07-21/UPSHC-VAC-UAT/172.28.25.61/172.28.25.61-AfterPatching-Retry1-2026-07-21-00-59-50-085.log
2026-07-21 00:59:50,142 - 493021 - INFO - [Retry-1] RED for UPSHC-VAC UAT Application Server and  Batch Server - 1 (172.28.25.61), retrying... (Total waited: 300s)
2026-07-21 00:59:50,142 - 493021 - INFO - [Retry-2] Waiting 300s for i-08a236b6682eed07d...
2026-07-21 00:59:54,835 - 493021 - INFO - Daemon restart output: /data/batchapp/softeon/upshcvacuat/startall-upshcvacuat-daemon.sh


Starting labeldaemon


Starting lucamqconsumerdaemon


Starting mqconsumerdaemon


Starting mqproducerdaemon


Starting mqproducerdaemon02


Starting mqproducerdaemon03


Starting onepullrouteconversiondaemon


Starting replenishmentdaemon


Starting replenishmentpickloccanceldaemon


Starting schedulerdaemon


Starting uploadallocationdaemon


Starting uploaddaemon


Starting uploaddaemon1


Starting uploaddaemon2


Starting invcomputationbytask

2026-07-21 00:59:54,842 - 493021 - INFO - Waiting 100 sec for daemons to start on i-047f23d1e9808d2c1
2026-07-21 01:00:25,709 - 493021 - INFO - Log file ./logs/patching_2026-07-21_UPSHC-VAC-UAT.log uploaded to s3://q3-2026-aws-security-patching/UPSHC-VAC-UAT_Patch/2026-07-21/patching_2026-07-21_UPSHC-VAC-UAT.log
2026-07-21 01:01:34,904 - 493021 - INFO - CUPS no action needed for i-047f23d1e9808d2c1 - before:running after:running version:cups-2.4.14-1.amzn2023.0.2.x86_64
2026-07-21 01:01:35,086 - 493021 - INFO - Sent app_validation.py to i-047f23d1e9808d2c1 (command_id: 6a57b01c-4019-4d92-a7e5-63257d06c5c0)
2026-07-21 01:02:05,152 - 493021 - INFO - app_validation.py output for i-047f23d1e9808d2c1:

==============================================================================
Server Availability Check Started | 2026-07-21 05:01:35.435379
==============================================================================

==============================================================================
SYSTEM INFORMATION
==============================================================================
Server IP | 172.28.25.15
Hostname | ip-172-28-25-15
Current User | root
Working Directory | /usr/bin
Time Zone | UTC

==============================================================================
STORAGE CHECK | /data mounts
==============================================================================
Filesystem | Size | Used | Avail | Use% | Mounted on
/dev/mapper/vg01-lv02 | 239.9G | 80.3G | 159.6G | 33% | /data
fs-03400eb7.efs.us-east-1.amazonaws.com:/logarchivepurge | 0B | 123.1G | 0B | 0% | /data2/logarchivepurge
fs-03400eb7.efs.us-east-1.amazonaws.com:/shared/softeon/upshcvac | 0B | 123.1G | 0B | 0% | /data2/shared/softeon/upshcvac

==============================================================================
SYMLINK CHECK | root (/)
==============================================================================
Symlinks Total | 5
Symlinks Valid | 5
Symlinks Invalid | 0
Symlink | ResolvedTarget
/bin | /usr/bin
/data3 | /data/data3
/lib | /usr/lib
/lib64 | /usr/lib64
/sbin | /usr/sbin

==============================================================================
NFS CHECK
==============================================================================
NFS Package Installed | Yes
nfs-server.service Active | No
nfs-client.target Active | Yes
/etc/exports Present | Yes
EXPORTS_LINE | (empty)
NFS_MOUNT | Device | MountPoint | FSType
NFS_MOUNT | fs-03400eb7.efs.us-east-1.amazonaws.com:/logarchivepurge | /data2/logarchivepurge | nfs4
NFS_MOUNT | fs-03400eb7.efs.us-east-1.amazonaws.com:/shared/softeon/upshcvac | /data2/shared/softeon/upshcvac | nfs4

==============================================================================
CUPS CHECK
==============================================================================
CUPS Installed | Yes
CUPS Running | Yes
CUPS Version | cups-2.4.19-1.amzn2023.0.1.x86_64
CUPS IP URL (http://172.28.25.15:631) | 200
Cups server Http Status | 200
Cups printers Http Status | 200
Printers Configured | 146

==============================================================================
FTP CHECK
==============================================================================
FTP Installed | No
FTP Running (Port 21 localhost) | No
FTP Port 21 Reachable on 172.28.25.15 | No
FTP Processes | None

==============================================================================
JAVA CHECK
==============================================================================
Total Java Processes | 15
Batch/Daemon Java Processes | 15
Non-Standalone Java Processes | hcvac_lbl, hcvac_lmc, hcvac_mqc, hcvac_mqp, hcvac_2mqp, hcvac_3mqp, hcvac_lrcd, hcvac_repl, hcvac_rccl, hcvac_sch, hcvac_ialloc, hcvac_inbq, hcvac_1inbq, hcvac_2inbq, hcvac_ict

==============================================================================
BATCH/DAEMON JAVA DETAILS
==============================================================================
Batch/Daemon Java Processes | 15
Java-Name | Java-Path
hcvac_lbl | /data/batchapp/softeon/upshcvacuat/labeldaemon
hcvac_lmc | /data/batchapp/softeon/upshcvacuat/lucamqconsumerdaemon
hcvac_mqc | /data/batchapp/softeon/upshcvacuat/mqconsumerdaemon
hcvac_mqp | /data/batchapp/softeon/upshcvacuat/mqproducerdaemon
hcvac_2mqp | /data/batchapp/softeon/upshcvacuat/mqproducerdaemon02
hcvac_3mqp | /data/batchapp/softeon/upshcvacuat/mqproducerdaemon03
hcvac_lrcd | /data/batchapp/softeon/upshcvacuat/onepullrouteconversiondaemon
hcvac_repl | /data/batchapp/softeon/upshcvacuat/replenishmentdaemon
hcvac_rccl | /data/batchapp/softeon/upshcvacuat/replenishmentpickloccanceldaemon
hcvac_sch | /data/batchapp/softeon/upshcvacuat/schedulerdaemon
hcvac_ialloc | /data/batchapp/softeon/upshcvacuat/uploadallocationdaemon
hcvac_inbq | /data/batchapp/softeon/upshcvacuat/uploaddaemon
hcvac_1inbq | /data/batchapp/softeon/upshcvacuat/uploaddaemon1
hcvac_2inbq | /data/batchapp/softeon/upshcvacuat/uploaddaemon2
hcvac_ict | /data/batchapp/softeon/upshcvacuat/invcomputationbytask

==============================================================================
JBOSS/WILDFLY APPS (simple table)
==============================================================================
JBoss App Processes | 0
JBoss Apps | None

==============================================================================
HEALTH MONITOR CRONTAB STATUS
==============================================================================
Health Monitor Crontab | Not Found

==============================================================================
Server Availability Check Completed | 2026-07-21 05:01:36.023470
==============================================================================

2026-07-21 01:02:05,152 - 493021 - ERROR - app_validation.py errors for i-047f23d1e9808d2c1:

2026-07-21 01:02:05,296 - 493021 - INFO - Email sent successfully to ['kishlayk@softeon.com', 'CloudOps@softeon.com']
2026-07-21 01:02:05,297 - 493021 - INFO - RED re-validation mail sent for i-047f23d1e9808d2c1
2026-07-21 01:02:05,297 - 493021 - INFO - Still Red after restart - starting retry for i-047f23d1e9808d2c1
2026-07-21 01:02:05,297 - 493021 - INFO - [Retry-1] Waiting 300s for i-047f23d1e9808d2c1...
2026-07-21 01:04:50,533 - 493021 - INFO - Sent app_validation.py to i-08a236b6682eed07d (command_id: b28320dd-11d4-4d31-a514-3522485c56c0)
2026-07-21 01:05:20,614 - 493021 - INFO - app_validation.py output for i-08a236b6682eed07d:

==============================================================================
Server Availability Check Started | 2026-07-21 05:04:50.848653
==============================================================================

==============================================================================
SYSTEM INFORMATION
==============================================================================
Server IP | 172.28.25.61
Hostname | ip-172-28-25-61
Current User | root
Working Directory | /usr/bin
Time Zone | UTC

==============================================================================
STORAGE CHECK | /data mounts
==============================================================================
Filesystem | Size | Used | Avail | Use% | Mounted on
/dev/mapper/vg01-lv02 | 239.9G | 112.6G | 127.3G | 46% | /data
fs-03400eb7.efs.us-east-1.amazonaws.com:/shared/softeon/upshcvac | 0B | 123.1G | 0B | 0% | /data2/shared/softeon/upshcvac
fs-03400eb7.efs.us-east-1.amazonaws.com:/logarchivepurge | 0B | 123.1G | 0B | 0% | /data2/logarchivepurge

==============================================================================
SYMLINK CHECK | root (/)
==============================================================================
Symlinks Total | 5
Symlinks Valid | 5
Symlinks Invalid | 0
Symlink | ResolvedTarget
/bin | /usr/bin
/data3 | /data/data3
/lib | /usr/lib
/lib64 | /usr/lib64
/sbin | /usr/sbin

==============================================================================
NFS CHECK
==============================================================================
NFS Package Installed | Yes
nfs-server.service Active | No
nfs-client.target Active | Yes
/etc/exports Present | Yes
EXPORTS_LINE | (empty)
NFS_MOUNT | Device | MountPoint | FSType
NFS_MOUNT | fs-03400eb7.efs.us-east-1.amazonaws.com:/shared/softeon/upshcvac | /data2/shared/softeon/upshcvac | nfs4
NFS_MOUNT | fs-03400eb7.efs.us-east-1.amazonaws.com:/logarchivepurge | /data2/logarchivepurge | nfs4

==============================================================================
CUPS CHECK
==============================================================================
CUPS Installed | Yes
CUPS Running | Yes
CUPS Version | cups-2.4.19-1.amzn2023.0.1.x86_64
CUPS IP URL (http://172.28.25.61:631) | 200
Cups server Http Status | 200
Cups printers Http Status | 200
Printers Configured | 146

==============================================================================
FTP CHECK
==============================================================================
FTP Installed | No
FTP Running (Port 21 localhost) | No
FTP Port 21 Reachable on 172.28.25.61 | No
FTP Processes | None

==============================================================================
JAVA CHECK
==============================================================================
Total Java Processes | 18
Batch/Daemon Java Processes | 15
Non-Standalone Java Processes | hcvac_arcd, hcvac_bre, hcvac_1ccd, hcvac_2ccd, hcvac_dwa, hcvac_event, hcvac_ftp, hcvac_harp, hcvac_rpt, hcvac_jqgrid, hcvac_tiad, hcvac_1wld, hcvac_2wld, hcvac_wsq, hcvac_sdrpt

==============================================================================
BATCH/DAEMON JAVA DETAILS
==============================================================================
Batch/Daemon Java Processes | 15
Java-Name | Java-Path
hcvac_arcd | /data/batchapp/softeon/upshcvacuat/autorouteconversiondaemon
hcvac_bre | /data/batchapp/softeon/upshcvacuat/breruleenginedaemon
hcvac_1ccd | /data/batchapp/softeon/upshcvacuat/clustercreationdaemon1
hcvac_2ccd | /data/batchapp/softeon/upshcvacuat/clustercreationdaemon2
hcvac_dwa | /data/batchapp/softeon/upshcvacuat/downloaddaemon
hcvac_event | /data/batchapp/softeon/upshcvacuat/eventdaemon
hcvac_ftp | /data/batchapp/softeon/upshcvacuat/ftpdaemon
hcvac_harp | /data/batchapp/softeon/upshcvacuat/hardallocationdaemon
hcvac_rpt | /data/batchapp/softeon/upshcvacuat/reportdaemon
hcvac_jqgrid | /data/batchapp/softeon/upshcvacuat/reportjqgridexportdaemon
hcvac_tiad | /data/batchapp/softeon/upshcvacuat/taskinvallocationdaemon
hcvac_1wld | /data/batchapp/softeon/upshcvacuat/wavelaunchdaemon
hcvac_2wld | /data/batchapp/softeon/upshcvacuat/wavelaunchdaemon2
hcvac_wsq | /data/batchapp/softeon/upshcvacuat/wsqdaemon
hcvac_sdrpt | /data/batchapp/softeon/upshcvacuat/shippingdocsreportdaemon

==============================================================================
JBOSS/WILDFLY APPS (simple table)
==============================================================================
JBoss App Processes | 3
PID | AppName | JbossVersion | Java-Name | Port | URL | Status | Code | SSL-Status | App-Path
6825 | upshcvacrfuat | jboss730eap | upshcvacrf_jb73 | 8081 | 172.28.25.61:8081 | Down | 000 | Disabled | /data/app/jboss730eap/softeon/upshcvacrfuat/standalone
6175 | upshcvacuat | jboss730eap | upshcvac_jb73 | 8080 | 172.28.25.61:8080 | UP | 200 | Disabled | /data/app/jboss730eap/softeon/upshcvacuat/standalone
7824 | upshcvacwesuat | jboss730eap | upshcvacwes_jb7 | 8082 | 172.28.25.61:8082 | Down | 000 | Disabled | /data/app/jboss730eap/softeon/upshcvacwesuat/standalone

==============================================================================
HEALTH MONITOR CRONTAB STATUS
==============================================================================
Health Monitor Crontab | Disabled

==============================================================================
Server Availability Check Completed | 2026-07-21 05:05:02.566230
==============================================================================

2026-07-21 01:05:20,615 - 493021 - ERROR - app_validation.py errors for i-08a236b6682eed07d:

2026-07-21 01:05:20,616 - 493021 - INFO - [Retry-2] After log saved: /data/patching_report/validation-2026-07-21/UPSHC-VAC-UAT/172.28.25.61/172.28.25.61-AfterPatching-Retry2-2026-07-21-01-05-20-616.log
2026-07-21 01:05:20,673 - 493021 - INFO - [Retry-2] RED for UPSHC-VAC UAT Application Server and  Batch Server - 1 (172.28.25.61), retrying... (Total waited: 600s)
2026-07-21 01:05:20,673 - 493021 - INFO - [Retry-3] Waiting 300s for i-08a236b6682eed07d...
2026-07-21 01:07:05,549 - 493021 - INFO - Sent app_validation.py to i-047f23d1e9808d2c1 (command_id: 6b81e5ed-f3f6-4be7-91ff-f26395665e7e)
2026-07-21 01:07:35,615 - 493021 - INFO - app_validation.py output for i-047f23d1e9808d2c1:

==============================================================================
Server Availability Check Started | 2026-07-21 05:07:05.838859
==============================================================================

==============================================================================
SYSTEM INFORMATION
==============================================================================
Server IP | 172.28.25.15
Hostname | ip-172-28-25-15
Current User | root
Working Directory | /usr/bin
Time Zone | UTC

==============================================================================
STORAGE CHECK | /data mounts
==============================================================================
Filesystem | Size | Used | Avail | Use% | Mounted on
/dev/mapper/vg01-lv02 | 239.9G | 80.3G | 159.6G | 33% | /data
fs-03400eb7.efs.us-east-1.amazonaws.com:/logarchivepurge | 0B | 123.1G | 0B | 0% | /data2/logarchivepurge
fs-03400eb7.efs.us-east-1.amazonaws.com:/shared/softeon/upshcvac | 0B | 123.1G | 0B | 0% | /data2/shared/softeon/upshcvac

==============================================================================
SYMLINK CHECK | root (/)
==============================================================================
Symlinks Total | 5
Symlinks Valid | 5
Symlinks Invalid | 0
Symlink | ResolvedTarget
/bin | /usr/bin
/data3 | /data/data3
/lib | /usr/lib
/lib64 | /usr/lib64
/sbin | /usr/sbin

==============================================================================
NFS CHECK
==============================================================================
NFS Package Installed | Yes
nfs-server.service Active | No
nfs-client.target Active | Yes
/etc/exports Present | Yes
EXPORTS_LINE | (empty)
NFS_MOUNT | Device | MountPoint | FSType
NFS_MOUNT | fs-03400eb7.efs.us-east-1.amazonaws.com:/logarchivepurge | /data2/logarchivepurge | nfs4
NFS_MOUNT | fs-03400eb7.efs.us-east-1.amazonaws.com:/shared/softeon/upshcvac | /data2/shared/softeon/upshcvac | nfs4

==============================================================================
CUPS CHECK
==============================================================================
CUPS Installed | Yes
CUPS Running | Yes
CUPS Version | cups-2.4.19-1.amzn2023.0.1.x86_64
CUPS IP URL (http://172.28.25.15:631) | 200
Cups server Http Status | 200
Cups printers Http Status | 200
Printers Configured | 146

==============================================================================
FTP CHECK
==============================================================================
FTP Installed | No
FTP Running (Port 21 localhost) | No
FTP Port 21 Reachable on 172.28.25.15 | No
FTP Processes | None

==============================================================================
JAVA CHECK
==============================================================================
Total Java Processes | 15
Batch/Daemon Java Processes | 15
Non-Standalone Java Processes | hcvac_lbl, hcvac_lmc, hcvac_mqc, hcvac_mqp, hcvac_2mqp, hcvac_3mqp, hcvac_lrcd, hcvac_repl, hcvac_rccl, hcvac_sch, hcvac_ialloc, hcvac_inbq, hcvac_1inbq, hcvac_2inbq, hcvac_ict

==============================================================================
BATCH/DAEMON JAVA DETAILS
==============================================================================
Batch/Daemon Java Processes | 15
Java-Name | Java-Path
hcvac_lbl | /data/batchapp/softeon/upshcvacuat/labeldaemon
hcvac_lmc | /data/batchapp/softeon/upshcvacuat/lucamqconsumerdaemon
hcvac_mqc | /data/batchapp/softeon/upshcvacuat/mqconsumerdaemon
hcvac_mqp | /data/batchapp/softeon/upshcvacuat/mqproducerdaemon
hcvac_2mqp | /data/batchapp/softeon/upshcvacuat/mqproducerdaemon02
hcvac_3mqp | /data/batchapp/softeon/upshcvacuat/mqproducerdaemon03
hcvac_lrcd | /data/batchapp/softeon/upshcvacuat/onepullrouteconversiondaemon
hcvac_repl | /data/batchapp/softeon/upshcvacuat/replenishmentdaemon
hcvac_rccl | /data/batchapp/softeon/upshcvacuat/replenishmentpickloccanceldaemon
hcvac_sch | /data/batchapp/softeon/upshcvacuat/schedulerdaemon
hcvac_ialloc | /data/batchapp/softeon/upshcvacuat/uploadallocationdaemon
hcvac_inbq | /data/batchapp/softeon/upshcvacuat/uploaddaemon
hcvac_1inbq | /data/batchapp/softeon/upshcvacuat/uploaddaemon1
hcvac_2inbq | /data/batchapp/softeon/upshcvacuat/uploaddaemon2
hcvac_ict | /data/batchapp/softeon/upshcvacuat/invcomputationbytask

==============================================================================
JBOSS/WILDFLY APPS (simple table)
==============================================================================
JBoss App Processes | 0
JBoss Apps | None

==============================================================================
HEALTH MONITOR CRONTAB STATUS
==============================================================================
Health Monitor Crontab | Not Found

==============================================================================
Server Availability Check Completed | 2026-07-21 05:07:06.497265
==============================================================================

2026-07-21 01:07:35,615 - 493021 - ERROR - app_validation.py errors for i-047f23d1e9808d2c1:

2026-07-21 01:07:35,617 - 493021 - INFO - [Retry-1] After log saved: /data/patching_report/validation-2026-07-21/UPSHC-VAC-UAT/172.28.25.15/172.28.25.15-AfterPatching-Retry1-2026-07-21-01-07-35-616.log
2026-07-21 01:07:35,673 - 493021 - INFO - [Retry-1] RED for UPSHC-VAC UAT Application Server and  Batch Server - 2 (172.28.25.15), retrying... (Total waited: 300s)
2026-07-21 01:07:35,673 - 493021 - INFO - [Retry-2] Waiting 300s for i-047f23d1e9808d2c1...
2026-07-21 01:10:20,980 - 493021 - INFO - Sent app_validation.py to i-08a236b6682eed07d (command_id: 065a438e-9c1b-462b-8ab1-190686bdc2b2)
2026-07-21 01:10:51,050 - 493021 - INFO - app_validation.py output for i-08a236b6682eed07d:

==============================================================================
Server Availability Check Started | 2026-07-21 05:10:21.277770
==============================================================================

==============================================================================
SYSTEM INFORMATION
==============================================================================
Server IP | 172.28.25.61
Hostname | ip-172-28-25-61
Current User | root
Working Directory | /usr/bin
Time Zone | UTC

==============================================================================
STORAGE CHECK | /data mounts
==============================================================================
Filesystem | Size | Used | Avail | Use% | Mounted on
/dev/mapper/vg01-lv02 | 239.9G | 110.4G | 129.5G | 46% | /data
fs-03400eb7.efs.us-east-1.amazonaws.com:/shared/softeon/upshcvac | 0B | 123.1G | 0B | 0% | /data2/shared/softeon/upshcvac
fs-03400eb7.efs.us-east-1.amazonaws.com:/logarchivepurge | 0B | 123.1G | 0B | 0% | /data2/logarchivepurge

==============================================================================
SYMLINK CHECK | root (/)
==============================================================================
Symlinks Total | 5
Symlinks Valid | 5
Symlinks Invalid | 0
Symlink | ResolvedTarget
/bin | /usr/bin
/data3 | /data/data3
/lib | /usr/lib
/lib64 | /usr/lib64
/sbin | /usr/sbin

==============================================================================
NFS CHECK
==============================================================================
NFS Package Installed | Yes
nfs-server.service Active | No
nfs-client.target Active | Yes
/etc/exports Present | Yes
EXPORTS_LINE | (empty)
NFS_MOUNT | Device | MountPoint | FSType
NFS_MOUNT | fs-03400eb7.efs.us-east-1.amazonaws.com:/shared/softeon/upshcvac | /data2/shared/softeon/upshcvac | nfs4
NFS_MOUNT | fs-03400eb7.efs.us-east-1.amazonaws.com:/logarchivepurge | /data2/logarchivepurge | nfs4

==============================================================================
CUPS CHECK
==============================================================================
CUPS Installed | Yes
CUPS Running | Yes
CUPS Version | cups-2.4.19-1.amzn2023.0.1.x86_64
CUPS IP URL (http://172.28.25.61:631) | 200
Cups server Http Status | 200
Cups printers Http Status | 200
Printers Configured | 146

==============================================================================
FTP CHECK
==============================================================================
FTP Installed | No
FTP Running (Port 21 localhost) | No
FTP Port 21 Reachable on 172.28.25.61 | No
FTP Processes | None

==============================================================================
JAVA CHECK
==============================================================================
Total Java Processes | 19
Batch/Daemon Java Processes | 15
Non-Standalone Java Processes | hcvac_arcd, hcvac_bre, hcvac_1ccd, hcvac_2ccd, hcvac_dwa, hcvac_event, hcvac_ftp, hcvac_harp, hcvac_rpt, hcvac_jqgrid, hcvac_tiad, hcvac_1wld, hcvac_2wld, hcvac_wsq, hcvac_sdrpt

==============================================================================
BATCH/DAEMON JAVA DETAILS
==============================================================================
Batch/Daemon Java Processes | 15
Java-Name | Java-Path
hcvac_arcd | /data/batchapp/softeon/upshcvacuat/autorouteconversiondaemon
hcvac_bre | /data/batchapp/softeon/upshcvacuat/breruleenginedaemon
hcvac_1ccd | /data/batchapp/softeon/upshcvacuat/clustercreationdaemon1
hcvac_2ccd | /data/batchapp/softeon/upshcvacuat/clustercreationdaemon2
hcvac_dwa | /data/batchapp/softeon/upshcvacuat/downloaddaemon
hcvac_event | /data/batchapp/softeon/upshcvacuat/eventdaemon
hcvac_ftp | /data/batchapp/softeon/upshcvacuat/ftpdaemon
hcvac_harp | /data/batchapp/softeon/upshcvacuat/hardallocationdaemon
hcvac_rpt | /data/batchapp/softeon/upshcvacuat/reportdaemon
hcvac_jqgrid | /data/batchapp/softeon/upshcvacuat/reportjqgridexportdaemon
hcvac_tiad | /data/batchapp/softeon/upshcvacuat/taskinvallocationdaemon
hcvac_1wld | /data/batchapp/softeon/upshcvacuat/wavelaunchdaemon
hcvac_2wld | /data/batchapp/softeon/upshcvacuat/wavelaunchdaemon2
hcvac_wsq | /data/batchapp/softeon/upshcvacuat/wsqdaemon
hcvac_sdrpt | /data/batchapp/softeon/upshcvacuat/shippingdocsreportdaemon

==============================================================================
JBOSS/WILDFLY APPS (simple table)
==============================================================================
JBoss App Processes | 3
PID | AppName | JbossVersion | Java-Name | Port | URL | Status | Code | SSL-Status | App-Path
6825 | upshcvacrfuat | jboss730eap | upshcvacrf_jb73 | 8081 | 172.28.25.61:8081 | UP | 200 | Disabled | /data/app/jboss730eap/softeon/upshcvacrfuat/standalone
6175 | upshcvacuat | jboss730eap | upshcvac_jb73 | 8080 | 172.28.25.61:8080 | Down | 000 | Disabled | /data/app/jboss730eap/softeon/upshcvacuat/standalone
7824 | upshcvacwesuat | jboss730eap | upshcvacwes_jb7 | 8082 | 172.28.25.61:8082 | UP | 200 | Disabled | /data/app/jboss730eap/softeon/upshcvacwesuat/standalone

==============================================================================
HEALTH MONITOR CRONTAB STATUS
==============================================================================
Health Monitor Crontab | Disabled

==============================================================================
Server Availability Check Completed | 2026-07-21 05:10:31.562803
==============================================================================

2026-07-21 01:10:51,050 - 493021 - ERROR - app_validation.py errors for i-08a236b6682eed07d:

2026-07-21 01:10:51,052 - 493021 - INFO - [Retry-3] After log saved: /data/patching_report/validation-2026-07-21/UPSHC-VAC-UAT/172.28.25.61/172.28.25.61-AfterPatching-Retry3-2026-07-21-01-10-51-051.log
2026-07-21 01:10:51,108 - 493021 - INFO - [Retry-3] RED for UPSHC-VAC UAT Application Server and  Batch Server - 1 (172.28.25.61), retrying... (Total waited: 900s)
2026-07-21 01:10:51,108 - 493021 - INFO - [Retry-4] Waiting 300s for i-08a236b6682eed07d...
2026-07-21 01:12:35,885 - 493021 - INFO - Sent app_validation.py to i-047f23d1e9808d2c1 (command_id: bf12185a-96f9-4de5-9655-399aa16dfdc8)
2026-07-21 01:13:06,004 - 493021 - INFO - app_validation.py output for i-047f23d1e9808d2c1:

==============================================================================
Server Availability Check Started | 2026-07-21 05:12:36.243917
==============================================================================

==============================================================================
SYSTEM INFORMATION
==============================================================================
Server IP | 172.28.25.15
Hostname | ip-172-28-25-15
Current User | root
Working Directory | /usr/bin
Time Zone | UTC

==============================================================================
STORAGE CHECK | /data mounts
==============================================================================
Filesystem | Size | Used | Avail | Use% | Mounted on
/dev/mapper/vg01-lv02 | 239.9G | 77.6G | 162.2G | 32% | /data
fs-03400eb7.efs.us-east-1.amazonaws.com:/logarchivepurge | 0B | 123.1G | 0B | 0% | /data2/logarchivepurge
fs-03400eb7.efs.us-east-1.amazonaws.com:/shared/softeon/upshcvac | 0B | 123.1G | 0B | 0% | /data2/shared/softeon/upshcvac

==============================================================================
SYMLINK CHECK | root (/)
==============================================================================
Symlinks Total | 5
Symlinks Valid | 5
Symlinks Invalid | 0
Symlink | ResolvedTarget
/bin | /usr/bin
/data3 | /data/data3
/lib | /usr/lib
/lib64 | /usr/lib64
/sbin | /usr/sbin

==============================================================================
NFS CHECK
==============================================================================
NFS Package Installed | Yes
nfs-server.service Active | No
nfs-client.target Active | Yes
/etc/exports Present | Yes
EXPORTS_LINE | (empty)
NFS_MOUNT | Device | MountPoint | FSType
NFS_MOUNT | fs-03400eb7.efs.us-east-1.amazonaws.com:/logarchivepurge | /data2/logarchivepurge | nfs4
NFS_MOUNT | fs-03400eb7.efs.us-east-1.amazonaws.com:/shared/softeon/upshcvac | /data2/shared/softeon/upshcvac | nfs4

==============================================================================
CUPS CHECK
==============================================================================
CUPS Installed | Yes
CUPS Running | Yes
CUPS Version | cups-2.4.19-1.amzn2023.0.1.x86_64
CUPS IP URL (http://172.28.25.15:631) | 200
Cups server Http Status | 200
Cups printers Http Status | 200
Printers Configured | 146

==============================================================================
FTP CHECK
==============================================================================
FTP Installed | No
FTP Running (Port 21 localhost) | No
FTP Port 21 Reachable on 172.28.25.15 | No
FTP Processes | None

==============================================================================
JAVA CHECK
==============================================================================
Total Java Processes | 18
Batch/Daemon Java Processes | 15
Non-Standalone Java Processes | hcvac_lbl, hcvac_lmc, hcvac_mqc, hcvac_mqp, hcvac_2mqp, hcvac_3mqp, hcvac_lrcd, hcvac_repl, hcvac_rccl, hcvac_sch, hcvac_ialloc, hcvac_inbq, hcvac_1inbq, hcvac_2inbq, hcvac_ict

==============================================================================
BATCH/DAEMON JAVA DETAILS
==============================================================================
Batch/Daemon Java Processes | 15
Java-Name | Java-Path
hcvac_lbl | /data/batchapp/softeon/upshcvacuat/labeldaemon
hcvac_lmc | /data/batchapp/softeon/upshcvacuat/lucamqconsumerdaemon
hcvac_mqc | /data/batchapp/softeon/upshcvacuat/mqconsumerdaemon
hcvac_mqp | /data/batchapp/softeon/upshcvacuat/mqproducerdaemon
hcvac_2mqp | /data/batchapp/softeon/upshcvacuat/mqproducerdaemon02
hcvac_3mqp | /data/batchapp/softeon/upshcvacuat/mqproducerdaemon03
hcvac_lrcd | /data/batchapp/softeon/upshcvacuat/onepullrouteconversiondaemon
hcvac_repl | /data/batchapp/softeon/upshcvacuat/replenishmentdaemon
hcvac_rccl | /data/batchapp/softeon/upshcvacuat/replenishmentpickloccanceldaemon
hcvac_sch | /data/batchapp/softeon/upshcvacuat/schedulerdaemon
hcvac_ialloc | /data/batchapp/softeon/upshcvacuat/uploadallocationdaemon
hcvac_inbq | /data/batchapp/softeon/upshcvacuat/uploaddaemon
hcvac_1inbq | /data/batchapp/softeon/upshcvacuat/uploaddaemon1
hcvac_2inbq | /data/batchapp/softeon/upshcvacuat/uploaddaemon2
hcvac_ict | /data/batchapp/softeon/upshcvacuat/invcomputationbytask

==============================================================================
JBOSS/WILDFLY APPS (simple table)
==============================================================================
JBoss App Processes | 3
PID | AppName | JbossVersion | Java-Name | Port | URL | Status | Code | SSL-Status | App-Path
8856 | upshcvacrfuat | jboss730eap | upshcvacrf_jb73 | 8081 | 172.28.25.15:8081 | Down | 000 | Disabled | /data/app/jboss730eap/softeon/upshcvacrfuat/standalone
8304 | upshcvacuat | jboss730eap | upshcvac_jb73 | 8080 | 172.28.25.15:8080 | Down | 000 | Disabled | /data/app/jboss730eap/softeon/upshcvacuat/standalone
9311 | upshcvacwesuat | jboss730eap | upshcvacwes_jb7 | 8082 | 172.28.25.15:8082 | UP | 200 | Disabled | /data/app/jboss730eap/softeon/upshcvacwesuat/standalone

==============================================================================
HEALTH MONITOR CRONTAB STATUS
==============================================================================
Health Monitor Crontab | Not Found

==============================================================================
Server Availability Check Completed | 2026-07-21 05:12:51.823380
==============================================================================

2026-07-21 01:13:06,004 - 493021 - ERROR - app_validation.py errors for i-047f23d1e9808d2c1:

2026-07-21 01:13:06,005 - 493021 - INFO - [Retry-2] After log saved: /data/patching_report/validation-2026-07-21/UPSHC-VAC-UAT/172.28.25.15/172.28.25.15-AfterPatching-Retry2-2026-07-21-01-13-06-005.log
2026-07-21 01:13:06,064 - 493021 - INFO - [Retry-2] RED for UPSHC-VAC UAT Application Server and  Batch Server - 2 (172.28.25.15), retrying... (Total waited: 600s)
2026-07-21 01:13:06,065 - 493021 - INFO - [Retry-3] Waiting 300s for i-047f23d1e9808d2c1...
2026-07-21 01:15:51,383 - 493021 - INFO - Sent app_validation.py to i-08a236b6682eed07d (command_id: 71af44c8-e29d-4038-bab2-20628ba2340a)
2026-07-21 01:16:21,447 - 493021 - INFO - app_validation.py output for i-08a236b6682eed07d:

==============================================================================
Server Availability Check Started | 2026-07-21 05:15:51.682217
==============================================================================

==============================================================================
SYSTEM INFORMATION
==============================================================================
Server IP | 172.28.25.61
Hostname | ip-172-28-25-61
Current User | root
Working Directory | /usr/bin
Time Zone | UTC

==============================================================================
STORAGE CHECK | /data mounts
==============================================================================
Filesystem | Size | Used | Avail | Use% | Mounted on
/dev/mapper/vg01-lv02 | 239.9G | 104.5G | 135.4G | 43% | /data
fs-03400eb7.efs.us-east-1.amazonaws.com:/shared/softeon/upshcvac | 0B | 123.1G | 0B | 0% | /data2/shared/softeon/upshcvac
fs-03400eb7.efs.us-east-1.amazonaws.com:/logarchivepurge | 0B | 123.1G | 0B | 0% | /data2/logarchivepurge

==============================================================================
SYMLINK CHECK | root (/)
==============================================================================
Symlinks Total | 5
Symlinks Valid | 5
Symlinks Invalid | 0
Symlink | ResolvedTarget
/bin | /usr/bin
/data3 | /data/data3
/lib | /usr/lib
/lib64 | /usr/lib64
/sbin | /usr/sbin

==============================================================================
NFS CHECK
==============================================================================
NFS Package Installed | Yes
nfs-server.service Active | No
nfs-client.target Active | Yes
/etc/exports Present | Yes
EXPORTS_LINE | (empty)
NFS_MOUNT | Device | MountPoint | FSType
NFS_MOUNT | fs-03400eb7.efs.us-east-1.amazonaws.com:/shared/softeon/upshcvac | /data2/shared/softeon/upshcvac | nfs4
NFS_MOUNT | fs-03400eb7.efs.us-east-1.amazonaws.com:/logarchivepurge | /data2/logarchivepurge | nfs4

==============================================================================
CUPS CHECK
==============================================================================
CUPS Installed | Yes
CUPS Running | Yes
CUPS Version | cups-2.4.19-1.amzn2023.0.1.x86_64
CUPS IP URL (http://172.28.25.61:631) | 200
Cups server Http Status | 200
Cups printers Http Status | 200
Printers Configured | 146

==============================================================================
FTP CHECK
==============================================================================
FTP Installed | No
FTP Running (Port 21 localhost) | No
FTP Port 21 Reachable on 172.28.25.61 | No
FTP Processes | None

==============================================================================
JAVA CHECK
==============================================================================
Total Java Processes | 18
Batch/Daemon Java Processes | 15
Non-Standalone Java Processes | hcvac_arcd, hcvac_bre, hcvac_1ccd, hcvac_2ccd, hcvac_dwa, hcvac_event, hcvac_ftp, hcvac_harp, hcvac_rpt, hcvac_jqgrid, hcvac_tiad, hcvac_1wld, hcvac_2wld, hcvac_wsq, hcvac_sdrpt

==============================================================================
BATCH/DAEMON JAVA DETAILS
==============================================================================
Batch/Daemon Java Processes | 15
Java-Name | Java-Path
hcvac_arcd | /data/batchapp/softeon/upshcvacuat/autorouteconversiondaemon
hcvac_bre | /data/batchapp/softeon/upshcvacuat/breruleenginedaemon
hcvac_1ccd | /data/batchapp/softeon/upshcvacuat/clustercreationdaemon1
hcvac_2ccd | /data/batchapp/softeon/upshcvacuat/clustercreationdaemon2
hcvac_dwa | /data/batchapp/softeon/upshcvacuat/downloaddaemon
hcvac_event | /data/batchapp/softeon/upshcvacuat/eventdaemon
hcvac_ftp | /data/batchapp/softeon/upshcvacuat/ftpdaemon
hcvac_harp | /data/batchapp/softeon/upshcvacuat/hardallocationdaemon
hcvac_rpt | /data/batchapp/softeon/upshcvacuat/reportdaemon
hcvac_jqgrid | /data/batchapp/softeon/upshcvacuat/reportjqgridexportdaemon
hcvac_tiad | /data/batchapp/softeon/upshcvacuat/taskinvallocationdaemon
hcvac_1wld | /data/batchapp/softeon/upshcvacuat/wavelaunchdaemon
hcvac_2wld | /data/batchapp/softeon/upshcvacuat/wavelaunchdaemon2
hcvac_wsq | /data/batchapp/softeon/upshcvacuat/wsqdaemon
hcvac_sdrpt | /data/batchapp/softeon/upshcvacuat/shippingdocsreportdaemon

==============================================================================
JBOSS/WILDFLY APPS (simple table)
==============================================================================
JBoss App Processes | 3
PID | AppName | JbossVersion | Java-Name | Port | URL | Status | Code | SSL-Status | App-Path
6825 | upshcvacrfuat | jboss730eap | upshcvacrf_jb73 | 8081 | 172.28.25.61:8081 | UP | 200 | Disabled | /data/app/jboss730eap/softeon/upshcvacrfuat/standalone
6175 | upshcvacuat | jboss730eap | upshcvac_jb73 | 8080 | 172.28.25.61:8080 | UP | 200 | Disabled | /data/app/jboss730eap/softeon/upshcvacuat/standalone
7824 | upshcvacwesuat | jboss730eap | upshcvacwes_jb7 | 8082 | 172.28.25.61:8082 | UP | 200 | Disabled | /data/app/jboss730eap/softeon/upshcvacwesuat/standalone

==============================================================================
HEALTH MONITOR CRONTAB STATUS
==============================================================================
Health Monitor Crontab | Disabled

==============================================================================
Server Availability Check Completed | 2026-07-21 05:15:52.849921
==============================================================================

2026-07-21 01:16:21,447 - 493021 - ERROR - app_validation.py errors for i-08a236b6682eed07d:

2026-07-21 01:16:21,449 - 493021 - INFO - [Retry-4] After log saved: /data/patching_report/validation-2026-07-21/UPSHC-VAC-UAT/172.28.25.61/172.28.25.61-AfterPatching-Retry4-2026-07-21-01-16-21-448.log
2026-07-21 01:16:21,505 - 493021 - INFO - [Retry-4] RED for UPSHC-VAC UAT Application Server and  Batch Server - 1 (172.28.25.61), retrying... (Total waited: 1200s)
2026-07-21 01:16:21,506 - 493021 - INFO - [Retry-5] Waiting 300s for i-08a236b6682eed07d...
2026-07-21 01:18:06,476 - 493021 - INFO - Sent app_validation.py to i-047f23d1e9808d2c1 (command_id: aa9fa55b-ef76-4ca4-ab5f-5ca07ccb4742)
2026-07-21 01:18:36,569 - 493021 - INFO - app_validation.py output for i-047f23d1e9808d2c1:

==============================================================================
Server Availability Check Started | 2026-07-21 05:18:06.902095
==============================================================================

==============================================================================
SYSTEM INFORMATION
==============================================================================
Server IP | 172.28.25.15
Hostname | ip-172-28-25-15
Current User | root
Working Directory | /usr/bin
Time Zone | UTC

==============================================================================
STORAGE CHECK | /data mounts
==============================================================================
Filesystem | Size | Used | Avail | Use% | Mounted on
/dev/mapper/vg01-lv02 | 239.9G | 73.1G | 166.8G | 30% | /data
fs-03400eb7.efs.us-east-1.amazonaws.com:/logarchivepurge | 0B | 123.1G | 0B | 0% | /data2/logarchivepurge
fs-03400eb7.efs.us-east-1.amazonaws.com:/shared/softeon/upshcvac | 0B | 123.1G | 0B | 0% | /data2/shared/softeon/upshcvac

==============================================================================
SYMLINK CHECK | root (/)
==============================================================================
Symlinks Total | 5
Symlinks Valid | 5
Symlinks Invalid | 0
Symlink | ResolvedTarget
/bin | /usr/bin
/data3 | /data/data3
/lib | /usr/lib
/lib64 | /usr/lib64
/sbin | /usr/sbin

==============================================================================
NFS CHECK
==============================================================================
NFS Package Installed | Yes
nfs-server.service Active | No
nfs-client.target Active | Yes
/etc/exports Present | Yes
EXPORTS_LINE | (empty)
NFS_MOUNT | Device | MountPoint | FSType
NFS_MOUNT | fs-03400eb7.efs.us-east-1.amazonaws.com:/logarchivepurge | /data2/logarchivepurge | nfs4
NFS_MOUNT | fs-03400eb7.efs.us-east-1.amazonaws.com:/shared/softeon/upshcvac | /data2/shared/softeon/upshcvac | nfs4

==============================================================================
CUPS CHECK
==============================================================================
CUPS Installed | Yes
CUPS Running | Yes
CUPS Version | cups-2.4.19-1.amzn2023.0.1.x86_64
CUPS IP URL (http://172.28.25.15:631) | 200
Cups server Http Status | 200
Cups printers Http Status | 200
Printers Configured | 146

==============================================================================
FTP CHECK
==============================================================================
FTP Installed | No
FTP Running (Port 21 localhost) | No
FTP Port 21 Reachable on 172.28.25.15 | No
FTP Processes | None

==============================================================================
JAVA CHECK
==============================================================================
Total Java Processes | 18
Batch/Daemon Java Processes | 15
Non-Standalone Java Processes | hcvac_lbl, hcvac_lmc, hcvac_mqc, hcvac_mqp, hcvac_2mqp, hcvac_3mqp, hcvac_lrcd, hcvac_repl, hcvac_rccl, hcvac_sch, hcvac_ialloc, hcvac_inbq, hcvac_1inbq, hcvac_2inbq, hcvac_ict

==============================================================================
BATCH/DAEMON JAVA DETAILS
==============================================================================
Batch/Daemon Java Processes | 15
Java-Name | Java-Path
hcvac_lbl | /data/batchapp/softeon/upshcvacuat/labeldaemon
hcvac_lmc | /data/batchapp/softeon/upshcvacuat/lucamqconsumerdaemon
hcvac_mqc | /data/batchapp/softeon/upshcvacuat/mqconsumerdaemon
hcvac_mqp | /data/batchapp/softeon/upshcvacuat/mqproducerdaemon
hcvac_2mqp | /data/batchapp/softeon/upshcvacuat/mqproducerdaemon02
hcvac_3mqp | /data/batchapp/softeon/upshcvacuat/mqproducerdaemon03
hcvac_lrcd | /data/batchapp/softeon/upshcvacuat/onepullrouteconversiondaemon
hcvac_repl | /data/batchapp/softeon/upshcvacuat/replenishmentdaemon
hcvac_rccl | /data/batchapp/softeon/upshcvacuat/replenishmentpickloccanceldaemon
hcvac_sch | /data/batchapp/softeon/upshcvacuat/schedulerdaemon
hcvac_ialloc | /data/batchapp/softeon/upshcvacuat/uploadallocationdaemon
hcvac_inbq | /data/batchapp/softeon/upshcvacuat/uploaddaemon
hcvac_1inbq | /data/batchapp/softeon/upshcvacuat/uploaddaemon1
hcvac_2inbq | /data/batchapp/softeon/upshcvacuat/uploaddaemon2
hcvac_ict | /data/batchapp/softeon/upshcvacuat/invcomputationbytask

==============================================================================
JBOSS/WILDFLY APPS (simple table)
==============================================================================
JBoss App Processes | 3
PID | AppName | JbossVersion | Java-Name | Port | URL | Status | Code | SSL-Status | App-Path
8856 | upshcvacrfuat | jboss730eap | upshcvacrf_jb73 | 8081 | 172.28.25.15:8081 | UP | 200 | Disabled | /data/app/jboss730eap/softeon/upshcvacrfuat/standalone
8304 | upshcvacuat | jboss730eap | upshcvac_jb73 | 8080 | 172.28.25.15:8080 | UP | 200 | Disabled | /data/app/jboss730eap/softeon/upshcvacuat/standalone
9311 | upshcvacwesuat | jboss730eap | upshcvacwes_jb7 | 8082 | 172.28.25.15:8082 | UP | 200 | Disabled | /data/app/jboss730eap/softeon/upshcvacwesuat/standalone

==============================================================================
HEALTH MONITOR CRONTAB STATUS
==============================================================================
Health Monitor Crontab | Not Found

==============================================================================
Server Availability Check Completed | 2026-07-21 05:18:08.430991
==============================================================================

2026-07-21 01:18:36,569 - 493021 - ERROR - app_validation.py errors for i-047f23d1e9808d2c1:

2026-07-21 01:18:36,570 - 493021 - INFO - [Retry-3] After log saved: /data/patching_report/validation-2026-07-21/UPSHC-VAC-UAT/172.28.25.15/172.28.25.15-AfterPatching-Retry3-2026-07-21-01-18-36-570.log
2026-07-21 01:18:36,627 - 493021 - INFO - [Retry-3] RED for UPSHC-VAC UAT Application Server and  Batch Server - 2 (172.28.25.15), retrying... (Total waited: 900s)
2026-07-21 01:18:36,627 - 493021 - INFO - [Retry-4] Waiting 300s for i-047f23d1e9808d2c1...
2026-07-21 01:21:21,711 - 493021 - INFO - Sent app_validation.py to i-08a236b6682eed07d (command_id: 2497ec78-7013-4f67-98ca-d418dcca9645)
2026-07-21 01:21:51,838 - 493021 - INFO - app_validation.py output for i-08a236b6682eed07d:

==============================================================================
Server Availability Check Started | 2026-07-21 05:21:21.971162
==============================================================================

==============================================================================
SYSTEM INFORMATION
==============================================================================
Server IP | 172.28.25.61
Hostname | ip-172-28-25-61
Current User | root
Working Directory | /usr/bin
Time Zone | UTC

==============================================================================
STORAGE CHECK | /data mounts
==============================================================================
Filesystem | Size | Used | Avail | Use% | Mounted on
/dev/mapper/vg01-lv02 | 239.9G | 104.6G | 135.3G | 43% | /data
fs-03400eb7.efs.us-east-1.amazonaws.com:/shared/softeon/upshcvac | 0B | 123.1G | 0B | 0% | /data2/shared/softeon/upshcvac
fs-03400eb7.efs.us-east-1.amazonaws.com:/logarchivepurge | 0B | 123.1G | 0B | 0% | /data2/logarchivepurge

==============================================================================
SYMLINK CHECK | root (/)
==============================================================================
Symlinks Total | 5
Symlinks Valid | 5
Symlinks Invalid | 0
Symlink | ResolvedTarget
/bin | /usr/bin
/data3 | /data/data3
/lib | /usr/lib
/lib64 | /usr/lib64
/sbin | /usr/sbin

==============================================================================
NFS CHECK
==============================================================================
NFS Package Installed | Yes
nfs-server.service Active | No
nfs-client.target Active | Yes
/etc/exports Present | Yes
EXPORTS_LINE | (empty)
NFS_MOUNT | Device | MountPoint | FSType
NFS_MOUNT | fs-03400eb7.efs.us-east-1.amazonaws.com:/shared/softeon/upshcvac | /data2/shared/softeon/upshcvac | nfs4
NFS_MOUNT | fs-03400eb7.efs.us-east-1.amazonaws.com:/logarchivepurge | /data2/logarchivepurge | nfs4

==============================================================================
CUPS CHECK
==============================================================================
CUPS Installed | Yes
CUPS Running | Yes
CUPS Version | cups-2.4.19-1.amzn2023.0.1.x86_64
CUPS IP URL (http://172.28.25.61:631) | 200
Cups server Http Status | 200
Cups printers Http Status | 200
Printers Configured | 146

==============================================================================
FTP CHECK
==============================================================================
FTP Installed | No
FTP Running (Port 21 localhost) | No
FTP Port 21 Reachable on 172.28.25.61 | No
FTP Processes | None

==============================================================================
JAVA CHECK
==============================================================================
Total Java Processes | 18
Batch/Daemon Java Processes | 15
Non-Standalone Java Processes | hcvac_arcd, hcvac_bre, hcvac_1ccd, hcvac_2ccd, hcvac_dwa, hcvac_event, hcvac_ftp, hcvac_harp, hcvac_rpt, hcvac_jqgrid, hcvac_tiad, hcvac_1wld, hcvac_2wld, hcvac_wsq, hcvac_sdrpt

==============================================================================
BATCH/DAEMON JAVA DETAILS
==============================================================================
Batch/Daemon Java Processes | 15
Java-Name | Java-Path
hcvac_arcd | /data/batchapp/softeon/upshcvacuat/autorouteconversiondaemon
hcvac_bre | /data/batchapp/softeon/upshcvacuat/breruleenginedaemon
hcvac_1ccd | /data/batchapp/softeon/upshcvacuat/clustercreationdaemon1
hcvac_2ccd | /data/batchapp/softeon/upshcvacuat/clustercreationdaemon2
hcvac_dwa | /data/batchapp/softeon/upshcvacuat/downloaddaemon
hcvac_event | /data/batchapp/softeon/upshcvacuat/eventdaemon
hcvac_ftp | /data/batchapp/softeon/upshcvacuat/ftpdaemon
hcvac_harp | /data/batchapp/softeon/upshcvacuat/hardallocationdaemon
hcvac_rpt | /data/batchapp/softeon/upshcvacuat/reportdaemon
hcvac_jqgrid | /data/batchapp/softeon/upshcvacuat/reportjqgridexportdaemon
hcvac_tiad | /data/batchapp/softeon/upshcvacuat/taskinvallocationdaemon
hcvac_1wld | /data/batchapp/softeon/upshcvacuat/wavelaunchdaemon
hcvac_2wld | /data/batchapp/softeon/upshcvacuat/wavelaunchdaemon2
hcvac_wsq | /data/batchapp/softeon/upshcvacuat/wsqdaemon
hcvac_sdrpt | /data/batchapp/softeon/upshcvacuat/shippingdocsreportdaemon

==============================================================================
JBOSS/WILDFLY APPS (simple table)
==============================================================================
JBoss App Processes | 3
PID | AppName | JbossVersion | Java-Name | Port | URL | Status | Code | SSL-Status | App-Path
6825 | upshcvacrfuat | jboss730eap | upshcvacrf_jb73 | 8081 | 172.28.25.61:8081 | UP | 200 | Disabled | /data/app/jboss730eap/softeon/upshcvacrfuat/standalone
6175 | upshcvacuat | jboss730eap | upshcvac_jb73 | 8080 | 172.28.25.61:8080 | UP | 200 | Disabled | /data/app/jboss730eap/softeon/upshcvacuat/standalone
7824 | upshcvacwesuat | jboss730eap | upshcvacwes_jb7 | 8082 | 172.28.25.61:8082 | UP | 200 | Disabled | /data/app/jboss730eap/softeon/upshcvacwesuat/standalone

==============================================================================
HEALTH MONITOR CRONTAB STATUS
==============================================================================
Health Monitor Crontab | Disabled

==============================================================================
Server Availability Check Completed | 2026-07-21 05:21:23.026043
==============================================================================

2026-07-21 01:21:51,838 - 493021 - ERROR - app_validation.py errors for i-08a236b6682eed07d:

2026-07-21 01:21:51,840 - 493021 - INFO - [Retry-5] After log saved: /data/patching_report/validation-2026-07-21/UPSHC-VAC-UAT/172.28.25.61/172.28.25.61-AfterPatching-Retry5-2026-07-21-01-21-51-839.log
2026-07-21 01:21:51,896 - 493021 - INFO - [Retry-5] RED for UPSHC-VAC UAT Application Server and  Batch Server - 1 (172.28.25.61), retrying... (Total waited: 1500s)
2026-07-21 01:21:51,896 - 493021 - INFO - [Retry-6] Waiting 300s for i-08a236b6682eed07d...
2026-07-21 01:23:36,822 - 493021 - INFO - Sent app_validation.py to i-047f23d1e9808d2c1 (command_id: 49089874-ec64-4ff8-85fe-eb1e09d24a2e)
2026-07-21 01:24:06,916 - 493021 - INFO - app_validation.py output for i-047f23d1e9808d2c1:

==============================================================================
Server Availability Check Started | 2026-07-21 05:23:37.113497
==============================================================================

==============================================================================
SYSTEM INFORMATION
==============================================================================
Server IP | 172.28.25.15
Hostname | ip-172-28-25-15
Current User | root
Working Directory | /usr/bin
Time Zone | UTC

==============================================================================
STORAGE CHECK | /data mounts
==============================================================================
Filesystem | Size | Used | Avail | Use% | Mounted on
/dev/mapper/vg01-lv02 | 239.9G | 73.1G | 166.8G | 30% | /data
fs-03400eb7.efs.us-east-1.amazonaws.com:/logarchivepurge | 0B | 123.1G | 0B | 0% | /data2/logarchivepurge
fs-03400eb7.efs.us-east-1.amazonaws.com:/shared/softeon/upshcvac | 0B | 123.1G | 0B | 0% | /data2/shared/softeon/upshcvac

==============================================================================
SYMLINK CHECK | root (/)
==============================================================================
Symlinks Total | 5
Symlinks Valid | 5
Symlinks Invalid | 0
Symlink | ResolvedTarget
/bin | /usr/bin
/data3 | /data/data3
/lib | /usr/lib
/lib64 | /usr/lib64
/sbin | /usr/sbin

==============================================================================
NFS CHECK
==============================================================================
NFS Package Installed | Yes
nfs-server.service Active | No
nfs-client.target Active | Yes
/etc/exports Present | Yes
EXPORTS_LINE | (empty)
NFS_MOUNT | Device | MountPoint | FSType
NFS_MOUNT | fs-03400eb7.efs.us-east-1.amazonaws.com:/logarchivepurge | /data2/logarchivepurge | nfs4
NFS_MOUNT | fs-03400eb7.efs.us-east-1.amazonaws.com:/shared/softeon/upshcvac | /data2/shared/softeon/upshcvac | nfs4

==============================================================================
CUPS CHECK
==============================================================================
CUPS Installed | Yes
CUPS Running | Yes
CUPS Version | cups-2.4.19-1.amzn2023.0.1.x86_64
CUPS IP URL (http://172.28.25.15:631) | 200
Cups server Http Status | 200
Cups printers Http Status | 200
Printers Configured | 146

==============================================================================
FTP CHECK
==============================================================================
FTP Installed | No
FTP Running (Port 21 localhost) | No
FTP Port 21 Reachable on 172.28.25.15 | No
FTP Processes | None

==============================================================================
JAVA CHECK
==============================================================================
Total Java Processes | 18
Batch/Daemon Java Processes | 15
Non-Standalone Java Processes | hcvac_lbl, hcvac_lmc, hcvac_mqc, hcvac_mqp, hcvac_2mqp, hcvac_3mqp, hcvac_lrcd, hcvac_repl, hcvac_rccl, hcvac_sch, hcvac_ialloc, hcvac_inbq, hcvac_1inbq, hcvac_2inbq, hcvac_ict

==============================================================================
BATCH/DAEMON JAVA DETAILS
==============================================================================
Batch/Daemon Java Processes | 15
Java-Name | Java-Path
hcvac_lbl | /data/batchapp/softeon/upshcvacuat/labeldaemon
hcvac_lmc | /data/batchapp/softeon/upshcvacuat/lucamqconsumerdaemon
hcvac_mqc | /data/batchapp/softeon/upshcvacuat/mqconsumerdaemon
hcvac_mqp | /data/batchapp/softeon/upshcvacuat/mqproducerdaemon
hcvac_2mqp | /data/batchapp/softeon/upshcvacuat/mqproducerdaemon02
hcvac_3mqp | /data/batchapp/softeon/upshcvacuat/mqproducerdaemon03
hcvac_lrcd | /data/batchapp/softeon/upshcvacuat/onepullrouteconversiondaemon
hcvac_repl | /data/batchapp/softeon/upshcvacuat/replenishmentdaemon
hcvac_rccl | /data/batchapp/softeon/upshcvacuat/replenishmentpickloccanceldaemon
hcvac_sch | /data/batchapp/softeon/upshcvacuat/schedulerdaemon
hcvac_ialloc | /data/batchapp/softeon/upshcvacuat/uploadallocationdaemon
hcvac_inbq | /data/batchapp/softeon/upshcvacuat/uploaddaemon
hcvac_1inbq | /data/batchapp/softeon/upshcvacuat/uploaddaemon1
hcvac_2inbq | /data/batchapp/softeon/upshcvacuat/uploaddaemon2
hcvac_ict | /data/batchapp/softeon/upshcvacuat/invcomputationbytask

==============================================================================
JBOSS/WILDFLY APPS (simple table)
==============================================================================
JBoss App Processes | 3
PID | AppName | JbossVersion | Java-Name | Port | URL | Status | Code | SSL-Status | App-Path
8856 | upshcvacrfuat | jboss730eap | upshcvacrf_jb73 | 8081 | 172.28.25.15:8081 | UP | 200 | Disabled | /data/app/jboss730eap/softeon/upshcvacrfuat/standalone
8304 | upshcvacuat | jboss730eap | upshcvac_jb73 | 8080 | 172.28.25.15:8080 | UP | 200 | Disabled | /data/app/jboss730eap/softeon/upshcvacuat/standalone
9311 | upshcvacwesuat | jboss730eap | upshcvacwes_jb7 | 8082 | 172.28.25.15:8082 | UP | 200 | Disabled | /data/app/jboss730eap/softeon/upshcvacwesuat/standalone

==============================================================================
HEALTH MONITOR CRONTAB STATUS
==============================================================================
Health Monitor Crontab | Not Found

==============================================================================
Server Availability Check Completed | 2026-07-21 05:23:38.063649
==============================================================================

2026-07-21 01:24:06,916 - 493021 - ERROR - app_validation.py errors for i-047f23d1e9808d2c1:

2026-07-21 01:24:06,917 - 493021 - INFO - [Retry-4] After log saved: /data/patching_report/validation-2026-07-21/UPSHC-VAC-UAT/172.28.25.15/172.28.25.15-AfterPatching-Retry4-2026-07-21-01-24-06-917.log
2026-07-21 01:24:06,974 - 493021 - INFO - [Retry-4] RED for UPSHC-VAC UAT Application Server and  Batch Server - 2 (172.28.25.15), retrying... (Total waited: 1200s)
2026-07-21 01:24:06,975 - 493021 - INFO - [Retry-5] Waiting 300s for i-047f23d1e9808d2c1...
2026-07-21 01:26:52,405 - 493021 - INFO - Sent app_validation.py to i-08a236b6682eed07d (command_id: beca3c95-23e8-470d-98d1-ddfa64e65978)
2026-07-21 01:27:22,513 - 493021 - INFO - app_validation.py output for i-08a236b6682eed07d:

==============================================================================
Server Availability Check Started | 2026-07-21 05:26:52.674097
==============================================================================

==============================================================================
SYSTEM INFORMATION
==============================================================================
Server IP | 172.28.25.61
Hostname | ip-172-28-25-61
Current User | root
Working Directory | /usr/bin
Time Zone | UTC

==============================================================================
STORAGE CHECK | /data mounts
==============================================================================
Filesystem | Size | Used | Avail | Use% | Mounted on
/dev/mapper/vg01-lv02 | 239.9G | 104.6G | 135.3G | 43% | /data
fs-03400eb7.efs.us-east-1.amazonaws.com:/shared/softeon/upshcvac | 0B | 123.1G | 0B | 0% | /data2/shared/softeon/upshcvac
fs-03400eb7.efs.us-east-1.amazonaws.com:/logarchivepurge | 0B | 123.1G | 0B | 0% | /data2/logarchivepurge

==============================================================================
SYMLINK CHECK | root (/)
==============================================================================
Symlinks Total | 5
Symlinks Valid | 5
Symlinks Invalid | 0
Symlink | ResolvedTarget
/bin | /usr/bin
/data3 | /data/data3
/lib | /usr/lib
/lib64 | /usr/lib64
/sbin | /usr/sbin

==============================================================================
NFS CHECK
==============================================================================
NFS Package Installed | Yes
nfs-server.service Active | No
nfs-client.target Active | Yes
/etc/exports Present | Yes
EXPORTS_LINE | (empty)
NFS_MOUNT | Device | MountPoint | FSType
NFS_MOUNT | fs-03400eb7.efs.us-east-1.amazonaws.com:/shared/softeon/upshcvac | /data2/shared/softeon/upshcvac | nfs4
NFS_MOUNT | fs-03400eb7.efs.us-east-1.amazonaws.com:/logarchivepurge | /data2/logarchivepurge | nfs4

==============================================================================
CUPS CHECK
==============================================================================
CUPS Installed | Yes
CUPS Running | Yes
CUPS Version | cups-2.4.19-1.amzn2023.0.1.x86_64
CUPS IP URL (http://172.28.25.61:631) | 200
Cups server Http Status | 200
Cups printers Http Status | 200
Printers Configured | 146

==============================================================================
FTP CHECK
==============================================================================
FTP Installed | No
FTP Running (Port 21 localhost) | No
FTP Port 21 Reachable on 172.28.25.61 | No
FTP Processes | None

==============================================================================
JAVA CHECK
==============================================================================
Total Java Processes | 18
Batch/Daemon Java Processes | 15
Non-Standalone Java Processes | hcvac_arcd, hcvac_bre, hcvac_1ccd, hcvac_2ccd, hcvac_dwa, hcvac_event, hcvac_ftp, hcvac_harp, hcvac_rpt, hcvac_jqgrid, hcvac_tiad, hcvac_1wld, hcvac_2wld, hcvac_wsq, hcvac_sdrpt

==============================================================================
BATCH/DAEMON JAVA DETAILS
==============================================================================
Batch/Daemon Java Processes | 15
Java-Name | Java-Path
hcvac_arcd | /data/batchapp/softeon/upshcvacuat/autorouteconversiondaemon
hcvac_bre | /data/batchapp/softeon/upshcvacuat/breruleenginedaemon
hcvac_1ccd | /data/batchapp/softeon/upshcvacuat/clustercreationdaemon1
hcvac_2ccd | /data/batchapp/softeon/upshcvacuat/clustercreationdaemon2
hcvac_dwa | /data/batchapp/softeon/upshcvacuat/downloaddaemon
hcvac_event | /data/batchapp/softeon/upshcvacuat/eventdaemon
hcvac_ftp | /data/batchapp/softeon/upshcvacuat/ftpdaemon
hcvac_harp | /data/batchapp/softeon/upshcvacuat/hardallocationdaemon
hcvac_rpt | /data/batchapp/softeon/upshcvacuat/reportdaemon
hcvac_jqgrid | /data/batchapp/softeon/upshcvacuat/reportjqgridexportdaemon
hcvac_tiad | /data/batchapp/softeon/upshcvacuat/taskinvallocationdaemon
hcvac_1wld | /data/batchapp/softeon/upshcvacuat/wavelaunchdaemon
hcvac_2wld | /data/batchapp/softeon/upshcvacuat/wavelaunchdaemon2
hcvac_wsq | /data/batchapp/softeon/upshcvacuat/wsqdaemon
hcvac_sdrpt | /data/batchapp/softeon/upshcvacuat/shippingdocsreportdaemon

==============================================================================
JBOSS/WILDFLY APPS (simple table)
==============================================================================
JBoss App Processes | 3
PID | AppName | JbossVersion | Java-Name | Port | URL | Status | Code | SSL-Status | App-Path
6825 | upshcvacrfuat | jboss730eap | upshcvacrf_jb73 | 8081 | 172.28.25.61:8081 | UP | 200 | Disabled | /data/app/jboss730eap/softeon/upshcvacrfuat/standalone
6175 | upshcvacuat | jboss730eap | upshcvac_jb73 | 8080 | 172.28.25.61:8080 | UP | 200 | Disabled | /data/app/jboss730eap/softeon/upshcvacuat/standalone
7824 | upshcvacwesuat | jboss730eap | upshcvacwes_jb7 | 8082 | 172.28.25.61:8082 | UP | 200 | Disabled | /data/app/jboss730eap/softeon/upshcvacwesuat/standalone

==============================================================================
HEALTH MONITOR CRONTAB STATUS
==============================================================================
Health Monitor Crontab | Disabled

==============================================================================
Server Availability Check Completed | 2026-07-21 05:26:53.692951
==============================================================================

2026-07-21 01:27:22,513 - 493021 - ERROR - app_validation.py errors for i-08a236b6682eed07d:

2026-07-21 01:27:22,515 - 493021 - INFO - [Retry-6] After log saved: /data/patching_report/validation-2026-07-21/UPSHC-VAC-UAT/172.28.25.61/172.28.25.61-AfterPatching-Retry6-2026-07-21-01-27-22-514.log
2026-07-21 01:27:22,746 - 493021 - INFO - Health monitor crontab enabled on all instances
2026-07-21 01:27:22,747 - 493021 - WARNING - [Retry] Timeout - auto cron enabled for i-08a236b6682eed07d
2026-07-21 01:29:07,226 - 493021 - INFO - Sent app_validation.py to i-047f23d1e9808d2c1 (command_id: 3c263806-1669-4ad3-8f76-b0c174ecb4e4)
2026-07-21 01:29:37,335 - 493021 - INFO - app_validation.py output for i-047f23d1e9808d2c1:

==============================================================================
Server Availability Check Started | 2026-07-21 05:29:07.497545
==============================================================================

==============================================================================
SYSTEM INFORMATION
==============================================================================
Server IP | 172.28.25.15
Hostname | ip-172-28-25-15
Current User | root
Working Directory | /usr/bin
Time Zone | UTC

==============================================================================
STORAGE CHECK | /data mounts
==============================================================================
Filesystem | Size | Used | Avail | Use% | Mounted on
/dev/mapper/vg01-lv02 | 239.9G | 73.1G | 166.8G | 30% | /data
fs-03400eb7.efs.us-east-1.amazonaws.com:/logarchivepurge | 0B | 123.1G | 0B | 0% | /data2/logarchivepurge
fs-03400eb7.efs.us-east-1.amazonaws.com:/shared/softeon/upshcvac | 0B | 123.1G | 0B | 0% | /data2/shared/softeon/upshcvac

==============================================================================
SYMLINK CHECK | root (/)
==============================================================================
Symlinks Total | 5
Symlinks Valid | 5
Symlinks Invalid | 0
Symlink | ResolvedTarget
/bin | /usr/bin
/data3 | /data/data3
/lib | /usr/lib
/lib64 | /usr/lib64
/sbin | /usr/sbin

==============================================================================
NFS CHECK
==============================================================================
NFS Package Installed | Yes
nfs-server.service Active | No
nfs-client.target Active | Yes
/etc/exports Present | Yes
EXPORTS_LINE | (empty)
NFS_MOUNT | Device | MountPoint | FSType
NFS_MOUNT | fs-03400eb7.efs.us-east-1.amazonaws.com:/logarchivepurge | /data2/logarchivepurge | nfs4
NFS_MOUNT | fs-03400eb7.efs.us-east-1.amazonaws.com:/shared/softeon/upshcvac | /data2/shared/softeon/upshcvac | nfs4

==============================================================================
CUPS CHECK
==============================================================================
CUPS Installed | Yes
CUPS Running | Yes
CUPS Version | cups-2.4.19-1.amzn2023.0.1.x86_64
CUPS IP URL (http://172.28.25.15:631) | 200
Cups server Http Status | 200
Cups printers Http Status | 200
Printers Configured | 146

==============================================================================
FTP CHECK
==============================================================================
FTP Installed | No
FTP Running (Port 21 localhost) | No
FTP Port 21 Reachable on 172.28.25.15 | No
FTP Processes | None

==============================================================================
JAVA CHECK
==============================================================================
Total Java Processes | 18
Batch/Daemon Java Processes | 15
Non-Standalone Java Processes | hcvac_lbl, hcvac_lmc, hcvac_mqc, hcvac_mqp, hcvac_2mqp, hcvac_3mqp, hcvac_lrcd, hcvac_repl, hcvac_rccl, hcvac_sch, hcvac_ialloc, hcvac_inbq, hcvac_1inbq, hcvac_2inbq, hcvac_ict

==============================================================================
BATCH/DAEMON JAVA DETAILS
==============================================================================
Batch/Daemon Java Processes | 15
Java-Name | Java-Path
hcvac_lbl | /data/batchapp/softeon/upshcvacuat/labeldaemon
hcvac_lmc | /data/batchapp/softeon/upshcvacuat/lucamqconsumerdaemon
hcvac_mqc | /data/batchapp/softeon/upshcvacuat/mqconsumerdaemon
hcvac_mqp | /data/batchapp/softeon/upshcvacuat/mqproducerdaemon
hcvac_2mqp | /data/batchapp/softeon/upshcvacuat/mqproducerdaemon02
hcvac_3mqp | /data/batchapp/softeon/upshcvacuat/mqproducerdaemon03
hcvac_lrcd | /data/batchapp/softeon/upshcvacuat/onepullrouteconversiondaemon
hcvac_repl | /data/batchapp/softeon/upshcvacuat/replenishmentdaemon
hcvac_rccl | /data/batchapp/softeon/upshcvacuat/replenishmentpickloccanceldaemon
hcvac_sch | /data/batchapp/softeon/upshcvacuat/schedulerdaemon
hcvac_ialloc | /data/batchapp/softeon/upshcvacuat/uploadallocationdaemon
hcvac_inbq | /data/batchapp/softeon/upshcvacuat/uploaddaemon
hcvac_1inbq | /data/batchapp/softeon/upshcvacuat/uploaddaemon1
hcvac_2inbq | /data/batchapp/softeon/upshcvacuat/uploaddaemon2
hcvac_ict | /data/batchapp/softeon/upshcvacuat/invcomputationbytask

==============================================================================
JBOSS/WILDFLY APPS (simple table)
==============================================================================
JBoss App Processes | 3
PID | AppName | JbossVersion | Java-Name | Port | URL | Status | Code | SSL-Status | App-Path
8856 | upshcvacrfuat | jboss730eap | upshcvacrf_jb73 | 8081 | 172.28.25.15:8081 | UP | 200 | Disabled | /data/app/jboss730eap/softeon/upshcvacrfuat/standalone
8304 | upshcvacuat | jboss730eap | upshcvac_jb73 | 8080 | 172.28.25.15:8080 | UP | 200 | Disabled | /data/app/jboss730eap/softeon/upshcvacuat/standalone
9311 | upshcvacwesuat | jboss730eap | upshcvacwes_jb7 | 8082 | 172.28.25.15:8082 | UP | 200 | Disabled | /data/app/jboss730eap/softeon/upshcvacwesuat/standalone

==============================================================================
HEALTH MONITOR CRONTAB STATUS
==============================================================================
Health Monitor Crontab | Not Found

==============================================================================
Server Availability Check Completed | 2026-07-21 05:29:08.486229
==============================================================================

2026-07-21 01:29:37,335 - 493021 - ERROR - app_validation.py errors for i-047f23d1e9808d2c1:

2026-07-21 01:29:37,336 - 493021 - INFO - [Retry-5] After log saved: /data/patching_report/validation-2026-07-21/UPSHC-VAC-UAT/172.28.25.15/172.28.25.15-AfterPatching-Retry5-2026-07-21-01-29-37-336.log
2026-07-21 01:29:37,393 - 493021 - INFO - [Retry-5] RED for UPSHC-VAC UAT Application Server and  Batch Server - 2 (172.28.25.15), retrying... (Total waited: 1500s)
2026-07-21 01:29:37,393 - 493021 - INFO - [Retry-6] Waiting 300s for i-047f23d1e9808d2c1...
2026-07-21 01:34:37,847 - 493021 - INFO - Sent app_validation.py to i-047f23d1e9808d2c1 (command_id: f7451ddc-3353-4e05-a513-a81aad98ea31)
2026-07-21 01:35:07,933 - 493021 - INFO - app_validation.py output for i-047f23d1e9808d2c1:

==============================================================================
Server Availability Check Started | 2026-07-21 05:34:38.303896
==============================================================================

==============================================================================
SYSTEM INFORMATION
==============================================================================
Server IP | 172.28.25.15
Hostname | ip-172-28-25-15
Current User | root
Working Directory | /usr/bin
Time Zone | UTC

==============================================================================
STORAGE CHECK | /data mounts
==============================================================================
Filesystem | Size | Used | Avail | Use% | Mounted on
/dev/mapper/vg01-lv02 | 239.9G | 73.1G | 166.8G | 30% | /data
fs-03400eb7.efs.us-east-1.amazonaws.com:/logarchivepurge | 0B | 123.1G | 0B | 0% | /data2/logarchivepurge
fs-03400eb7.efs.us-east-1.amazonaws.com:/shared/softeon/upshcvac | 0B | 123.1G | 0B | 0% | /data2/shared/softeon/upshcvac

==============================================================================
SYMLINK CHECK | root (/)
==============================================================================
Symlinks Total | 5
Symlinks Valid | 5
Symlinks Invalid | 0
Symlink | ResolvedTarget
/bin | /usr/bin
/data3 | /data/data3
/lib | /usr/lib
/lib64 | /usr/lib64
/sbin | /usr/sbin

==============================================================================
NFS CHECK
==============================================================================
NFS Package Installed | Yes
nfs-server.service Active | No
nfs-client.target Active | Yes
/etc/exports Present | Yes
EXPORTS_LINE | (empty)
NFS_MOUNT | Device | MountPoint | FSType
NFS_MOUNT | fs-03400eb7.efs.us-east-1.amazonaws.com:/logarchivepurge | /data2/logarchivepurge | nfs4
NFS_MOUNT | fs-03400eb7.efs.us-east-1.amazonaws.com:/shared/softeon/upshcvac | /data2/shared/softeon/upshcvac | nfs4

==============================================================================
CUPS CHECK
==============================================================================
CUPS Installed | Yes
CUPS Running | Yes
CUPS Version | cups-2.4.19-1.amzn2023.0.1.x86_64
CUPS IP URL (http://172.28.25.15:631) | 200
Cups server Http Status | 200
Cups printers Http Status | 200
Printers Configured | 146

==============================================================================
FTP CHECK
==============================================================================
FTP Installed | No
FTP Running (Port 21 localhost) | No
FTP Port 21 Reachable on 172.28.25.15 | No
FTP Processes | None

==============================================================================
JAVA CHECK
==============================================================================
Total Java Processes | 18
Batch/Daemon Java Processes | 15
Non-Standalone Java Processes | hcvac_lbl, hcvac_lmc, hcvac_mqc, hcvac_mqp, hcvac_2mqp, hcvac_3mqp, hcvac_lrcd, hcvac_repl, hcvac_rccl, hcvac_sch, hcvac_ialloc, hcvac_inbq, hcvac_1inbq, hcvac_2inbq, hcvac_ict

==============================================================================
BATCH/DAEMON JAVA DETAILS
==============================================================================
Batch/Daemon Java Processes | 15
Java-Name | Java-Path
hcvac_lbl | /data/batchapp/softeon/upshcvacuat/labeldaemon
hcvac_lmc | /data/batchapp/softeon/upshcvacuat/lucamqconsumerdaemon
hcvac_mqc | /data/batchapp/softeon/upshcvacuat/mqconsumerdaemon
hcvac_mqp | /data/batchapp/softeon/upshcvacuat/mqproducerdaemon
hcvac_2mqp | /data/batchapp/softeon/upshcvacuat/mqproducerdaemon02
hcvac_3mqp | /data/batchapp/softeon/upshcvacuat/mqproducerdaemon03
hcvac_lrcd | /data/batchapp/softeon/upshcvacuat/onepullrouteconversiondaemon
hcvac_repl | /data/batchapp/softeon/upshcvacuat/replenishmentdaemon
hcvac_rccl | /data/batchapp/softeon/upshcvacuat/replenishmentpickloccanceldaemon
hcvac_sch | /data/batchapp/softeon/upshcvacuat/schedulerdaemon
hcvac_ialloc | /data/batchapp/softeon/upshcvacuat/uploadallocationdaemon
hcvac_inbq | /data/batchapp/softeon/upshcvacuat/uploaddaemon
hcvac_1inbq | /data/batchapp/softeon/upshcvacuat/uploaddaemon1
hcvac_2inbq | /data/batchapp/softeon/upshcvacuat/uploaddaemon2
hcvac_ict | /data/batchapp/softeon/upshcvacuat/invcomputationbytask

==============================================================================
JBOSS/WILDFLY APPS (simple table)
==============================================================================
JBoss App Processes | 3
PID | AppName | JbossVersion | Java-Name | Port | URL | Status | Code | SSL-Status | App-Path
8856 | upshcvacrfuat | jboss730eap | upshcvacrf_jb73 | 8081 | 172.28.25.15:8081 | UP | 200 | Disabled | /data/app/jboss730eap/softeon/upshcvacrfuat/standalone
8304 | upshcvacuat | jboss730eap | upshcvac_jb73 | 8080 | 172.28.25.15:8080 | UP | 200 | Disabled | /data/app/jboss730eap/softeon/upshcvacuat/standalone
9311 | upshcvacwesuat | jboss730eap | upshcvacwes_jb7 | 8082 | 172.28.25.15:8082 | UP | 200 | Disabled | /data/app/jboss730eap/softeon/upshcvacwesuat/standalone

==============================================================================
HEALTH MONITOR CRONTAB STATUS
==============================================================================
Health Monitor Crontab | Not Found

==============================================================================
Server Availability Check Completed | 2026-07-21 05:34:39.412383
==============================================================================

2026-07-21 01:35:07,933 - 493021 - ERROR - app_validation.py errors for i-047f23d1e9808d2c1:

2026-07-21 01:35:07,935 - 493021 - INFO - [Retry-6] After log saved: /data/patching_report/validation-2026-07-21/UPSHC-VAC-UAT/172.28.25.15/172.28.25.15-AfterPatching-Retry6-2026-07-21-01-35-07-934.log
2026-07-21 01:35:07,993 - 493021 - WARNING - i-047f23d1e9808d2c1: Timeout - cron was not active, skipping enable
