2025-10-26 00:40:02,694 - 16891 - INFO - Logger setup has been removed, using shared logger from common.logs.logger.
2025-10-26 00:40:02,695 - 16891 - INFO - Script Start Time: 2025-10-26 00:40:02
2025-10-26 00:40:03,031 - 16891 - INFO - Instance(s) selected for Patching: {'i-010ed8ae1cb8aa072': '172.22.10.27', 'i-09aaf0497ac3fa400': '172.22.10.57'}
2025-10-26 00:40:03,136 - 16891 - INFO - Email sent successfully to ['adityak@softeon.com', 'a80af5b5.softeon.com@in.teams.ms', 'ITSupport@softeon.com']
2025-10-26 00:40:03,136 - 16891 - INFO - Now patching instances at: 2025-10-26 00:40:03
2025-10-26 00:40:03,250 - 16891 - INFO - Sending patch command to instance i-09aaf0497ac3fa400
2025-10-26 00:40:03,694 - 16891 - INFO - Command sent successfully to instance i-09aaf0497ac3fa400. Command ID: 027218fe-40e5-411a-a692-9ff01eaef1fd
2025-10-26 00:40:03,830 - 16891 - INFO - Sending patch command to instance i-010ed8ae1cb8aa072
2025-10-26 00:40:04,001 - 16891 - INFO - Command sent successfully to instance i-010ed8ae1cb8aa072. Command ID: 7eccb3ac-8add-49ed-8f21-e5da9529bbbe
2025-10-26 00:44:37,817 - 16891 - INFO - All patches applied successfully.
2025-10-26 00:44:37,817 - 16891 - INFO - Patching end time: 2025-10-26 00:44:37
2025-10-26 00:44:37,817 - 16891 - INFO - Patch Elapsed time: 0:04:34.681145
2025-10-26 00:44:37,886 - 16891 - INFO - Email sent successfully to ['adityak@softeon.com', 'a80af5b5.softeon.com@in.teams.ms', 'ITSupport@softeon.com']
2025-10-26 00:44:37,886 - 16891 - INFO - Confirmed - services are stopped
2025-10-26 00:44:42,931 - 16891 - INFO - Discovered TG map: {'i-010ed8ae1cb8aa072': ['arn:aws:elasticloadbalancing:eu-west-1:835314132208:targetgroup/UPS-EU-WES-Prod/7c13e1b8eebcf8db', 'arn:aws:elasticloadbalancing:eu-west-1:835314132208:targetgroup/UPS-V8-Prod-EU-API/aa72536627f23455', 'arn:aws:elasticloadbalancing:eu-west-1:835314132208:targetgroup/UPS-V8-Prod-EU-Desktop/7a825a6780c069a4', 'arn:aws:elasticloadbalancing:eu-west-1:835314132208:targetgroup/UPS-V8-Prod-EU-RF/c76e04f6378b7eeb'], 'i-09aaf0497ac3fa400': ['arn:aws:elasticloadbalancing:eu-west-1:835314132208:targetgroup/UPS-EU-WES-Prod/7c13e1b8eebcf8db', 'arn:aws:elasticloadbalancing:eu-west-1:835314132208:targetgroup/UPS-V8-Prod-EU-API/aa72536627f23455', 'arn:aws:elasticloadbalancing:eu-west-1:835314132208:targetgroup/UPS-V8-Prod-EU-Desktop/7a825a6780c069a4', 'arn:aws:elasticloadbalancing:eu-west-1:835314132208:targetgroup/UPS-V8-Prod-EU-RF/c76e04f6378b7eeb']}
2025-10-26 00:44:43,422 - 16891 - INFO - Sent app_validation.sh to i-09aaf0497ac3fa400 (command_id: 2f569df4-17ba-4ee3-8e1a-3e3d0b696430)
2025-10-26 00:45:13,863 - 16891 - INFO - app_validation.sh output for i-09aaf0497ac3fa400:

==============================================================================
Server Availability Check Started at Sun Oct 26 04:44:43 UTC 2025
==============================================================================

-------------------------------------
Server IP : 172.22.10.57
-------------------------------------
System Information
------------------
Hostname: ip-172-22-10-57.eu-west-1.compute.internal
Uptime: up 13 weeks, 6 days, 20 hours, 52 minutes
Current User: root
Working Directory: /usr/bin
-------------------------------------
Voice Console URL: http://172.22.10.57:9090/VoiceConsole
-------------------------------------

-------------------------------------
Server IP : 172.22.10.57
-------------------------------------
Physical Memory Information
---------------------------
Total Physical Memory = 31379 MB
Used Physical Memory  = 6630 MB
Free Physical Memory  = 24749 MB
-------------------------------------
Swap Memory Information
-----------------------
Total Swap Memory = 20479 MB
Used Swap Memory  = 2626 MB
Free Swap Memory  = 17853 MB
-------------------------------------
Load Average: 2.36 1.48 0.63 1/691 2199961
-------------------------------------

Disk Usage Information
----------------------
Filesystem                                 Size  Used Avail Use% Mounted on
/dev/nvme0n1p1                              20G  6.1G   14G  31% /
/dev/nvme0n1p128                            10M  1.3M  8.7M  13% /boot/efi
/dev/nvme1n1p2                             177G   65G  104G  39% /data
fs-0e7211c7.efs.eu-west-1.amazonaws.com:/  8.0E  3.1T  8.0E   1% /data2
devtmpfs                                   4.0M     0  4.0M   0% /dev
tmpfs                                       16G     0   16G   0% /dev/shm
tmpfs                                      6.2G  784K  6.2G   1% /run
tmpfs                                      3.1G     0  3.1G   0% /run/user/2001
tmpfs                                       16G   64K   16G   1% /tmp
-------------------------------------

Application Port Validation for Server IP: 172.22.10.57 started on Sun Oct 26 04:44:43 UTC 2025

Server IP: 172.22.10.57 is reachable.

SSH Service (Port 22) Status:
SSH Service (Port 22): NOT REACHABLE
-------------------------------------

FTP Service Validation for Server IP: 172.22.10.57

FTP Service (Port 21): NOT REACHABLE
No FTP processes detected
-------------------------------------

CUPS Service Validation for Server IP: 172.22.10.57

CUPS Service (Port 631): NOT REACHABLE

Printer Configuration:
Total Printers Configured: 660
Printer Details:
printer ALPH_LBL_001 is idle.  enabled since Tue Mar 19 11:22:33 2019
printer ALPH_LSR_001 is idle.  enabled since Wed Feb  5 13:57:26 2025
printer BVI_LBL_01 is idle.  enabled since Thu Nov 12 13:36:19 2020
printer BVINL_LBL_CHECK01 is idle.  enabled since Fri Oct 24 15:42:26 2025
	Data file sent successfully.
printer BVINL_LBL_REC01 is idle.  enabled since Fri Oct 17 16:20:53 2025
	Data file sent successfully.
printer BVINL_LBL_SHIP1 is idle.  enabled since Thu Oct 23 15:00:19 2025
	Data file sent successfully.
printer BVINL_LBL_SHIP2 is idle.  enabled since Tue Oct  7 15:38:20 2025
	Data file sent successfully.
printer BVINL_LSR_REC01 is idle.  enabled since Mon Nov 13 16:03:05 2023
printer BVINL_LSR_SHIP1 is idle.  enabled since Mon Nov 13 16:04:34 2023
printer BVINL_LSR_SHIP2 is idle.  enabled since Mon Nov 13 16:05:42 2023
printer CZTCH_EW_LBL_04 is idle.  enabled since Tue Oct  7 06:12:12 2025
printer CZTCH_EW_LBL_05 is idle.  enabled since Tue Oct  7 06:13:26 2025
printer CZTCH_FLCO_LBL_001 is idle.  enabled since Fri Aug 15 08:48:59 2025
printer CZTCH_FLCO_LBL_002 is idle.  enabled since Thu Aug 29 16:39:32 2024
printer CZTCH_FLCO_LSR_001 is idle.  enabled since Thu Aug 29 13:26:42 2024
printer CZTCH_FLCO_LSR_002 is idle.  enabled since Thu Aug  8 10:00:18 2024
printer CZTCH_HFCE is idle.  enabled since Fri Apr 19 12:26:10 2024
printer CZTCH_LBL_01 is idle.  enabled since Fri Nov 24 08:29:42 2023
printer CZTCH_LBL_EW is idle.  enabled since Fri Oct 17 12:55:19 2025
	Data file sent successfully.
printer CZTCH_LBL_EW3 is idle.  enabled since Fri Oct 17 07:10:18 2025
	Data file sent successfully.
printer CZTCH_LBL_XPJHF is idle.  enabled since Wed Aug 24 13:31:25 2022
printer CZTCH_LSR_01 is idle.  enabled since Wed Jun  1 07:11:59 2022
printer CZTCH_LSR_EW is idle.  enabled since Fri Nov 24 08:24:31 2023
printer CZTCH_LSR_EW2 is idle.  enabled since Fri Nov 24 08:20:58 2023
printer CZTCH_LSR_EW3 is idle.  enabled since Tue Apr 22 16:01:47 2025
printer CZTCHP2009 is idle.  enabled since Tue Aug 15 12:05:15 2023
printer CZTCHP2011_LBL is idle.  enabled since Fri Oct 17 13:09:09 2025
	Data file sent successfully.
printer DEBUT_DIV_LBL_01 is idle.  enabled since Sat Oct 25 05:18:10 2025
	Data file sent successfully.
printer DEBUT_DIV_LBL_02 is idle.  enabled since Sat Oct 25 08:53:28 2025
	Data file sent successfully.
printer DEBUT_DIV_LBL_03 is idle.  enabled since Mon May  5 08:14:29 2025
printer DEBUT_DIV_LBL_04 is idle.  enabled since Sat Oct 25 08:07:38 2025
	Data file sent successfully.
printer DEBUT_DIV_LBL_05 is idle.  enabled since Tue Jan 14 18:30:11 2025
printer DEBUT_DIV_LBL_06 is idle.  enabled since Mon Jan 20 10:15:39 2025
printer DEBUT_DIV_LBL_07 is idle.  enabled since Wed Aug  6 13:33:32 2025
printer DEBUT_DIV_LBL_08 is idle.  enabled since Wed Jan 29 22:48:06 2025
printer DEBUT_DIV_LBL_09 is idle.  enabled since Wed Mar 13 21:33:37 2024
printer DEBUT_DIV_LBL_10 is idle.  enabled since Fri Oct 24 22:27:35 2025
	Data file sent successfully.
printer DEBUT_DIV_LBL_11 is idle.  enabled since Fri Oct 24 12:29:14 2025
	Data file sent successfully.
printer DEBUT_DIV_LBL_12 is idle.  enabled since Tue Oct 21 15:37:42 2025
	Data file sent successfully.
printer DEBUT_DIV_LBL_13 is idle.  enabled since Fri Oct 24 16:58:02 2025
	Data file sent successfully.
printer DEBUT_DIV_LBL_14 is idle.  enabled since Thu Oct 23 14:42:13 2025
	Data file sent successfully.
printer DEBUT_DIV_LBL_15 is idle.  enabled since Fri Oct 24 15:46:18 2025
	Data file sent successfully.
printer DEBUT_DIV_LSR_01 is idle.  enabled since Tue Feb 20 16:16:35 2024
printer DEBUT_DIV_LSR_02 is idle.  enabled since Tue Feb 20 16:18:17 2024
printer DEBUT_DIV_LSR_03 is idle.  enabled since Tue Feb 20 16:18:45 2024
printer DEBUT_DIV_LSR_04 is idle.  enabled since Tue Feb 20 16:19:13 2024
printer DEBUT_DIV_LSR_10 is idle.  enabled since Wed Mar 13 17:32:58 2024
printer DEBUT_DIV_LSR_12 is idle.  enabled since Thu Apr 24 12:38:17 2025
printer DEBUT_DIV_LSR_15 is idle.  enabled since Mon May  5 07:17:20 2025
printer DEBUT_HOVAL_LBL_001 is idle.  enabled since Fri Oct 24 15:24:11 2025
	Data file sent successfully.
printer DEBUT_HOVAL_LSR_001 is idle.  enabled since Thu Jun  5 13:44:12 2025
printer DEBUT_LBL_01 is idle.  enabled since Fri Feb 28 19:39:46 2020
printer DEBUT_LBL_02 is idle.  enabled since Fri Oct 24 20:54:42 2025
	Data file sent successfully.
printer DEBUT_LBL_03 is idle.  enabled since Fri Oct 24 20:37:00 2025
	Data file sent successfully.
printer DEBUT_LBL_04 is idle.  enabled since Wed Oct  1 13:39:53 2025
	Data file sent successfully.
printer DEBUT_LBL_05 is idle.  enabled since Fri Oct 24 12:47:51 2025
	Waiting for printer to finish.
printer DEBUT_LBL_06 is idle.  enabled since Fri Oct 24 20:50:48 2025
	Data file sent successfully.
printer DEBUT_LBL_07 is idle.  enabled since Fri Oct 24 20:50:32 2025
	Data file sent successfully.
printer DEBUT_LBL_08 is idle.  enabled since Thu Oct 23 20:50:01 2025
	Data file sent successfully.
printer DEBUT_LBL_09 is idle.  enabled since Fri Oct 24 20:37:38 2025
	Data file sent successfully.
printer DEBUT_LBL_10 is idle.  enabled since Mon Sep 15 12:23:32 2025
printer DEBUT_LBL_11 is idle.  enabled since Thu Oct 23 20:55:10 2025
	Data file sent successfully.
printer DEBUT_LBL_12 is idle.  enabled since Fri Oct 17 20:47:37 2025
	Data file sent successfully.
printer DEBUT_LBL_13 is idle.  enabled since Wed Jan  4 10:19:06 2023
printer DEBUT_LBL_14 is idle.  enabled since Thu Jul 11 11:07:10 2019
printer DEBUT_LBL_15 is idle.  enabled since Thu Sep 25 11:31:47 2025
	Data file sent successfully.
printer DEBUT_LBL_16 is idle.  enabled since Thu Apr 10 12:20:14 2025
printer DEBUT_LBL_17 is idle.  enabled since Thu Jul 11 11:05:51 2019
printer DEBUT_LBL_18 is idle.  enabled since Thu Jul 11 11:05:25 2019
printer DEBUT_LBL_19 is idle.  enabled since Thu Jul 11 11:04:57 2019
printer DEBUT_LBL_20 is idle.  enabled since Thu Jul  3 06:47:37 2025
printer DEBUT_LBL_21 is idle.  enabled since Thu Jul 11 11:03:51 2019
printer DEBUT_LBL_22 is idle.  enabled since Thu Jul 11 11:02:44 2019
printer DEBUT_LBL_23 is idle.  enabled since Thu Jul 11 11:02:16 2019
printer DEBUT_LBL_24 is idle.  enabled since Thu Jul 11 11:01:48 2019
printer DEBUT_LBL_25 is idle.  enabled since Fri Jan 19 18:40:47 2024
printer DEBUT_LBL_26 is idle.  enabled since Tue Apr 23 13:37:03 2024
printer DEBUT_LBL_27 is idle.  enabled since Fri Oct 18 13:37:38 2024
printer DEBUT_LBL_28 is idle.  enabled since Tue Jul 19 07:03:28 2022
printer DEBUT_LBL_29 is idle.  enabled since Thu Sep  4 13:49:15 2025
printer DEBUT_LBL_30 is idle.  enabled since Thu Oct 23 20:53:04 2025
	Data file sent successfully.
printer DEBUT_LBL_31 is idle.  enabled since Wed Jun 11 12:10:55 2025
printer DEBUT_LBL_32 is idle.  enabled since Wed Oct  2 09:46:03 2024
printer DEBUT_LBL_33 is idle.  enabled since Wed Oct 22 18:23:10 2025
	The printer is not responding.
printer DEBUT_LBL_34 is idle.  enabled since Fri Oct 24 19:48:00 2025
	Data file sent successfully.
printer DEBUT_LBL_35 is idle.  enabled since Tue Sep  9 17:31:35 2025
printer DEBUT_LBL_36 is idle.  enabled since Sat Oct 18 12:14:44 2025
	Data file sent successfully.
printer DEBUT_LBL_37 is idle.  enabled since Sat Oct 25 10:26:39 2025
	Data file sent successfully.
printer DEBUT_LBL_38 is idle.  enabled since Fri Oct 24 20:46:11 2025
	Data file sent successfully.
printer DEBUT_LBL_39 is idle.  enabled since Thu Oct 23 23:19:41 2025
	Data file sent successfully.
printer DEBUT_LBL_40 is idle.  enabled since Thu Oct 23 16:23:17 2025
	Data file sent successfully.
printer DEBUT_LBL_41 is idle.  enabled since Fri Nov 24 18:14:54 2023
printer DEBUT_LBL_42 is idle.  enabled since Fri Oct 17 20:42:51 2025
	Data file sent successfully.
printer DEBUT_LBL_43 is idle.  enabled since Fri Oct 24 20:50:37 2025
	Data file sent successfully.
printer DEBUT_LBL_44 is idle.  enabled since Wed Oct 22 17:38:23 2025
	Data file sent successfully.
printer DEBUT_LBL_45 is idle.  enabled since Mon Sep  1 20:16:22 2025
printer DEBUT_LBL_46 is idle.  enabled since Tue Oct  7 10:07:37 2025
	Data file sent successfully.
printer DEBUT_LBL_47 is idle.  enabled since Mon Jun 14 12:41:56 2021
printer DEBUT_LBL_48 is idle.  enabled since Thu Mar 28 14:10:15 2024
printer DEBUT_LBL_50 is idle.  enabled since Tue Oct  4 07:49:13 2022
printer DEBUT_LBL_51 is idle.  enabled since Mon Sep 30 20:00:55 2024
printer DEBUT_LBL_52 is idle.  enabled since Mon Aug  4 07:48:08 2025
printer DEBUT_LBL_TEST is idle.  enabled since Thu Jan  2 13:17:26 2020
printer DEBUT_LBL_WELLHC is idle.  enabled since Mon Apr 14 12:59:48 2025
printer DEBUT_LSR_01 is idle.  enabled since Mon Jul 22 13:05:31 2019
printer DEBUT_LSR_02 is idle.  enabled since Thu Jul 11 11:20:07 2019
printer DEBUT_LSR_03 is idle.  enabled since Thu Jul 11 11:19:41 2019
printer DEBUT_LSR_04 is idle.  enabled since Thu Jul 11 11:19:19 2019
printer DEBUT_LSR_05 is idle.  enabled since Thu Jul 11 11:18:42 2019
printer DEBUT_LSR_06 is idle.  enabled since Thu Jul 11 11:18:20 2019
printer DEBUT_LSR_07 is idle.  enabled since Thu Jul 11 11:17:54 2019
printer DEBUT_LSR_08 is idle.  enabled since Thu Jul 11 11:17:23 2019
printer DEBUT_LSR_09 is idle.  enabled since Tue Mar  2 09:57:49 2021
printer DEBUT_LSR_11 is idle.  enabled since Wed Oct 16 09:40:13 2024
printer DEBUT_LSR_12 is idle.  enabled since Mon Sep  2 07:49:07 2024
printer DEBUT_LSR_13 is idle.  enabled since Thu Jul 11 11:14:38 2019
printer DEBUT_LSR_14 is idle.  enabled since Tue Dec 17 14:18:27 2019
printer DEBUT_LSR_16 is idle.  enabled since Fri May 28 14:23:11 2021
printer DEBUT_LSR_25 is idle.  enabled since Sun Feb  2 14:59:36 2020
printer DEBUT_LSR_26 is idle.  enabled since Sun Feb  2 15:00:28 2020
printer DEBUT_LSR_27 is idle.  enabled since Sun Feb  2 15:01:20 2020
printer DEBUT_LSR_28 is idle.  enabled since Sun Feb  2 15:02:14 2020
printer DEBUT_LSR_29 is idle.  enabled since Sun Feb  2 15:02:47 2020
printer DEBUT_LSR_30 is idle.  enabled since Thu Feb 22 14:57:14 2024
printer DEBUT_LSR_31 is idle.  enabled since Sun Feb  2 15:04:02 2020
printer DEBUT_LSR_32 is idle.  enabled since Thu May 14 10:26:56 2020
printer DEBUT_LSR_34 is idle.  enabled since Fri Nov 24 10:20:17 2023
printer DEBUT_LSR_35 is idle.  enabled since Wed Jan 27 14:05:37 2021
printer DEBUT_LSR_36 is idle.  enabled since Fri Nov 24 10:05:29 2023
printer DEBUT_LSR_37 is idle.  enabled since Wed Jan 27 14:07:05 2021
printer DEBUT_LSR_38 is idle.  enabled since Wed Jan 27 14:10:11 2021
printer DEBUT_LSR_39 is idle.  enabled since Thu Apr 29 12:26:33 2021
printer DEBUT_LSR_40 is idle.  enabled since Thu Apr 29 12:27:21 2021
printer DEBUT_LSR_42 is idle.  enabled since Thu Mar 24 14:41:27 2022
printer DEBUT_LSR_43 is idle.  enabled since Mon Aug 30 10:55:18 2021
printer DEBUT_LSR_45 is idle.  enabled since Thu Feb 22 14:59:20 2024
printer DEBUT_LSR_46 is idle.  enabled since Mon Jun 14 12:43:32 2021
printer DEBUT_LSR_47 is idle.  enabled since Mon Jun 14 12:44:37 2021
printer DEBUT_LSR_48 is idle.  enabled since Tue Jun 28 07:08:25 2022
printer DEBUT_LSR_49 is idle.  enabled since Tue Jun 28 07:09:21 2022
printer DEBUT_LSR_50 is idle.  enabled since Mon Apr 24 08:32:55 2023
printer DEBUT_LSR_WELLHC is idle.  enabled since Wed Feb  8 08:43:08 2023
printer DEBUT_NOVO_LBL01 is idle.  enabled since Tue May  6 13:02:48 2025
printer DEBUT_NOVO_LSR01 is idle.  enabled since Mon Nov 11 14:24:40 2024
printer DEBUT_RFID1_WELLHC is idle.  enabled since Wed Feb  8 08:24:08 2023
printer DEBUT_RFID2_WELLHC is idle.  enabled since Wed Feb  8 08:24:44 2023
printer DEBUT_RICOLA_LBL01 is idle.  enabled since Wed Dec 18 16:26:00 2024
printer DEBUT_STL_001 is idle.  enabled since Tue Nov  5 16:56:56 2019
printer DEBUT_STL_002 is idle.  enabled since Tue Nov  5 16:57:21 2019
printer DEBUT_STO_001 is idle.  enabled since Thu Oct 23 19:54:15 2025
	Waiting for printer to finish.
printer DEBUT_STO_002 is idle.  enabled since Mon Oct 20 12:28:10 2025
	Waiting for printer to finish.
printer DEKRE_CSM_LBL_001 is idle.  enabled since Mon Jan 13 11:49:31 2025
printer DEKRE_CSM_LBL_002 is idle.  enabled since Mon Feb 24 11:00:57 2025
printer DEKRE_CSM_LBL_003 is idle.  enabled since Tue Jan 21 13:44:32 2025
printer DEKRE_CSM_LBL_004 is idle.  enabled since Wed Jan  8 14:44:28 2025
printer DEKRE_CSM_LBL_005 is idle.  enabled since Wed Aug 13 13:45:36 2025
printer DEKRE_CSM_LBL_006 is idle.  enabled since Tue Oct 29 11:38:05 2024
printer DEKRE_LBL_KIT01 is idle.  enabled since Tue Apr  4 06:32:33 2023
printer DEKRE_LBL_KIT02 is idle.  enabled since Mon May 11 19:24:19 2020
printer DEKRE_LBL_KIT03 is idle.  enabled since Thu Feb 25 08:34:41 2021
printer DEKRE_LBL_LH is idle.  enabled since Mon Nov 21 13:50:30 2022
printer DEKRE_LBL_LH01 is idle.  enabled since Mon Nov 21 13:50:08 2022
printer DEKRE_LBL_OB011 is idle.  enabled since Tue Oct 29 11:37:26 2024
printer DEKRE_LBL_OB012 is idle.  enabled since Tue Oct 29 11:37:18 2024
printer DEKRE_LBL_OB021 is idle.  enabled since Tue Oct 29 11:37:09 2024
printer DEKRE_LBL_OB022 is idle.  enabled since Mon Oct 14 15:21:59 2024
printer DEKRE_LBL_OB031 is idle.  enabled since Tue Oct 29 11:36:41 2024
printer DEKRE_LBL_OB032 is idle.  enabled since Tue Oct 29 11:36:33 2024
printer DEKRE_LBL_OB034 is idle.  enabled since Tue Oct 29 11:36:16 2024
printer DEKRE_LBL_OB035 is idle.  enabled since Tue Oct 29 11:36:01 2024
printer DEKRE_LSR_LH is idle.  enabled since Mon May 11 19:28:51 2020
printer DEKRE_LSR_OB010 is idle.  enabled since Mon May 11 12:00:14 2020
printer DEKRE_LSR_OB020 is idle.  enabled since Mon May 11 12:01:28 2020
printer DEKRE_LSR_OB030 is idle.  enabled since Mon May 11 19:26:52 2020
printer DEKRE_LSR_OB033 is idle.  enabled since Thu Feb 25 08:32:50 2021
printer DEKRE_NOVO_LBL_001 is idle.  enabled since Tue Jan 28 15:40:23 2025
printer DEKRE_NOVO_LSR_001 is idle.  enabled since Thu Jul 25 11:07:42 2024
printer DESCA_LBL_01 is idle.  enabled since Fri Oct 24 09:26:45 2025
	Data file sent successfully.
printer DESCA_LSR_01 is idle.  enabled since Fri Nov 24 12:00:16 2023
printer DRUKARKA is idle.  enabled since Wed Oct 15 14:29:42 2025
	The printer is not responding.
printer EEROLABEL1 is idle.  enabled since Fri Oct 24 14:21:03 2025
	Data file sent successfully.
printer EEROLASER1 is idle.  enabled since Wed Oct 30 07:07:02 2024
printer ESRDM_LBL_01 is idle.  enabled since Fri Oct 18 08:30:54 2024
printer ESRDM_LBL_02 is idle.  enabled since Thu Aug  7 08:12:52 2025
printer ESRDM_LSR_01 is idle.  enabled since Mon May 27 09:43:32 2024
printer EURNLRNDP1001 is idle.  enabled since Mon May 16 14:53:11 2022
printer EURNLRNDP1002 is idle.  enabled since Mon May 16 15:09:36 2022
printer EURNLRNDP1003 is idle.  enabled since Mon May 16 15:10:12 2022
printer EURNLRNDP1004 is idle.  enabled since Mon May 16 15:10:47 2022
printer EURNLRNDP1005 is idle.  enabled since Mon May 16 15:11:46 2022
printer EURNLRNDP1006 is idle.  enabled since Mon May 16 15:12:34 2022
printer EURNLRNDP1007 is idle.  enabled since Mon May 16 15:13:46 2022
printer EURNLRNDP1008 is idle.  enabled since Mon May 16 15:15:15 2022
printer EURNLRNDP1009 is idle.  enabled since Mon May 16 15:16:15 2022
printer EURNLRNDP1010 is idle.  enabled since Mon May 16 15:16:50 2022
printer EURNLRNDP1011 is idle.  enabled since Mon May 16 15:17:40 2022
printer EURNLRNDP1012 is idle.  enabled since Mon May 16 15:18:17 2022
printer EURNLRNDP1021 is idle.  enabled since Thu May 30 09:41:13 2024
printer EURNLRNDP1023 is idle.  enabled since Mon Nov 20 14:25:48 2023
printer EURNLRNDP2001 is idle.  enabled since Mon Jan 27 13:44:00 2025
printer EURNLRNDP2002 is idle.  enabled since Sat Oct 25 10:07:14 2025
	Data file sent successfully.
printer EURNLRNDP2003 is idle.  enabled since Mon Oct  6 16:36:40 2025
	Data file sent successfully.
printer EURNLRNDP2004 is idle.  enabled since Fri Oct 24 14:45:25 2025
	Data file sent successfully.
printer EURNLRNDP2005 is idle.  enabled since Sat Oct 25 12:41:34 2025
	Data file sent successfully.
printer EURNLRNDP2006 is idle.  enabled since Wed Oct 15 18:03:57 2025
	Data file sent successfully.
printer EURNLRNDP2007 is idle.  enabled since Fri Oct 24 14:46:14 2025
	Data file sent successfully.
printer EURNLRNDP2008 is idle.  enabled since Thu Oct 23 14:25:27 2025
	Data file sent successfully.
printer EURNLRNDP2009 is idle.  enabled since Mon Oct  6 14:46:35 2025
	Data file sent successfully.
printer EURNLRNDP2010 is idle.  enabled since Thu Jun 26 10:01:07 2025
printer EURNLRNDP2011 is idle.  enabled since Thu Oct 23 14:32:04 2025
	Data file sent successfully.
printer EURNLRNDP2014 is idle.  enabled since Tue Sep 23 12:15:53 2025
	The printer is not responding.
printer EURNLRNDP2020 is idle.  enabled since Sat Oct 25 15:46:43 2025
	Data file sent successfully.
printer EURNLRNDP2021 is idle.  enabled since Sat Oct 25 12:43:44 2025
	Data file sent successfully.
printer EURNLRNDP2024 is idle.  enabled since Mon Dec  4 13:28:54 2023
printer EURNLRNDP4107 is idle.  enabled since Thu Oct 23 13:50:44 2025
	Data file sent successfully.
printer FRSQF_LBL_CTF is idle.  enabled since Thu Nov 28 14:19:47 2024
printer FRSQF_LBL_OB_CTF is idle.  enabled since Fri Nov 24 15:06:31 2023
printer FRSQF_LSR_CTF is idle.  enabled since Fri Nov 24 12:39:02 2023
printer FRSQF_LSR_IB_CTF is idle.  enabled since Thu Jan  4 13:20:28 2024
printer FRSWI_EMDFR_LBL_01 is idle.  enabled since Wed Oct 22 07:51:44 2025
	Data file sent successfully.
printer FRSWI_LBL_03 is idle.  enabled since Wed Oct 30 17:19:55 2024
printer GAAPR_SCOTT is idle.  enabled since Tue Jan 30 20:58:41 2024
printer GBCOV_04 is idle.  enabled since Thu Aug 15 08:26:42 2019
printer GBCOV_BVIUK_LBL_IB01 is idle.  enabled since Wed Jul  9 10:44:42 2025
printer GBCOV_BVIUK_LBL_IB02 is idle.  enabled since Thu Jun 26 16:36:56 2025
printer GBCOV_BVIUK_LBL_OB01 is idle.  enabled since Fri Oct 24 17:54:29 2025
	Data file sent successfully.
printer GBCOV_BVIUK_LBL_OB02 is idle.  enabled since Wed Oct 22 17:56:45 2025
	Data file sent successfully.
printer GBCOV_BVIUK_LSR_IB01 is idle.  enabled since Mon Jan 27 10:41:46 2025
printer GBCOV_BVIUK_LSR_IB02 is idle.  enabled since Tue Feb 11 14:38:24 2025
printer GBCOV_BVIUK_LSR_OB01 is idle.  enabled since Mon Jan 27 11:52:08 2025
printer GBCOV_BVIUK_LSR_OB02 is idle.  enabled since Mon Jan 27 11:53:11 2025
printer GBCOV_LBL_002 is idle.  enabled since Fri Oct 24 13:10:28 2025
	Data file sent successfully.
printer GBCOV_LBL_003 is idle.  enabled since Thu Oct  2 15:13:14 2025
	Waiting for printer to finish.
printer GBCOV_LBL_004 is idle.  enabled since Fri Oct  3 09:29:00 2025
	Data file sent successfully.
printer GBCOV_LBL_005 is idle.  enabled since Fri Sep 26 14:23:12 2025
	Data file sent successfully.
printer GBCOV_LBL_BDA is idle.  enabled since Tue Oct 22 09:32:45 2024
printer GBCOV_LBL_CSM01 is idle.  enabled since Tue Oct 21 08:10:39 2025
	Waiting for printer to finish.
printer GBCOV_LBL_CSM02 is idle.  enabled since Thu Oct 16 16:30:46 2025
	Waiting for printer to finish.
printer GBCOV_LSR_002 is idle.  enabled since Fri Nov 17 09:34:19 2023
printer GBCOV_LSR_003 is idle.  enabled since Wed Mar 27 14:06:17 2019
printer GBCOV_LSR_004 is idle.  enabled since Fri Nov 17 09:36:17 2023
printer GBCOV_LSR_005 is idle.  enabled since Tue Nov 26 09:41:14 2019
printer GBCOV_LSR_CSM01 is idle.  enabled since Mon Oct 21 12:50:16 2024
printer GBDRB_LBL_01 is idle.  enabled since Tue Jan 31 14:22:31 2023
printer GBDRN_LBL_001 is idle.  enabled since Fri Oct 24 16:23:13 2025
	Data file sent successfully.
printer GBDRN_LSR_001 is idle.  enabled since Thu Apr  8 16:11:29 2021
printer GBDRN_LSR_002 is idle.  enabled since Fri Nov 17 12:37:25 2023
printer GBDWS_LBL_IB01 is idle.  enabled since Thu Nov 11 09:39:01 2021
printer GBDWS_LBL_IB02 is idle.  enabled since Thu May  8 12:46:09 2025
printer GBDWS_LBL_IB03 is idle.  enabled since Fri Nov 17 13:03:33 2023
printer GBDWS_LBL_OB01 is idle.  enabled since Thu Nov 25 15:43:08 2021
printer GBDWS_LBL_OB02 is idle.  enabled since Fri Nov 17 13:15:33 2023
printer GBDWS_LBL_OB03 is idle.  enabled since Fri Nov 17 13:08:54 2023
printer GBDWS_LSR_IB01 is idle.  enabled since Thu Nov 11 09:38:05 2021
printer GBDWS_LSR_IB02 is idle.  enabled since Fri Nov 17 13:10:13 2023
printer GBDWS_LSR_OB01 is idle.  enabled since Thu Nov 11 09:39:55 2021
printer GBDWS_LSR_OB02 is idle.  enabled since Fri Nov 17 13:11:18 2023
printer HUBOR_LBL_01 is idle.  enabled since Mon Oct  6 10:20:46 2025
	Data file sent successfully.
printer HUBOR_LSR_01 is idle.  enabled since Fri Nov 17 07:07:23 2023
printer IESAT_ITG_LBL_01 is idle.  enabled since Tue Sep 16 06:53:57 2025
printer IESAT_ITG_LSR_01 is idle.  enabled since Fri Aug  1 15:13:34 2025
printer LB_NLRND_MWS2 is idle.  enabled since Thu Oct 23 14:05:57 2025
	Data file sent successfully.
printer LFC_MEZ_SHIPPING_RIGHTSIDE is idle.  enabled since Thu Sep 11 01:50:56 2025
printer NLHKN_CHF_LBL_FG is idle.  enabled since Fri Oct 17 11:39:42 2025
	Data file sent successfully.
printer NLHKN_CHF_LBL_SP is idle.  enabled since Wed Oct 22 10:29:08 2025
	Data file sent successfully.
printer NLHKN_CHF_LSR_FG is idle.  enabled since Wed Feb  5 10:27:25 2025
printer NLHKN_CHF_LSR_SP is idle.  enabled since Tue Jan 28 09:26:15 2025
printer NLHKN_MONOS_LBL001 is idle.  enabled since Fri Oct 24 09:49:33 2025
	Data f--output truncated--
2025-10-26 00:45:13,864 - 16891 - ERROR - app_validation.sh errors for i-09aaf0497ac3fa400:

2025-10-26 00:45:13,866 - 16891 - INFO - Before patching validation saved to: output/validation-2025-10-26/172.22.10.57-BeforePatching-2025-10-26-00-45-13-865.log
2025-10-26 00:45:13,866 - 16891 - INFO - Deregistering i-09aaf0497ac3fa400 from TG arn:aws:elasticloadbalancing:eu-west-1:835314132208:targetgroup/UPS-EU-WES-Prod/7c13e1b8eebcf8db
2025-10-26 00:45:14,197 - 16891 - INFO - Deregistering i-09aaf0497ac3fa400 from TG arn:aws:elasticloadbalancing:eu-west-1:835314132208:targetgroup/UPS-V8-Prod-EU-API/aa72536627f23455
2025-10-26 00:45:14,305 - 16891 - INFO - Deregistering i-09aaf0497ac3fa400 from TG arn:aws:elasticloadbalancing:eu-west-1:835314132208:targetgroup/UPS-V8-Prod-EU-Desktop/7a825a6780c069a4
2025-10-26 00:45:14,415 - 16891 - INFO - Deregistering i-09aaf0497ac3fa400 from TG arn:aws:elasticloadbalancing:eu-west-1:835314132208:targetgroup/UPS-V8-Prod-EU-RF/c76e04f6378b7eeb
2025-10-26 00:45:14,526 - 16891 - INFO - Stopping EC2 instance: i-09aaf0497ac3fa400 at 2025-10-26 00:45:14
2025-10-26 00:47:16,672 - 16891 - INFO - Instance i-09aaf0497ac3fa400 stopped successfully.
2025-10-26 00:47:16,897 - 16891 - INFO - Stopped i-09aaf0497ac3fa400 in 0:02:02.370890
2025-10-26 00:47:16,897 - 16891 - INFO - Starting EC2 instance: i-09aaf0497ac3fa400
2025-10-26 00:47:32,758 - 16891 - INFO - Instance i-09aaf0497ac3fa400 started successfully.
2025-10-26 00:47:32,758 - 16891 - INFO - Waiting 30 seconds for SSM agent to be ready on i-09aaf0497ac3fa400...
2025-10-26 00:48:02,760 - 16891 - INFO - Registering i-09aaf0497ac3fa400 to TG arn:aws:elasticloadbalancing:eu-west-1:835314132208:targetgroup/UPS-EU-WES-Prod/7c13e1b8eebcf8db
2025-10-26 00:48:03,187 - 16891 - INFO - Registering i-09aaf0497ac3fa400 to TG arn:aws:elasticloadbalancing:eu-west-1:835314132208:targetgroup/UPS-V8-Prod-EU-API/aa72536627f23455
2025-10-26 00:48:03,379 - 16891 - INFO - Registering i-09aaf0497ac3fa400 to TG arn:aws:elasticloadbalancing:eu-west-1:835314132208:targetgroup/UPS-V8-Prod-EU-Desktop/7a825a6780c069a4
2025-10-26 00:48:03,602 - 16891 - INFO - Registering i-09aaf0497ac3fa400 to TG arn:aws:elasticloadbalancing:eu-west-1:835314132208:targetgroup/UPS-V8-Prod-EU-RF/c76e04f6378b7eeb
2025-10-26 00:50:35,363 - 16891 - INFO - Sent app_validation.sh to i-09aaf0497ac3fa400 (command_id: 38441f52-230c-49b2-a069-c7b35a986f45)
2025-10-26 00:51:05,832 - 16891 - INFO - app_validation.sh output for i-09aaf0497ac3fa400:

==============================================================================
Server Availability Check Started at Sun Oct 26 04:50:35 UTC 2025
==============================================================================

-------------------------------------
Server IP : 172.22.10.57
-------------------------------------
System Information
------------------
Hostname: ip-172-22-10-57.eu-west-1.compute.internal
Uptime: up 3 minutes
Current User: root
Working Directory: /usr/bin
-------------------------------------
Voice Console URL: http://172.22.10.57:9090/VoiceConsole
-------------------------------------

-------------------------------------
Server IP : 172.22.10.57
-------------------------------------
Physical Memory Information
---------------------------
Total Physical Memory = 31379 MB
Used Physical Memory  = 20022 MB
Free Physical Memory  = 11357 MB
-------------------------------------
Swap Memory Information
-----------------------
Total Swap Memory = 20479 MB
Used Swap Memory  = 0 MB
Free Swap Memory  = 20479 MB
-------------------------------------
Load Average: 4.11 3.85 1.64 1/1039 7009
-------------------------------------

Disk Usage Information
----------------------
Filesystem                                 Size  Used Avail Use% Mounted on
/dev/nvme0n1p1                              20G  5.9G   15G  30% /
/dev/nvme0n1p128                            10M  1.3M  8.7M  13% /boot/efi
/dev/nvme1n1p2                             177G   66G  103G  40% /data
fs-0e7211c7.efs.eu-west-1.amazonaws.com:/  8.0E  3.1T  8.0E   1% /data2
devtmpfs                                   4.0M     0  4.0M   0% /dev
tmpfs                                       16G     0   16G   0% /dev/shm
tmpfs                                      6.2G  744K  6.2G   1% /run
tmpfs                                      3.1G     0  3.1G   0% /run/user/2001
tmpfs                                       16G  288K   16G   1% /tmp
-------------------------------------

Application Port Validation for Server IP: 172.22.10.57 started on Sun Oct 26 04:50:35 UTC 2025

Server IP: 172.22.10.57 is reachable.

SSH Service (Port 22) Status:
SSH Service (Port 22): NOT REACHABLE
-------------------------------------

FTP Service Validation for Server IP: 172.22.10.57

FTP Service (Port 21): NOT REACHABLE
No FTP processes detected
-------------------------------------

CUPS Service Validation for Server IP: 172.22.10.57

CUPS Service (Port 631): NOT REACHABLE

Printer Configuration:
Total Printers Configured: 513
Printer Details:
printer ALPH_LBL_001 is idle.  enabled since Tue Mar 19 11:22:33 2019
printer ALPH_LSR_001 is idle.  enabled since Wed Feb  5 13:57:26 2025
printer BVI_LBL_01 is idle.  enabled since Thu Nov 12 13:36:19 2020
printer BVINL_LBL_CHECK01 is idle.  enabled since Tue Oct 14 15:44:55 2025
printer BVINL_LBL_REC01 is idle.  enabled since Fri Oct 17 16:20:53 2025
printer BVINL_LBL_SHIP1 is idle.  enabled since Thu Oct 23 09:50:20 2025
printer BVINL_LBL_SHIP2 is idle.  enabled since Tue Oct  7 15:38:20 2025
printer BVINL_LSR_REC01 is idle.  enabled since Mon Nov 13 16:03:05 2023
printer BVINL_LSR_SHIP1 is idle.  enabled since Mon Nov 13 16:04:34 2023
printer BVINL_LSR_SHIP2 is idle.  enabled since Mon Nov 13 16:05:42 2023
printer CZTCH_EW_LBL_04 is idle.  enabled since Tue Oct  7 06:12:12 2025
printer CZTCH_EW_LBL_05 is idle.  enabled since Tue Oct  7 06:13:26 2025
printer CZTCH_FLCO_LBL_001 is idle.  enabled since Fri Aug 15 08:48:59 2025
printer CZTCH_FLCO_LBL_002 is idle.  enabled since Thu Aug 29 16:39:32 2024
printer CZTCH_FLCO_LSR_001 is idle.  enabled since Thu Aug 29 13:26:42 2024
printer CZTCH_FLCO_LSR_002 is idle.  enabled since Thu Aug  8 10:00:18 2024
printer CZTCH_HFCE is idle.  enabled since Fri Apr 19 12:26:10 2024
printer CZTCH_LBL_01 is idle.  enabled since Fri Nov 24 08:29:42 2023
printer CZTCH_LBL_EW is idle.  enabled since Fri Oct 17 12:55:19 2025
printer CZTCH_LBL_EW3 is idle.  enabled since Fri Oct 17 07:10:18 2025
printer CZTCH_LBL_XPJHF is idle.  enabled since Wed Aug 24 13:31:25 2022
printer CZTCH_LSR_01 is idle.  enabled since Wed Jun  1 07:11:59 2022
printer CZTCH_LSR_EW is idle.  enabled since Fri Nov 24 08:24:31 2023
printer CZTCH_LSR_EW2 is idle.  enabled since Fri Nov 24 08:20:58 2023
printer CZTCH_LSR_EW3 is idle.  enabled since Tue Apr 22 16:01:47 2025
printer CZTCHP2009 is idle.  enabled since Tue Aug 15 12:05:15 2023
printer CZTCHP2011_LBL is idle.  enabled since Fri Oct 17 13:09:09 2025
printer DEBUT_DIV_LBL_01 is idle.  enabled since Wed Oct 22 20:24:15 2025
printer DEBUT_DIV_LBL_02 is idle.  enabled since Tue Oct 14 20:47:52 2025
printer DEBUT_DIV_LBL_03 is idle.  enabled since Mon May  5 08:14:29 2025
printer DEBUT_DIV_LBL_04 is idle.  enabled since Thu Oct 23 09:32:30 2025
printer DEBUT_DIV_LBL_05 is idle.  enabled since Tue Jan 14 18:30:11 2025
printer DEBUT_DIV_LBL_06 is idle.  enabled since Mon Jan 20 10:15:39 2025
printer DEBUT_DIV_LBL_07 is idle.  enabled since Wed Aug  6 13:33:32 2025
printer DEBUT_DIV_LBL_08 is idle.  enabled since Wed Jan 29 22:48:06 2025
printer DEBUT_DIV_LBL_09 is idle.  enabled since Wed Mar 13 21:33:37 2024
printer DEBUT_DIV_LBL_10 is idle.  enabled since Thu Oct 23 09:39:30 2025
printer DEBUT_DIV_LBL_11 is idle.  enabled since Thu Oct 23 09:22:47 2025
printer DEBUT_DIV_LBL_12 is idle.  enabled since Tue Oct 21 15:37:42 2025
printer DEBUT_DIV_LBL_13 is idle.  enabled since Thu Oct 23 09:48:26 2025
printer DEBUT_DIV_LBL_14 is idle.  enabled since Thu Oct 23 09:45:58 2025
printer DEBUT_DIV_LBL_15 is idle.  enabled since Thu Oct 23 09:45:59 2025
printer DEBUT_DIV_LSR_01 is idle.  enabled since Tue Feb 20 16:16:35 2024
printer DEBUT_DIV_LSR_02 is idle.  enabled since Tue Feb 20 16:18:17 2024
printer DEBUT_DIV_LSR_03 is idle.  enabled since Tue Feb 20 16:18:45 2024
printer DEBUT_DIV_LSR_04 is idle.  enabled since Tue Feb 20 16:19:13 2024
printer DEBUT_DIV_LSR_10 is idle.  enabled since Wed Mar 13 17:32:58 2024
printer DEBUT_DIV_LSR_12 is idle.  enabled since Thu Apr 24 12:38:17 2025
printer DEBUT_DIV_LSR_15 is idle.  enabled since Mon May  5 07:17:20 2025
printer DEBUT_HOVAL_LBL_001 is idle.  enabled since Tue Oct 21 15:33:22 2025
printer DEBUT_HOVAL_LSR_001 is idle.  enabled since Thu Jun  5 13:44:12 2025
printer DEBUT_LBL_01 is idle.  enabled since Fri Feb 28 19:39:46 2020
printer DEBUT_LBL_02 is idle.  enabled since Wed Oct 22 15:46:38 2025
printer DEBUT_LBL_03 is idle.  enabled since Thu Oct 23 09:49:57 2025
printer DEBUT_LBL_04 is idle.  enabled since Wed Oct  1 13:39:53 2025
printer DEBUT_LBL_05 is idle.  enabled since Thu May 22 19:23:55 2025
printer DEBUT_LBL_06 is idle.  enabled since Thu Oct 23 08:49:28 2025
printer DEBUT_LBL_07 is idle.  enabled since Thu Oct 23 09:46:09 2025
printer DEBUT_LBL_08 is idle.  enabled since Wed Oct 22 20:49:36 2025
printer DEBUT_LBL_09 is idle.  enabled since Wed Oct 22 18:19:58 2025
printer DEBUT_LBL_10 is idle.  enabled since Mon Sep 15 12:23:32 2025
printer DEBUT_LBL_11 is idle.  enabled since Wed Oct 22 20:52:03 2025
printer DEBUT_LBL_12 is idle.  enabled since Fri Oct 17 20:47:37 2025
printer DEBUT_LBL_13 is idle.  enabled since Wed Jan  4 10:19:06 2023
printer DEBUT_LBL_14 is idle.  enabled since Thu Jul 11 11:07:10 2019
printer DEBUT_LBL_15 is idle.  enabled since Thu Sep 25 11:31:47 2025
printer DEBUT_LBL_16 is idle.  enabled since Thu Apr 10 12:20:14 2025
printer DEBUT_LBL_17 is idle.  enabled since Thu Jul 11 11:05:51 2019
printer DEBUT_LBL_18 is idle.  enabled since Thu Jul 11 11:05:25 2019
printer DEBUT_LBL_19 is idle.  enabled since Thu Jul 11 11:04:57 2019
printer DEBUT_LBL_20 is idle.  enabled since Thu Jul  3 06:47:37 2025
printer DEBUT_LBL_21 is idle.  enabled since Thu Jul 11 11:03:51 2019
printer DEBUT_LBL_22 is idle.  enabled since Thu Jul 11 11:02:44 2019
printer DEBUT_LBL_23 is idle.  enabled since Thu Jul 11 11:02:16 2019
printer DEBUT_LBL_24 is idle.  enabled since Thu Jul 11 11:01:48 2019
printer DEBUT_LBL_25 is idle.  enabled since Fri Jan 19 18:40:47 2024
printer DEBUT_LBL_26 is idle.  enabled since Tue Apr 23 13:37:03 2024
printer DEBUT_LBL_27 is idle.  enabled since Fri Oct 18 13:37:38 2024
printer DEBUT_LBL_28 is idle.  enabled since Tue Jul 19 07:03:28 2022
printer DEBUT_LBL_29 is idle.  enabled since Thu Sep  4 13:49:15 2025
printer DEBUT_LBL_30 is idle.  enabled since Wed Oct 22 15:56:51 2025
printer DEBUT_LBL_31 is idle.  enabled since Wed Jun 11 12:10:55 2025
printer DEBUT_LBL_32 is idle.  enabled since Wed Oct  2 09:46:03 2024
printer DEBUT_LBL_33 is idle.  enabled since Wed Oct 22 18:23:10 2025
printer DEBUT_LBL_34 is idle.  enabled since Wed Oct 22 20:44:58 2025
printer DEBUT_LBL_35 is idle.  enabled since Tue Sep  9 17:31:35 2025
printer DEBUT_LBL_36 is idle.  enabled since Sat Oct 18 12:14:44 2025
printer DEBUT_LBL_37 is idle.  enabled since Thu Oct 23 09:49:39 2025
printer DEBUT_LBL_38 is idle.  enabled since Thu Oct 23 09:47:41 2025
printer DEBUT_LBL_39 is idle.  enabled since Wed Oct 22 22:51:35 2025
printer DEBUT_LBL_40 is idle.  enabled since Thu Oct 23 09:49:50 2025
printer DEBUT_LBL_41 is idle.  enabled since Fri Nov 24 18:14:54 2023
printer DEBUT_LBL_42 is idle.  enabled since Fri Oct 17 20:42:51 2025
printer DEBUT_LBL_43 is idle.  enabled since Wed Oct 22 20:48:12 2025
printer DEBUT_LBL_44 is idle.  enabled since Wed Oct 22 17:38:23 2025
printer DEBUT_LBL_45 is idle.  enabled since Mon Sep  1 20:16:22 2025
printer DEBUT_LBL_46 is idle.  enabled since Tue Oct  7 10:07:37 2025
printer DEBUT_LBL_47 is idle.  enabled since Mon Jun 14 12:41:56 2021
printer DEBUT_LBL_48 is idle.  enabled since Thu Mar 28 14:10:15 2024
printer DEBUT_LBL_50 is idle.  enabled since Tue Oct  4 07:49:13 2022
printer DEBUT_LBL_51 is idle.  enabled since Mon Sep 30 20:00:55 2024
printer DEBUT_LBL_52 is idle.  enabled since Mon Aug  4 07:48:08 2025
printer DEBUT_LBL_TEST is idle.  enabled since Thu Jan  2 13:17:26 2020
printer DEBUT_LBL_WELLHC is idle.  enabled since Mon Apr 14 12:59:48 2025
printer DEBUT_LSR_01 is idle.  enabled since Mon Jul 22 13:05:31 2019
printer DEBUT_LSR_02 is idle.  enabled since Thu Jul 11 11:20:07 2019
printer DEBUT_LSR_03 is idle.  enabled since Thu Jul 11 11:19:41 2019
printer DEBUT_LSR_04 is idle.  enabled since Thu Jul 11 11:19:19 2019
printer DEBUT_LSR_05 is idle.  enabled since Thu Jul 11 11:18:42 2019
printer DEBUT_LSR_06 is idle.  enabled since Thu Jul 11 11:18:20 2019
printer DEBUT_LSR_07 is idle.  enabled since Thu Jul 11 11:17:54 2019
printer DEBUT_LSR_08 is idle.  enabled since Thu Jul 11 11:17:23 2019
printer DEBUT_LSR_09 is idle.  enabled since Tue Mar  2 09:57:49 2021
printer DEBUT_LSR_11 is idle.  enabled since Wed Oct 16 09:40:13 2024
printer DEBUT_LSR_12 is idle.  enabled since Mon Sep  2 07:49:07 2024
printer DEBUT_LSR_13 is idle.  enabled since Thu Jul 11 11:14:38 2019
printer DEBUT_LSR_14 is idle.  enabled since Tue Dec 17 14:18:27 2019
printer DEBUT_LSR_16 is idle.  enabled since Fri May 28 14:23:11 2021
printer DEBUT_LSR_25 is idle.  enabled since Sun Feb  2 14:59:36 2020
printer DEBUT_LSR_26 is idle.  enabled since Sun Feb  2 15:00:28 2020
printer DEBUT_LSR_27 is idle.  enabled since Sun Feb  2 15:01:20 2020
printer DEBUT_LSR_28 is idle.  enabled since Sun Feb  2 15:02:14 2020
printer DEBUT_LSR_29 is idle.  enabled since Sun Feb  2 15:02:47 2020
printer DEBUT_LSR_30 is idle.  enabled since Thu Feb 22 14:57:14 2024
printer DEBUT_LSR_31 is idle.  enabled since Sun Feb  2 15:04:02 2020
printer DEBUT_LSR_32 is idle.  enabled since Thu May 14 10:26:56 2020
printer DEBUT_LSR_34 is idle.  enabled since Fri Nov 24 10:20:17 2023
printer DEBUT_LSR_35 is idle.  enabled since Wed Jan 27 14:05:37 2021
printer DEBUT_LSR_36 is idle.  enabled since Fri Nov 24 10:05:29 2023
printer DEBUT_LSR_37 is idle.  enabled since Wed Jan 27 14:07:05 2021
printer DEBUT_LSR_38 is idle.  enabled since Wed Jan 27 14:10:11 2021
printer DEBUT_LSR_39 is idle.  enabled since Thu Apr 29 12:26:33 2021
printer DEBUT_LSR_40 is idle.  enabled since Thu Apr 29 12:27:21 2021
printer DEBUT_LSR_42 is idle.  enabled since Thu Mar 24 14:41:27 2022
printer DEBUT_LSR_43 is idle.  enabled since Mon Aug 30 10:55:18 2021
printer DEBUT_LSR_45 is idle.  enabled since Thu Feb 22 14:59:20 2024
printer DEBUT_LSR_46 is idle.  enabled since Mon Jun 14 12:43:32 2021
printer DEBUT_LSR_47 is idle.  enabled since Mon Jun 14 12:44:37 2021
printer DEBUT_LSR_48 is idle.  enabled since Tue Jun 28 07:08:25 2022
printer DEBUT_LSR_49 is idle.  enabled since Tue Jun 28 07:09:21 2022
printer DEBUT_LSR_50 is idle.  enabled since Mon Apr 24 08:32:55 2023
printer DEBUT_LSR_WELLHC is idle.  enabled since Wed Feb  8 08:43:08 2023
printer DEBUT_NOVO_LBL01 is idle.  enabled since Tue May  6 13:02:48 2025
printer DEBUT_NOVO_LSR01 is idle.  enabled since Mon Nov 11 14:24:40 2024
printer DEBUT_RFID1_WELLHC is idle.  enabled since Wed Feb  8 08:24:08 2023
printer DEBUT_RFID2_WELLHC is idle.  enabled since Wed Feb  8 08:24:44 2023
printer DEBUT_RICOLA_LBL01 is idle.  enabled since Wed Dec 18 16:26:00 2024
printer DEBUT_STL_001 is idle.  enabled since Tue Nov  5 16:56:56 2019
printer DEBUT_STL_002 is idle.  enabled since Tue Nov  5 16:57:21 2019
printer DEBUT_STO_001 is idle.  enabled since Wed Oct 22 13:39:25 2025
printer DEBUT_STO_002 is idle.  enabled since Mon Oct 20 12:28:10 2025
printer DEKRE_CSM_LBL_001 is idle.  enabled since Mon Jan 13 11:49:31 2025
printer DEKRE_CSM_LBL_002 is idle.  enabled since Mon Feb 24 11:00:57 2025
printer DEKRE_CSM_LBL_003 is idle.  enabled since Tue Jan 21 13:44:32 2025
printer DEKRE_CSM_LBL_004 is idle.  enabled since Wed Jan  8 14:44:28 2025
printer DEKRE_CSM_LBL_005 is idle.  enabled since Wed Aug 13 13:45:36 2025
printer DEKRE_CSM_LBL_006 is idle.  enabled since Tue Oct 29 11:38:05 2024
printer DEKRE_LBL_KIT01 is idle.  enabled since Tue Apr  4 06:32:33 2023
printer DEKRE_LBL_KIT02 is idle.  enabled since Mon May 11 19:24:19 2020
printer DEKRE_LBL_KIT03 is idle.  enabled since Thu Feb 25 08:34:41 2021
printer DEKRE_LBL_LH is idle.  enabled since Mon Nov 21 13:50:30 2022
printer DEKRE_LBL_LH01 is idle.  enabled since Mon Nov 21 13:50:08 2022
printer DEKRE_LBL_OB011 is idle.  enabled since Tue Oct 29 11:37:26 2024
printer DEKRE_LBL_OB012 is idle.  enabled since Tue Oct 29 11:37:18 2024
printer DEKRE_LBL_OB021 is idle.  enabled since Tue Oct 29 11:37:09 2024
printer DEKRE_LBL_OB022 is idle.  enabled since Mon Oct 14 15:21:59 2024
printer DEKRE_LBL_OB031 is idle.  enabled since Tue Oct 29 11:36:41 2024
printer DEKRE_LBL_OB032 is idle.  enabled since Tue Oct 29 11:36:33 2024
printer DEKRE_LBL_OB034 is idle.  enabled since Tue Oct 29 11:36:16 2024
printer DEKRE_LBL_OB035 is idle.  enabled since Tue Oct 29 11:36:01 2024
printer DEKRE_LSR_LH is idle.  enabled since Mon May 11 19:28:51 2020
printer DEKRE_LSR_OB010 is idle.  enabled since Mon May 11 12:00:14 2020
printer DEKRE_LSR_OB020 is idle.  enabled since Mon May 11 12:01:28 2020
printer DEKRE_LSR_OB030 is idle.  enabled since Mon May 11 19:26:52 2020
printer DEKRE_LSR_OB033 is idle.  enabled since Thu Feb 25 08:32:50 2021
printer DEKRE_NOVO_LBL_001 is idle.  enabled since Tue Jan 28 15:40:23 2025
printer DEKRE_NOVO_LSR_001 is idle.  enabled since Thu Jul 25 11:07:42 2024
printer DESCA_LBL_01 is idle.  enabled since Thu Oct 23 08:05:33 2025
printer DESCA_LSR_01 is idle.  enabled since Fri Nov 24 12:00:16 2023
printer DRUKARKA is idle.  enabled since Wed Oct 15 14:29:42 2025
printer EEROLABEL1 is idle.  enabled since Mon Oct 20 08:08:40 2025
printer EEROLASER1 is idle.  enabled since Wed Oct 30 07:07:02 2024
printer ESRDM_LBL_01 is idle.  enabled since Fri Oct 18 08:30:54 2024
printer ESRDM_LBL_02 is idle.  enabled since Thu Aug  7 08:12:52 2025
printer ESRDM_LSR_01 is idle.  enabled since Mon May 27 09:43:32 2024
printer EURNLRNDP1001 is idle.  enabled since Mon May 16 14:53:11 2022
printer EURNLRNDP1002 is idle.  enabled since Mon May 16 15:09:36 2022
printer EURNLRNDP1003 is idle.  enabled since Mon May 16 15:10:12 2022
printer EURNLRNDP1004 is idle.  enabled since Mon May 16 15:10:47 2022
printer EURNLRNDP1005 is idle.  enabled since Mon May 16 15:11:46 2022
printer EURNLRNDP1006 is idle.  enabled since Mon May 16 15:12:34 2022
printer EURNLRNDP1007 is idle.  enabled since Mon May 16 15:13:46 2022
printer EURNLRNDP1008 is idle.  enabled since Mon May 16 15:15:15 2022
printer EURNLRNDP1009 is idle.  enabled since Mon May 16 15:16:15 2022
printer EURNLRNDP1010 is idle.  enabled since Mon May 16 15:16:50 2022
printer EURNLRNDP1011 is idle.  enabled since Mon May 16 15:17:40 2022
printer EURNLRNDP1012 is idle.  enabled since Mon May 16 15:18:17 2022
printer EURNLRNDP1021 is idle.  enabled since Thu May 30 09:41:13 2024
printer EURNLRNDP1023 is idle.  enabled since Mon Nov 20 14:25:48 2023
printer EURNLRNDP2001 is idle.  enabled since Mon Jan 27 13:44:00 2025
printer EURNLRNDP2002 is idle.  enabled since Thu Oct 23 09:16:26 2025
printer EURNLRNDP2003 is idle.  enabled since Mon Oct  6 16:36:40 2025
printer EURNLRNDP2004 is idle.  enabled since Wed Oct 22 14:34:31 2025
printer EURNLRNDP2005 is idle.  enabled since Mon Oct 20 07:41:22 2025
printer EURNLRNDP2006 is idle.  enabled since Wed Oct 15 18:03:57 2025
printer EURNLRNDP2007 is idle.  enabled since Wed Oct 22 15:58:32 2025
printer EURNLRNDP2008 is idle.  enabled since Thu Oct 23 07:16:09 2025
printer EURNLRNDP2009 is idle.  enabled since Mon Oct  6 14:46:35 2025
printer EURNLRNDP2010 is idle.  enabled since Thu Jun 26 10:01:07 2025
printer EURNLRNDP2011 is idle.  enabled since Thu Oct 23 09:48:03 2025
printer EURNLRNDP2014 is idle.  enabled since Tue Sep 23 12:15:53 2025
printer EURNLRNDP2020 is idle.  enabled since Thu Oct 23 09:16:58 2025
printer EURNLRNDP2021 is idle.  enabled since Thu Oct 23 09:16:47 2025
printer EURNLRNDP2024 is idle.  enabled since Mon Dec  4 13:28:54 2023
printer EURNLRNDP4107 is idle.  enabled since Thu Oct 23 09:35:02 2025
printer FRSQF_LBL_CTF is idle.  enabled since Thu Nov 28 14:19:47 2024
printer FRSQF_LBL_OB_CTF is idle.  enabled since Fri Nov 24 15:06:31 2023
printer FRSQF_LSR_CTF is idle.  enabled since Fri Nov 24 12:39:02 2023
printer FRSQF_LSR_IB_CTF is idle.  enabled since Thu Jan  4 13:20:28 2024
printer FRSWI_EMDFR_LBL_01 is idle.  enabled since Wed Oct 22 07:51:44 2025
printer FRSWI_LBL_03 is idle.  enabled since Wed Oct 30 17:19:55 2024
printer GAAPR_SCOTT is idle.  enabled since Tue Jan 30 20:58:41 2024
printer GBCOV_04 is idle.  enabled since Thu Aug 15 08:26:42 2019
printer GBCOV_BVIUK_LBL_IB01 is idle.  enabled since Wed Jul  9 10:44:42 2025
printer GBCOV_BVIUK_LBL_IB02 is idle.  enabled since Thu Jun 26 16:36:56 2025
printer GBCOV_BVIUK_LBL_OB01 is idle.  enabled since Thu Oct 23 09:04:00 2025
printer GBCOV_BVIUK_LBL_OB02 is idle.  enabled since Wed Oct 22 17:56:45 2025
printer GBCOV_BVIUK_LSR_IB01 is idle.  enabled since Mon Jan 27 10:41:46 2025
printer GBCOV_BVIUK_LSR_IB02 is idle.  enabled since Tue Feb 11 14:38:24 2025
printer GBCOV_BVIUK_LSR_OB01 is idle.  enabled since Mon Jan 27 11:52:08 2025
printer GBCOV_BVIUK_LSR_OB02 is idle.  enabled since Mon Jan 27 11:53:11 2025
printer GBCOV_LBL_002 is idle.  enabled since Wed Oct 22 15:13:02 2025
printer GBCOV_LBL_003 is idle.  enabled since Thu Oct  2 15:13:14 2025
printer GBCOV_LBL_004 is idle.  enabled since Fri Oct  3 09:29:00 2025
printer GBCOV_LBL_005 is idle.  enabled since Fri Sep 26 14:23:12 2025
printer GBCOV_LBL_BDA is idle.  enabled since Tue Oct 22 09:32:45 2024
printer GBCOV_LBL_CSM01 is idle.  enabled since Tue Oct 21 08:10:39 2025
printer GBCOV_LBL_CSM02 is idle.  enabled since Thu Oct 16 16:30:46 2025
printer GBCOV_LSR_002 is idle.  enabled since Fri Nov 17 09:34:19 2023
printer GBCOV_LSR_003 is idle.  enabled since Wed Mar 27 14:06:17 2019
printer GBCOV_LSR_004 is idle.  enabled since Fri Nov 17 09:36:17 2023
printer GBCOV_LSR_005 is idle.  enabled since Tue Nov 26 09:41:14 2019
printer GBCOV_LSR_CSM01 is idle.  enabled since Mon Oct 21 12:50:16 2024
printer GBDRB_LBL_01 is idle.  enabled since Tue Jan 31 14:22:31 2023
printer GBDRN_LBL_001 is idle.  enabled since Tue Oct 21 10:32:43 2025
printer GBDRN_LSR_001 is idle.  enabled since Thu Apr  8 16:11:29 2021
printer GBDRN_LSR_002 is idle.  enabled since Fri Nov 17 12:37:25 2023
printer GBDWS_LBL_IB01 is idle.  enabled since Thu Nov 11 09:39:01 2021
printer GBDWS_LBL_IB02 is idle.  enabled since Thu May  8 12:46:09 2025
printer GBDWS_LBL_IB03 is idle.  enabled since Fri Nov 17 13:03:33 2023
printer GBDWS_LBL_OB01 is idle.  enabled since Thu Nov 25 15:43:08 2021
printer GBDWS_LBL_OB02 is idle.  enabled since Fri Nov 17 13:15:33 2023
printer GBDWS_LBL_OB03 is idle.  enabled since Fri Nov 17 13:08:54 2023
printer GBDWS_LSR_IB01 is idle.  enabled since Thu Nov 11 09:38:05 2021
printer GBDWS_LSR_IB02 is idle.  enabled since Fri Nov 17 13:10:13 2023
printer GBDWS_LSR_OB01 is idle.  enabled since Thu Nov 11 09:39:55 2021
printer GBDWS_LSR_OB02 is idle.  enabled since Fri Nov 17 13:11:18 2023
printer HUBOR_LBL_01 is idle.  enabled since Mon Oct  6 10:20:46 2025
printer HUBOR_LSR_01 is idle.  enabled since Fri Nov 17 07:07:23 2023
printer IESAT_ITG_LBL_01 is idle.  enabled since Tue Sep 16 06:53:57 2025
printer IESAT_ITG_LSR_01 is idle.  enabled since Fri Aug  1 15:13:34 2025
printer LB_NLRND_MWS2 is idle.  enabled since Tue Oct 21 13:58:26 2025
printer LFC_MEZ_SHIPPING_RIGHTSIDE is idle.  enabled since Thu Sep 11 01:50:56 2025
printer NLHKN_CHF_LBL_FG is idle.  enabled since Fri Oct 17 11:39:42 2025
printer NLHKN_CHF_LBL_SP is idle.  enabled since Wed Oct 22 10:29:08 2025
printer NLHKN_CHF_LSR_FG is idle.  enabled since Wed Feb  5 10:27:25 2025
printer NLHKN_CHF_LSR_SP is idle.  enabled since Tue Jan 28 09:26:15 2025
printer NLHKN_MONOS_LBL001 is idle.  enabled since Fri Oct 17 05:43:07 2025
printer NLHKN_MONOS_LSR001 is idle.  enabled since Wed Jul  2 05:55:03 2025
printer NLHKN_MONOS_MWS_LBL1 is idle.  enabled since Fri Jul 25 10:23:46 2025
printer NLHKN_MONOS_MWS_LSR1 is idle.  enabled since Fri Jul 25 10:22:36 2025
printer NLRMD_IB_MS_LBL_02 is idle.  enabled since Mon May  3 15:53:46 2021
printer NLRMD_IB_MS_LSR_02 is idle.  enabled since Mon Jan 27 15:45:12 2020
printer NLRMD_LBL_001 is idle.  enabled since Fri Jan 24 08:50:38 2020
printer NLRMD_LBL_FUR is idle.  enabled since Wed May 22 13:34:43 2019
printer NLRMD_LBL_FUR2 is idle.  enabled since Mon Apr 12 15:44:24 2021
printer NLRMD_LSR_001 is idle.  enabled since Thu May  9 15:04:01 2019
printer NLRMD_LSR_FUR is idle.  enabled since Wed May 22 13:38:15 2019
printer NLRMD_OB_OP_LBL_01 is idle.  enabled since Mon Jul 18 13:48:30 2022
printer NLRMD_OB_OP_LSR_01 is idle.  enabled since Wed Jan 29 14:24:27 2020
printer NLRMD_OB_PLR_LSR_01 is idle.  enabled since Wed Nov 11 18:49:52 2020
printer NLRND_AB_LBL_01 is idle.  enabled since Tue Oct 21 04:08:42 2025
printer NLRND_AB_LBL_02 is idle.  enabled since Thu Oct 23 09:50:20 2025
printer NLRND_AB_LBL_03 is idle.  enabled since Thu Oct 23 09:50:16 2025
printer NLRND_AB_LBL_04 is idle.  enabled since Wed Oct 22 21:05:44 2025
printer NLRND_AB_LBL_05 is idle.  enabled since Thu Oct 23 09:48:09 2025
printer NLRND_AB_LBL_06 is idle.  enabled since Wed Oct 22 14:57:50 2025
printer NLRND_AB_LBL_07 is idle.  enabled since Mon May 12 12:44:42 2025
printer NLRND_AB_LBL_08 is idle.  enabled since Mon May 12 12:45:34 2025
printer NLRND_AB_LBL_09 is idle.  enabled since Mon May 12 12:45:54 2025
printer NLRND_BV_LBL_01 is idle.  enabled since Tue Oct 21 13:50:42 2025
printer NLRND_BV_LBL_WE is idle.  enabled since Mon Jul 31 09:38:49 2023
printer NLRND_BV_LSR_01 is idle.  enabled since Mon Jul 31 09:39:31 2023
printer NLRND_VS_LSR_01 is idle.  enabled since Tue Jun 10 12:47:16 2025
printer NLRNDBVS_LBL_01 is idle.  enabled since Wed Oct 22 13:52:39 2025
printer NLRNDBVS_LSR_01 is idle.  enabled since Fri Feb 16 16:44:29 2024
printer NLRNDBVS_LSR_05 is idle.  enabled since Fri Jul 25 11:13:40 2025
printer NLRNDBVS_LSR_06 is idle.  enabled since Fri Jul 25 11:14:30 2025
printer --output truncated--
2025-10-26 00:51:05,832 - 16891 - ERROR - app_validation.sh errors for i-09aaf0497ac3fa400:

2025-10-26 00:51:05,834 - 16891 - INFO - After patching validation saved to: output/validation-2025-10-26/172.22.10.57-AfterPatching-2025-10-26-00-51-05-833.log
2025-10-26 00:51:05,869 - 16891 - INFO - Validation comparison report generated: output/validation-2025-10-26/172.22.10.57-Validation-details-2025-10-26-00-51-05-833.log
2025-10-26 00:51:05,938 - 16891 - INFO - Email sent successfully to ['adityak@softeon.com', 'ITSupport@softeon.com']
2025-10-26 00:51:05,938 - 16891 - INFO - HTML validation report email sent for i-09aaf0497ac3fa400
2025-10-26 00:51:06,183 - 16891 - INFO - Started i-09aaf0497ac3fa400 in 0:03:49.285671
2025-10-26 00:51:06,184 - 16891 - INFO - Waiting 120 seconds before proceeding to the next instance...
2025-10-26 00:53:06,622 - 16891 - INFO - Sent app_validation.sh to i-010ed8ae1cb8aa072 (command_id: bef81354-8163-4730-b731-ceaea8f7d872)
2025-10-26 00:53:37,042 - 16891 - INFO - app_validation.sh output for i-010ed8ae1cb8aa072:

==============================================================================
Server Availability Check Started at Sun Oct 26 04:53:06 UTC 2025
==============================================================================

-------------------------------------
Server IP : 172.22.10.27
-------------------------------------
System Information
------------------
Hostname: ip-172-22-10-27.eu-west-1.compute.internal
Uptime: up 13 weeks, 6 days, 21 hours, 4 minutes
Current User: root
Working Directory: /usr/bin
-------------------------------------
Voice Console URL: http://172.22.10.27:9090/VoiceConsole
-------------------------------------

-------------------------------------
Server IP : 172.22.10.27
-------------------------------------
Physical Memory Information
---------------------------
Total Physical Memory = 31379 MB
Used Physical Memory  = 3640 MB
Free Physical Memory  = 27739 MB
-------------------------------------
Swap Memory Information
-----------------------
Total Swap Memory = 20479 MB
Used Swap Memory  = 1139 MB
Free Swap Memory  = 19340 MB
-------------------------------------
Load Average: 0.00 1.03 1.04 1/521 476682
-------------------------------------

Disk Usage Information
----------------------
Filesystem                                 Size  Used Avail Use% Mounted on
/dev/nvme0n1p1                              20G  9.1G   11G  46% /
/dev/nvme0n1p128                            10M  1.3M  8.7M  13% /boot/efi
/dev/nvme1n1p2                             177G   78G   91G  47% /data
fs-0e7211c7.efs.eu-west-1.amazonaws.com:/  8.0E  3.1T  8.0E   1% /data2
devtmpfs                                   4.0M     0  4.0M   0% /dev
tmpfs                                       16G     0   16G   0% /dev/shm
tmpfs                                      6.2G  788K  6.2G   1% /run
tmpfs                                      3.1G     0  3.1G   0% /run/user/1000
tmpfs                                      3.1G     0  3.1G   0% /run/user/2001
tmpfs                                       16G   32K   16G   1% /tmp
-------------------------------------

Application Port Validation for Server IP: 172.22.10.27 started on Sun Oct 26 04:53:06 UTC 2025

Server IP: 172.22.10.27 is reachable.

SSH Service (Port 22) Status:
SSH Service (Port 22): NOT REACHABLE
-------------------------------------

FTP Service Validation for Server IP: 172.22.10.27

FTP Service (Port 21): NOT REACHABLE
No FTP processes detected
-------------------------------------

CUPS Service Validation for Server IP: 172.22.10.27

CUPS Service (Port 631): NOT REACHABLE

Printer Configuration:
Total Printers Configured: 656
Printer Details:
printer ALPH_LBL_001 is idle.  enabled since Tue Mar 19 10:48:26 2019
printer ALPH_LSR_001 is idle.  enabled since Wed Feb  5 13:57:28 2025
printer BVI_LBL_01 is idle.  enabled since Thu Nov 12 13:36:21 2020
printer BVINL_LBL_CHECK01 is idle.  enabled since Wed Oct 22 15:43:58 2025
	Data file sent successfully.
printer BVINL_LBL_REC01 is idle.  enabled since Fri Oct 24 14:03:27 2025
	Data file sent successfully.
printer BVINL_LBL_SHIP1 is idle.  enabled since Fri Oct 24 15:43:53 2025
	Data file sent successfully.
printer BVINL_LBL_SHIP2 is idle.  enabled since Fri Oct 24 15:44:44 2025
	Data file sent successfully.
printer BVINL_LSR_REC01 is idle.  enabled since Mon Nov 13 16:03:08 2023
printer BVINL_LSR_SHIP1 is idle.  enabled since Mon Nov 13 16:04:36 2023
printer BVINL_LSR_SHIP2 is idle.  enabled since Mon Nov 13 16:05:44 2023
printer CZTCH_EW_LBL_04 is idle.  enabled since Tue Oct  7 06:12:14 2025
printer CZTCH_EW_LBL_05 is idle.  enabled since Tue Oct  7 06:13:29 2025
printer CZTCH_FLCO_LBL_001 is idle.  enabled since Tue Aug 19 06:03:08 2025
printer CZTCH_FLCO_LBL_002 is idle.  enabled since Thu Aug 29 16:37:51 2024
printer CZTCH_FLCO_LSR_001 is idle.  enabled since Thu Aug 29 12:45:40 2024
printer CZTCH_FLCO_LSR_002 is idle.  enabled since Thu Aug  8 10:00:20 2024
printer CZTCH_HFCE is idle.  enabled since Fri Apr 19 12:26:12 2024
printer CZTCH_LBL_01 is idle.  enabled since Fri Nov 24 08:29:44 2023
printer CZTCH_LBL_EW is idle.  enabled since Fri Oct 24 12:12:32 2025
	Data file sent successfully.
printer CZTCH_LBL_EW3 is idle.  enabled since Tue Sep 16 13:43:52 2025
printer CZTCH_LBL_XPJHF is idle.  enabled since Wed Aug 31 14:36:01 2022
printer CZTCH_LSR_01 is idle.  enabled since Wed Jun  1 07:12:02 2022
printer CZTCH_LSR_EW is idle.  enabled since Fri Nov 24 08:24:33 2023
printer CZTCH_LSR_EW2 is idle.  enabled since Tue Jul  8 06:44:16 2025
printer CZTCH_LSR_EW3 is idle.  enabled since Tue Apr 22 16:01:50 2025
printer CZTCHP2009 is idle.  enabled since Tue Aug 15 12:05:18 2023
printer CZTCHP2011_LBL is idle.  enabled since Fri Oct 24 08:31:30 2025
	Data file sent successfully.
printer DEBUT_DIV_LBL_01 is idle.  enabled since Sat Oct 25 08:12:01 2025
	Data file sent successfully.
printer DEBUT_DIV_LBL_02 is idle.  enabled since Fri Oct 24 15:51:45 2025
	Data file sent successfully.
printer DEBUT_DIV_LBL_03 is idle.  enabled since Wed Oct  8 19:22:20 2025
	Data file sent successfully.
printer DEBUT_DIV_LBL_04 is idle.  enabled since Sat Oct 25 06:34:25 2025
	Data file sent successfully.
printer DEBUT_DIV_LBL_05 is idle.  enabled since Tue Oct 21 15:27:03 2025
	Data file sent successfully.
printer DEBUT_DIV_LBL_06 is idle.  enabled since Tue Jan  7 14:32:05 2025
printer DEBUT_DIV_LBL_07 is idle.  enabled since Thu Aug  7 19:35:24 2025
printer DEBUT_DIV_LBL_08 is idle.  enabled since Tue Jul  8 00:22:12 2025
printer DEBUT_DIV_LBL_09 is idle.  enabled since Wed May 22 12:08:06 2024
printer DEBUT_DIV_LBL_10 is idle.  enabled since Fri Oct 10 17:01:11 2025
	Data file sent successfully.
printer DEBUT_DIV_LBL_11 is idle.  enabled since Wed Oct 22 13:16:08 2025
	Data file sent successfully.
printer DEBUT_DIV_LBL_12 is idle.  enabled since Fri Oct 24 13:18:49 2025
	Data file sent successfully.
printer DEBUT_DIV_LBL_13 is idle.  enabled since Fri Oct 17 20:44:44 2025
	Data file sent successfully.
printer DEBUT_DIV_LBL_14 is idle.  enabled since Fri Oct 24 14:30:26 2025
	Data file sent successfully.
printer DEBUT_DIV_LBL_15 is idle.  enabled since Wed Oct 15 11:54:34 2025
	Data file sent successfully.
printer DEBUT_DIV_LBL_16 is idle.  enabled since Mon Dec  9 10:21:21 2024
printer DEBUT_DIV_LSR_01 is idle.  enabled since Tue Feb 20 16:16:37 2024
printer DEBUT_DIV_LSR_02 is idle.  enabled since Tue Feb 20 16:18:20 2024
printer DEBUT_DIV_LSR_03 is idle.  enabled since Tue Feb 20 16:18:48 2024
printer DEBUT_DIV_LSR_04 is idle.  enabled since Tue Feb 20 16:19:15 2024
printer DEBUT_DIV_LSR_10 is idle.  enabled since Wed Mar 13 17:33:00 2024
printer DEBUT_DIV_LSR_11 is idle.  enabled since Fri Sep 13 14:59:34 2024
printer DEBUT_DIV_LSR_12 is idle.  enabled since Fri Sep 13 15:00:47 2024
printer DEBUT_DIV_LSR_13 is idle.  enabled since Fri Oct  4 07:07:06 2024
printer DEBUT_DIV_LSR_14 is idle.  enabled since Fri Oct  4 08:52:01 2024
printer DEBUT_DIV_LSR_15 is idle.  enabled since Mon May  5 07:17:22 2025
printer DEBUT_HOVAL_LBL_001 is idle.  enabled since Wed Oct 22 14:53:44 2025
	Data file sent successfully.
printer DEBUT_HOVAL_LSR_001 is idle.  enabled since Wed Jul  2 15:20:20 2025
printer DEBUT_LBL_01 is idle.  enabled since Fri Feb 28 16:37:33 2020
printer DEBUT_LBL_02 is idle.  enabled since Fri Oct 24 07:04:35 2025
	Data file sent successfully.
printer DEBUT_LBL_03 is idle.  enabled since Thu Oct 23 12:41:25 2025
	Data file sent successfully.
printer DEBUT_LBL_04 is idle.  enabled since Thu Jul 10 15:03:20 2025
printer DEBUT_LBL_05 is idle.  enabled since Mon Oct 13 15:58:57 2025
	Waiting for printer to finish.
printer DEBUT_LBL_06 is idle.  enabled since Wed Oct 22 20:50:09 2025
	Data file sent successfully.
printer DEBUT_LBL_07 is idle.  enabled since Tue Oct 21 20:46:23 2025
	Data file sent successfully.
printer DEBUT_LBL_08 is idle.  enabled since Fri Oct 24 20:46:48 2025
	Data file sent successfully.
printer DEBUT_LBL_09 is idle.  enabled since Thu Oct 23 18:05:33 2025
	Data file sent successfully.
printer DEBUT_LBL_10 is idle.  enabled since Mon Sep 15 12:33:41 2025
printer DEBUT_LBL_11 is idle.  enabled since Fri Oct 24 13:36:41 2025
	Data file sent successfully.
printer DEBUT_LBL_12 is idle.  enabled since Fri Oct 24 20:46:38 2025
	Data file sent successfully.
printer DEBUT_LBL_13 is idle.  enabled since Wed Dec 21 13:02:15 2022
printer DEBUT_LBL_14 is idle.  enabled since Thu Jul 11 11:07:12 2019
printer DEBUT_LBL_15 is idle.  enabled since Mon Oct  6 08:20:28 2025
	Data file sent successfully.
printer DEBUT_LBL_16 is idle.  enabled since Wed Apr 23 20:00:20 2025
printer DEBUT_LBL_17 is idle.  enabled since Thu Jul 11 11:05:54 2019
printer DEBUT_LBL_18 is idle.  enabled since Thu Jul 11 11:05:27 2019
printer DEBUT_LBL_19 is idle.  enabled since Thu Jul 11 11:04:59 2019
printer DEBUT_LBL_20 is idle.  enabled since Mon Dec 16 17:33:19 2024
printer DEBUT_LBL_21 is idle.  enabled since Thu Jul 11 11:03:53 2019
printer DEBUT_LBL_22 is idle.  enabled since Thu Jul 11 11:02:46 2019
printer DEBUT_LBL_23 is idle.  enabled since Thu Jul 11 11:02:19 2019
printer DEBUT_LBL_24 is idle.  enabled since Thu Jul 11 11:01:50 2019
printer DEBUT_LBL_25 is idle.  enabled since Tue Jun  1 11:08:27 2021
printer DEBUT_LBL_26 is idle.  enabled since Sat Jun 28 09:31:20 2025
printer DEBUT_LBL_27 is idle.  enabled since Thu May 22 19:48:07 2025
printer DEBUT_LBL_28 is idle.  enabled since Thu Feb 22 13:06:57 2024
printer DEBUT_LBL_29 is idle.  enabled since Fri Sep 26 15:32:10 2025
	Data file sent successfully.
printer DEBUT_LBL_30 is idle.  enabled since Fri Oct 24 20:51:37 2025
	Data file sent successfully.
printer DEBUT_LBL_31 is idle.  enabled since Mon Sep 26 06:57:03 2022
printer DEBUT_LBL_32 is idle.  enabled since Thu Jun 27 20:06:07 2024
printer DEBUT_LBL_33 is idle.  enabled since Tue Oct 14 19:42:41 2025
	The printer is not responding.
printer DEBUT_LBL_34 is idle.  enabled since Thu Oct 23 20:50:58 2025
	Data file sent successfully.
printer DEBUT_LBL_35 is idle.  enabled since Wed Aug 20 15:25:06 2025
printer DEBUT_LBL_36 is idle.  enabled since Fri Oct 24 20:28:44 2025
	Data file sent successfully.
printer DEBUT_LBL_37 is idle.  enabled since Thu Oct 23 11:12:41 2025
	Data file sent successfully.
printer DEBUT_LBL_38 is idle.  enabled since Wed Oct 22 17:30:22 2025
	Data file sent successfully.
printer DEBUT_LBL_39 is idle.  enabled since Fri Oct 24 16:02:00 2025
	Data file sent successfully.
printer DEBUT_LBL_40 is idle.  enabled since Fri Oct 24 20:48:46 2025
	Data file sent successfully.
printer DEBUT_LBL_41 is idle.  enabled since Tue Jun 17 20:28:19 2025
printer DEBUT_LBL_42 is idle.  enabled since Thu Oct 23 20:51:23 2025
	Data file sent successfully.
printer DEBUT_LBL_43 is idle.  enabled since Fri Oct 17 14:38:09 2025
	Data file sent successfully.
printer DEBUT_LBL_44 is idle.  enabled since Fri Oct 24 20:48:08 2025
	Data file sent successfully.
printer DEBUT_LBL_45 is idle.  enabled since Sat Oct 11 07:19:31 2025
	Data file sent successfully.
printer DEBUT_LBL_46 is idle.  enabled since Mon Sep 15 12:24:46 2025
printer DEBUT_LBL_47 is idle.  enabled since Mon Jun 14 12:41:58 2021
printer DEBUT_LBL_48 is idle.  enabled since Mon Feb 24 20:58:31 2025
printer DEBUT_LBL_50 is idle.  enabled since Mon Sep  5 09:49:18 2022
printer DEBUT_LBL_51 is idle.  enabled since Fri Dec 13 12:02:31 2024
printer DEBUT_LBL_52 is idle.  enabled since Mon Aug  4 07:48:10 2025
printer DEBUT_LBL_TEST is idle.  enabled since Thu Jan  2 13:17:28 2020
printer DEBUT_LBL_WELLHC is idle.  enabled since Mon Jul 10 07:41:10 2023
printer DEBUT_LSR_01 is idle.  enabled since Mon Jul 22 13:05:33 2019
printer DEBUT_LSR_02 is idle.  enabled since Thu Jul 11 11:20:09 2019
printer DEBUT_LSR_03 is idle.  enabled since Thu Jul 11 11:19:43 2019
printer DEBUT_LSR_04 is idle.  enabled since Thu Jul 11 11:19:22 2019
printer DEBUT_LSR_05 is idle.  enabled since Thu Jul 11 11:18:44 2019
printer DEBUT_LSR_06 is idle.  enabled since Thu Jul 11 11:18:22 2019
printer DEBUT_LSR_07 is idle.  enabled since Thu Jul 11 11:17:57 2019
printer DEBUT_LSR_08 is idle.  enabled since Thu Jul 11 11:17:26 2019
printer DEBUT_LSR_09 is idle.  enabled since Thu Jul 11 11:16:37 2019
printer DEBUT_LSR_11 is idle.  enabled since Thu Jul 11 11:15:35 2019
printer DEBUT_LSR_12 is idle.  enabled since Thu Jul 11 11:15:03 2019
printer DEBUT_LSR_13 is idle.  enabled since Thu Jul 11 11:14:40 2019
printer DEBUT_LSR_14 is idle.  enabled since Tue Dec 17 14:18:29 2019
printer DEBUT_LSR_16 is idle.  enabled since Mon Oct 11 12:55:48 2021
printer DEBUT_LSR_25 is idle.  enabled since Sun Feb  2 14:59:38 2020
printer DEBUT_LSR_26 is idle.  enabled since Sun Feb  2 15:00:31 2020
printer DEBUT_LSR_27 is idle.  enabled since Sun Feb  2 15:01:22 2020
printer DEBUT_LSR_28 is idle.  enabled since Sun Feb  2 15:02:16 2020
printer DEBUT_LSR_29 is idle.  enabled since Sun Feb  2 15:02:50 2020
printer DEBUT_LSR_30 is idle.  enabled since Thu Feb 22 14:57:17 2024
printer DEBUT_LSR_31 is idle.  enabled since Sun Feb  2 15:04:04 2020
printer DEBUT_LSR_32 is idle.  enabled since Thu May 14 10:26:59 2020
printer DEBUT_LSR_34 is idle.  enabled since Fri Nov 24 10:19:17 2023
printer DEBUT_LSR_35 is idle.  enabled since Wed Jan 27 14:05:39 2021
printer DEBUT_LSR_36 is idle.  enabled since Fri Nov 24 10:05:31 2023
printer DEBUT_LSR_37 is idle.  enabled since Wed Jan 27 14:07:07 2021
printer DEBUT_LSR_38 is idle.  enabled since Wed Jan 27 14:10:13 2021
printer DEBUT_LSR_39 is idle.  enabled since Thu Apr 29 12:26:36 2021
printer DEBUT_LSR_40 is idle.  enabled since Thu Oct 16 09:46:23 2025
	Data file sent successfully.
printer DEBUT_LSR_42 is idle.  enabled since Thu Mar 24 14:41:29 2022
printer DEBUT_LSR_43 is idle.  enabled since Mon Aug 30 10:55:20 2021
printer DEBUT_LSR_45 is idle.  enabled since Thu Feb 22 14:59:22 2024
printer DEBUT_LSR_46 is idle.  enabled since Mon Jun 14 12:43:34 2021
printer DEBUT_LSR_47 is idle.  enabled since Mon Jun 14 12:44:39 2021
printer DEBUT_LSR_48 is idle.  enabled since Tue Jun 28 07:08:27 2022
printer DEBUT_LSR_49 is idle.  enabled since Tue Jun 28 07:09:24 2022
printer DEBUT_LSR_50 is idle.  enabled since Mon Apr 24 08:32:58 2023
printer DEBUT_LSR_WELLHC is idle.  enabled since Wed Feb  8 08:43:10 2023
printer DEBUT_NOVO_LBL01 is idle.  enabled since Tue Sep 16 08:16:54 2025
printer DEBUT_NOVO_LSR01 is idle.  enabled since Mon Nov 11 14:24:42 2024
printer DEBUT_RFID1_WELLHC is idle.  enabled since Wed Feb  8 08:24:10 2023
printer DEBUT_RFID2_WELLHC is idle.  enabled since Wed Feb  8 08:24:46 2023
printer DEBUT_RICOLA_LBL01 is idle.  enabled since Thu Aug 14 10:25:03 2025
printer DEBUT_STL_001 is idle.  enabled since Tue Nov  5 16:56:58 2019
printer DEBUT_STL_002 is idle.  enabled since Tue Nov  5 16:57:23 2019
printer DEBUT_STO_001 is idle.  enabled since Mon Oct 13 12:44:03 2025
	Waiting for printer to finish.
printer DEBUT_STO_002 is idle.  enabled since Mon Oct 13 20:11:30 2025
	Waiting for printer to finish.
printer DEKRE_CSM_LBL_001 is idle.  enabled since Thu Jan 30 13:04:24 2025
printer DEKRE_CSM_LBL_002 is idle.  enabled since Fri Jun 20 10:35:09 2025
printer DEKRE_CSM_LBL_003 is idle.  enabled since Tue Jan 21 14:27:50 2025
printer DEKRE_CSM_LBL_004 is idle.  enabled since Wed Jan  8 14:44:30 2025
printer DEKRE_CSM_LBL_005 is idle.  enabled since Fri Sep 20 07:08:25 2024
printer DEKRE_CSM_LBL_006 is idle.  enabled since Fri Sep 20 07:09:14 2024
printer DEKRE_LBL_KIT01 is idle.  enabled since Mon May 11 19:24:56 2020
printer DEKRE_LBL_KIT02 is idle.  enabled since Thu May 28 12:41:20 2020
printer DEKRE_LBL_KIT03 is idle.  enabled since Mon Mar  8 16:11:02 2021
printer DEKRE_LBL_LH is idle.  enabled since Wed Sep  7 13:15:09 2022
printer DEKRE_LBL_LH01 is idle.  enabled since Sun Aug 11 04:11:57 2024
printer DEKRE_LBL_OB011 is idle.  enabled since Tue Mar 28 08:12:28 2023
printer DEKRE_LBL_OB012 is idle.  enabled since Fri Nov 29 16:04:01 2024
printer DEKRE_LBL_OB021 is idle.  enabled since Fri Nov  4 10:46:55 2022
printer DEKRE_LBL_OB022 is idle.  enabled since Tue Nov 15 15:40:35 2022
printer DEKRE_LBL_OB031 is idle.  enabled since Mon Oct 24 10:25:04 2022
printer DEKRE_LBL_OB032 is idle.  enabled since Tue Nov 15 13:07:09 2022
printer DEKRE_LBL_OB034 is idle.  enabled since Thu Feb 25 08:33:19 2021
printer DEKRE_LBL_OB035 is idle.  enabled since Mon Jun 21 13:06:03 2021
printer DEKRE_LSR_LH is idle.  enabled since Mon May 11 19:28:53 2020
printer DEKRE_LSR_OB010 is idle.  enabled since Mon May 11 12:00:17 2020
printer DEKRE_LSR_OB020 is idle.  enabled since Mon May 11 12:01:31 2020
printer DEKRE_LSR_OB030 is idle.  enabled since Mon May 11 19:26:55 2020
printer DEKRE_LSR_OB033 is idle.  enabled since Thu Feb 25 08:32:52 2021
printer DEKRE_NOVO_LBL_001 is idle.  enabled since Thu Jan 30 14:46:02 2025
printer DEKRE_NOVO_LSR_001 is idle.  enabled since Thu Jul 25 11:07:44 2024
printer DESCA_LBL_01 is idle.  enabled since Fri Oct 24 09:48:44 2025
	Data file sent successfully.
printer DESCA_LSR_01 is idle.  enabled since Fri Nov 24 12:00:18 2023
printer DRUKARKA is idle.  enabled since Mon Oct 13 19:41:21 2025
	The printer is not responding.
printer EEROLABEL1 is idle.  enabled since Thu Oct 23 11:37:42 2025
	Data file sent successfully.
printer EEROLASER1 is idle.  enabled since Tue Oct 29 07:52:28 2024
printer ESRDM_LBL_01 is idle.  enabled since Wed Jan 29 10:21:00 2025
printer ESRDM_LBL_02 is idle.  enabled since Thu Aug  7 08:12:54 2025
printer ESRDM_LSR_01 is idle.  enabled since Tue May 28 09:32:10 2024
printer EURNLRNDP1001 is idle.  enabled since Mon May 16 14:53:14 2022
printer EURNLRNDP1002 is idle.  enabled since Mon May 16 15:09:38 2022
printer EURNLRNDP1003 is idle.  enabled since Mon May 16 15:10:14 2022
printer EURNLRNDP1004 is idle.  enabled since Mon May 16 15:10:50 2022
printer EURNLRNDP1005 is idle.  enabled since Mon May 16 15:11:48 2022
printer EURNLRNDP1006 is idle.  enabled since Mon May 16 15:12:36 2022
printer EURNLRNDP1007 is idle.  enabled since Mon May 16 15:13:48 2022
printer EURNLRNDP1008 is idle.  enabled since Mon May 16 15:15:17 2022
printer EURNLRNDP1009 is idle.  enabled since Mon May 16 15:16:17 2022
printer EURNLRNDP1010 is idle.  enabled since Mon May 16 15:16:52 2022
printer EURNLRNDP1011 is idle.  enabled since Mon May 16 15:17:43 2022
printer EURNLRNDP1012 is idle.  enabled since Mon May 16 15:18:19 2022
printer EURNLRNDP1021 is idle.  enabled since Thu May 30 09:41:15 2024
printer EURNLRNDP1023 is idle.  enabled since Mon Nov 20 14:25:50 2023
printer EURNLRNDP2001 is idle.  enabled since Tue Sep 16 14:25:28 2025
printer EURNLRNDP2002 is idle.  enabled since Sat Oct 25 08:31:13 2025
	Data file sent successfully.
printer EURNLRNDP2003 is idle.  enabled since Sat Oct 25 08:31:15 2025
	Data file sent successfully.
printer EURNLRNDP2004 is idle.  enabled since Thu Oct 23 14:27:09 2025
	Data file sent successfully.
printer EURNLRNDP2005 is idle.  enabled since Fri Oct 24 13:35:56 2025
	Data file sent successfully.
printer EURNLRNDP2006 is idle.  enabled since Mon Oct 13 14:41:09 2025
	Data file sent successfully.
printer EURNLRNDP2007 is idle.  enabled since Thu Oct 16 14:26:54 2025
	Data file sent successfully.
printer EURNLRNDP2008 is idle.  enabled since Sat Oct 25 12:49:10 2025
	Data file sent successfully.
printer EURNLRNDP2009 is idle.  enabled since Wed Oct 22 13:05:06 2025
	Data file sent successfully.
printer EURNLRNDP2010 is idle.  enabled since Sat Oct 18 15:56:01 2025
	Data file sent successfully.
printer EURNLRNDP2011 is idle.  enabled since Sat Oct 25 12:38:52 2025
	Data file sent successfully.
printer EURNLRNDP2014 is idle.  enabled since Mon Apr 28 18:45:23 2025
printer EURNLRNDP2020 is idle.  enabled since Sat Oct 25 05:14:36 2025
	Data file sent successfully.
printer EURNLRNDP2021 is idle.  enabled since Sat Oct 25 05:03:44 2025
	Data file sent successfully.
printer EURNLRNDP2024 is idle.  enabled since Tue Dec  5 06:05:17 2023
printer EURNLRNDP4107 is idle.  enabled since Fri Oct 24 10:54:47 2025
	Data file sent successfully.
printer FRSQF_LBL_CTF is idle.  enabled since Mon Nov 18 14:43:09 2024
printer FRSQF_LBL_OB_CTF is idle.  enabled since Fri Nov 24 15:06:33 2023
printer FRSQF_LSR_CTF is idle.  enabled since Fri Nov 24 12:39:04 2023
printer FRSQF_LSR_IB_CTF is idle.  enabled since Thu Jan  4 13:20:30 2024
printer FRSWI_EMDFR_LBL_01 is idle.  enabled since Wed Oct 22 05:19:46 2025
	Data file sent successfully.
printer FRSWI_EMDFR_LSR_01 is idle.  enabled since Mon Sep 30 14:32:48 2024
printer FRSWI_LBL_03 is idle.  enabled since Wed Oct 30 17:19:58 2024
printer GAAPR_SCOTT is idle.  enabled since Tue Jan 30 20:58:43 2024
printer GBCOV_04 is idle.  enabled since Thu Aug 15 08:26:45 2019
printer GBCOV_BVIUK_LBL_IB01 is idle.  enabled since Wed Oct  1 15:04:02 2025
	Data file sent successfully.
printer GBCOV_BVIUK_LBL_IB02 is idle.  enabled since Tue Oct 21 10:39:59 2025
	Data file sent successfully.
printer GBCOV_BVIUK_LBL_OB01 is idle.  enabled since Mon Oct 20 13:27:56 2025
	Data file sent successfully.
printer GBCOV_BVIUK_LBL_OB02 is idle.  enabled since Fri Oct 24 17:54:53 2025
	Data file sent successfully.
printer GBCOV_BVIUK_LSR_IB01 is idle.  enabled since Wed Jan 29 09:20:39 2025
printer GBCOV_BVIUK_LSR_IB02 is idle.  enabled since Tue Feb 11 14:38:26 2025
printer GBCOV_BVIUK_LSR_OB01 is idle.  enabled since Wed Jan 29 09:23:52 2025
printer GBCOV_BVIUK_LSR_OB02 is idle.  enabled since Wed Jan 29 09:24:11 2025
printer GBCOV_LBL_002 is idle.  enabled since Fri Oct 24 17:08:42 2025
	Data file sent successfully.
printer GBCOV_LBL_003 is idle.  enabled since Wed Oct 22 14:59:56 2025
	Waiting for printer to finish.
printer GBCOV_LBL_004 is idle.  enabled since Fri Oct 24 10:25:10 2025
	Data file sent successfully.
printer GBCOV_LBL_005 is idle.  enabled since Fri Sep 12 12:37:42 2025
printer GBCOV_LBL_BDA is idle.  enabled since Wed Jul  1 12:53:53 2020
printer GBCOV_LBL_CSM01 is idle.  enabled since Fri Oct 24 13:49:31 2025
	Data file sent successfully.
printer GBCOV_LBL_CSM02 is idle.  enabled since Mon Oct 20 11:36:42 2025
	Data file sent successfully.
printer GBCOV_LSR_002 is idle.  enabled since Fri Nov 17 09:34:22 2023
printer GBCOV_LSR_003 is idle.  enabled since Wed Mar 27 14:06:19 2019
printer GBCOV_LSR_004 is idle.  enabled since Fri Nov 17 09:36:19 2023
printer GBCOV_LSR_005 is idle.  enabled since Tue Nov 26 09:41:17 2019
printer GBCOV_LSR_CSM01 is idle.  enabled since Thu Sep 19 11:38:37 2024
printer GBDRB_LBL_01 is idle.  enabled since Tue Jan 31 14:22:33 2023
printer GBDRN_LBL_001 is idle.  enabled since Thu Oct  9 12:28:15 2025
	Data file sent successfully.
printer GBDRN_LSR_001 is idle.  enabled since Thu Apr  8 16:11:31 2021
printer GBDRN_LSR_002 is idle.  enabled since Fri Nov 17 12:37:27 2023
printer GBDWS_LBL_IB01 is idle.  enabled since Thu Nov 11 09:39:03 2021
printer GBDWS_LBL_IB02 is idle.  enabled since Tue Apr 29 15:23:52 2025
printer GBDWS_LBL_IB03 is idle.  enabled since Fri Nov 17 13:03:35 2023
printer GBDWS_LBL_OB01 is idle.  enabled since Thu Nov 11 09:40:35 2021
printer GBDWS_LBL_OB02 is idle.  enabled since Fri Nov 17 13:15:35 2023
printer GBDWS_LBL_OB03 is idle.  enabled since Fri Nov 17 13:08:56 2023
printer GBDWS_LSR_IB01 is idle.  enabled since Thu Nov 11 09:38:07 2021
printer GBDWS_LSR_IB02 is idle.  enabled since Fri Nov 17 13:10:15 2023
printer GBDWS_LSR_OB01 is idle.  enabled since Thu Nov 11 09:39:57 2021
printer GBDWS_LSR_OB02 is idle.  enabled since Fri Nov 17 13:11:20 2023
printer HUBOR_LBL_01 is idle.  enabled since Wed Oct 22 10:03:43 2025
	Data file sent successfully.
printer HUBOR_LSR_01 is idle.  enabled since Fri Nov 17 07:07:25 2023
printer IESAT_ITG_LBL_01 is idle.  enabled since Thu Aug 14 12:51:56 2025
printer IESAT_ITG_LSR_01 is idle.  enabled since Wed Sep  3 16:17:06 2025
printer LB_NLRND_MWS2 is idle.  enabled since Fri Oct 24 13:40:32 2025
	Data file sent suc--output truncated--
2025-10-26 00:53:37,043 - 16891 - ERROR - app_validation.sh errors for i-010ed8ae1cb8aa072:

2025-10-26 00:53:37,045 - 16891 - INFO - Before patching validation saved to: output/validation-2025-10-26/172.22.10.27-BeforePatching-2025-10-26-00-53-37-044.log
2025-10-26 00:53:37,045 - 16891 - INFO - Deregistering i-010ed8ae1cb8aa072 from TG arn:aws:elasticloadbalancing:eu-west-1:835314132208:targetgroup/UPS-EU-WES-Prod/7c13e1b8eebcf8db
2025-10-26 00:53:37,383 - 16891 - INFO - Deregistering i-010ed8ae1cb8aa072 from TG arn:aws:elasticloadbalancing:eu-west-1:835314132208:targetgroup/UPS-V8-Prod-EU-API/aa72536627f23455
2025-10-26 00:53:37,502 - 16891 - INFO - Deregistering i-010ed8ae1cb8aa072 from TG arn:aws:elasticloadbalancing:eu-west-1:835314132208:targetgroup/UPS-V8-Prod-EU-Desktop/7a825a6780c069a4
2025-10-26 00:53:37,614 - 16891 - INFO - Deregistering i-010ed8ae1cb8aa072 from TG arn:aws:elasticloadbalancing:eu-west-1:835314132208:targetgroup/UPS-V8-Prod-EU-RF/c76e04f6378b7eeb
2025-10-26 00:53:37,723 - 16891 - INFO - Stopping EC2 instance: i-010ed8ae1cb8aa072 at 2025-10-26 00:53:37
2025-10-26 00:56:10,368 - 16891 - INFO - Instance i-010ed8ae1cb8aa072 stopped successfully.
2025-10-26 00:56:10,678 - 16891 - INFO - Stopped i-010ed8ae1cb8aa072 in 0:02:32.955008
2025-10-26 00:56:10,679 - 16891 - INFO - Starting EC2 instance: i-010ed8ae1cb8aa072
2025-10-26 00:56:26,534 - 16891 - INFO - Instance i-010ed8ae1cb8aa072 started successfully.
2025-10-26 00:56:26,534 - 16891 - INFO - Waiting 30 seconds for SSM agent to be ready on i-010ed8ae1cb8aa072...
2025-10-26 00:56:56,543 - 16891 - INFO - Registering i-010ed8ae1cb8aa072 to TG arn:aws:elasticloadbalancing:eu-west-1:835314132208:targetgroup/UPS-EU-WES-Prod/7c13e1b8eebcf8db
2025-10-26 00:56:56,988 - 16891 - INFO - Registering i-010ed8ae1cb8aa072 to TG arn:aws:elasticloadbalancing:eu-west-1:835314132208:targetgroup/UPS-V8-Prod-EU-API/aa72536627f23455
2025-10-26 00:56:57,183 - 16891 - INFO - Registering i-010ed8ae1cb8aa072 to TG arn:aws:elasticloadbalancing:eu-west-1:835314132208:targetgroup/UPS-V8-Prod-EU-Desktop/7a825a6780c069a4
2025-10-26 00:56:57,381 - 16891 - INFO - Registering i-010ed8ae1cb8aa072 to TG arn:aws:elasticloadbalancing:eu-west-1:835314132208:targetgroup/UPS-V8-Prod-EU-RF/c76e04f6378b7eeb
2025-10-26 00:59:29,048 - 16891 - INFO - Sent app_validation.sh to i-010ed8ae1cb8aa072 (command_id: d170f903-fc9b-40bc-8ede-30a09464576a)
2025-10-26 00:59:59,458 - 16891 - INFO - app_validation.sh output for i-010ed8ae1cb8aa072:

==============================================================================
Server Availability Check Started at Sun Oct 26 04:59:29 UTC 2025
==============================================================================

-------------------------------------
Server IP : 172.22.10.27
-------------------------------------
System Information
------------------
Hostname: ip-172-22-10-27.eu-west-1.compute.internal
Uptime: up 3 minutes
Current User: root
Working Directory: /usr/bin
-------------------------------------
Voice Console URL: http://172.22.10.27:9090/VoiceConsole
-------------------------------------

-------------------------------------
Server IP : 172.22.10.27
-------------------------------------
Physical Memory Information
---------------------------
Total Physical Memory = 31379 MB
Used Physical Memory  = 13210 MB
Free Physical Memory  = 18169 MB
-------------------------------------
Swap Memory Information
-----------------------
Total Swap Memory = 20479 MB
Used Swap Memory  = 0 MB
Free Swap Memory  = 20479 MB
-------------------------------------
Load Average: 4.23 3.79 1.61 1/725 7193
-------------------------------------

Disk Usage Information
----------------------
Filesystem                                 Size  Used Avail Use% Mounted on
/dev/nvme0n1p1                              20G  8.9G   12G  45% /
/dev/nvme0n1p128                            10M  1.3M  8.7M  13% /boot/efi
/dev/nvme1n1p2                             177G   79G   90G  47% /data
fs-0e7211c7.efs.eu-west-1.amazonaws.com:/  8.0E  3.1T  8.0E   1% /data2
devtmpfs                                   4.0M     0  4.0M   0% /dev
tmpfs                                       16G     0   16G   0% /dev/shm
tmpfs                                      6.2G  720K  6.2G   1% /run
tmpfs                                      3.1G     0  3.1G   0% /run/user/2001
tmpfs                                       16G  128K   16G   1% /tmp
-------------------------------------

Application Port Validation for Server IP: 172.22.10.27 started on Sun Oct 26 04:59:29 UTC 2025

Server IP: 172.22.10.27 is reachable.

SSH Service (Port 22) Status:
SSH Service (Port 22): NOT REACHABLE
-------------------------------------

FTP Service Validation for Server IP: 172.22.10.27

FTP Service (Port 21): NOT REACHABLE
No FTP processes detected
-------------------------------------

CUPS Service Validation for Server IP: 172.22.10.27

CUPS Service (Port 631): NOT REACHABLE

Printer Configuration:
Total Printers Configured: 518
Printer Details:
printer ALPH_LBL_001 is idle.  enabled since Tue Mar 19 10:48:26 2019
printer ALPH_LSR_001 is idle.  enabled since Wed Feb  5 13:57:28 2025
printer BVI_LBL_01 is idle.  enabled since Thu Nov 12 13:36:21 2020
printer BVINL_LBL_CHECK01 is idle.  enabled since Wed Oct 22 15:43:58 2025
printer BVINL_LBL_REC01 is idle.  enabled since Wed Oct 22 15:41:40 2025
printer BVINL_LBL_SHIP1 is idle.  enabled since Fri Oct 17 15:59:23 2025
printer BVINL_LBL_SHIP2 is idle.  enabled since Wed Oct 22 15:44:08 2025
printer BVINL_LSR_REC01 is idle.  enabled since Mon Nov 13 16:03:08 2023
printer BVINL_LSR_SHIP1 is idle.  enabled since Mon Nov 13 16:04:36 2023
printer BVINL_LSR_SHIP2 is idle.  enabled since Mon Nov 13 16:05:44 2023
printer CZTCH_EW_LBL_04 is idle.  enabled since Tue Oct  7 06:12:14 2025
printer CZTCH_EW_LBL_05 is idle.  enabled since Tue Oct  7 06:13:29 2025
printer CZTCH_FLCO_LBL_001 is idle.  enabled since Tue Aug 19 06:03:08 2025
printer CZTCH_FLCO_LBL_002 is idle.  enabled since Thu Aug 29 16:37:51 2024
printer CZTCH_FLCO_LSR_001 is idle.  enabled since Thu Aug 29 12:45:40 2024
printer CZTCH_FLCO_LSR_002 is idle.  enabled since Thu Aug  8 10:00:20 2024
printer CZTCH_HFCE is idle.  enabled since Fri Apr 19 12:26:12 2024
printer CZTCH_LBL_01 is idle.  enabled since Fri Nov 24 08:29:44 2023
printer CZTCH_LBL_EW is idle.  enabled since Thu Oct 23 09:35:18 2025
printer CZTCH_LBL_EW3 is idle.  enabled since Tue Sep 16 13:43:52 2025
printer CZTCH_LBL_XPJHF is idle.  enabled since Wed Aug 31 14:36:01 2022
printer CZTCH_LSR_01 is idle.  enabled since Wed Jun  1 07:12:02 2022
printer CZTCH_LSR_EW is idle.  enabled since Fri Nov 24 08:24:33 2023
printer CZTCH_LSR_EW2 is idle.  enabled since Tue Jul  8 06:44:16 2025
printer CZTCH_LSR_EW3 is idle.  enabled since Tue Apr 22 16:01:50 2025
printer CZTCHP2009 is idle.  enabled since Tue Aug 15 12:05:18 2023
printer CZTCHP2011_LBL is idle.  enabled since Thu Oct 23 09:46:43 2025
printer DEBUT_DIV_LBL_01 is idle.  enabled since Wed Oct 22 08:51:05 2025
printer DEBUT_DIV_LBL_02 is idle.  enabled since Thu Oct 23 09:46:00 2025
printer DEBUT_DIV_LBL_03 is idle.  enabled since Wed Oct  8 19:22:20 2025
printer DEBUT_DIV_LBL_04 is idle.  enabled since Tue Oct 21 15:54:14 2025
printer DEBUT_DIV_LBL_05 is idle.  enabled since Tue Oct 21 15:27:03 2025
printer DEBUT_DIV_LBL_06 is idle.  enabled since Tue Jan  7 14:32:05 2025
printer DEBUT_DIV_LBL_07 is idle.  enabled since Thu Aug  7 19:35:24 2025
printer DEBUT_DIV_LBL_08 is idle.  enabled since Tue Jul  8 00:22:12 2025
printer DEBUT_DIV_LBL_09 is idle.  enabled since Wed May 22 12:08:06 2024
printer DEBUT_DIV_LBL_10 is idle.  enabled since Fri Oct 10 17:01:11 2025
printer DEBUT_DIV_LBL_11 is idle.  enabled since Wed Oct 22 13:16:08 2025
printer DEBUT_DIV_LBL_12 is idle.  enabled since Thu Oct 23 09:31:36 2025
printer DEBUT_DIV_LBL_13 is idle.  enabled since Fri Oct 17 20:44:44 2025
printer DEBUT_DIV_LBL_14 is idle.  enabled since Mon Oct 20 23:39:53 2025
printer DEBUT_DIV_LBL_15 is idle.  enabled since Wed Oct 15 11:54:34 2025
printer DEBUT_DIV_LBL_16 is idle.  enabled since Mon Dec  9 10:21:21 2024
printer DEBUT_DIV_LSR_01 is idle.  enabled since Tue Feb 20 16:16:37 2024
printer DEBUT_DIV_LSR_02 is idle.  enabled since Tue Feb 20 16:18:20 2024
printer DEBUT_DIV_LSR_03 is idle.  enabled since Tue Feb 20 16:18:48 2024
printer DEBUT_DIV_LSR_04 is idle.  enabled since Tue Feb 20 16:19:15 2024
printer DEBUT_DIV_LSR_10 is idle.  enabled since Wed Mar 13 17:33:00 2024
printer DEBUT_DIV_LSR_11 is idle.  enabled since Fri Sep 13 14:59:34 2024
printer DEBUT_DIV_LSR_12 is idle.  enabled since Fri Sep 13 15:00:47 2024
printer DEBUT_DIV_LSR_13 is idle.  enabled since Fri Oct  4 07:07:06 2024
printer DEBUT_DIV_LSR_14 is idle.  enabled since Fri Oct  4 08:52:01 2024
printer DEBUT_DIV_LSR_15 is idle.  enabled since Mon May  5 07:17:22 2025
printer DEBUT_HOVAL_LBL_001 is idle.  enabled since Wed Oct 22 14:53:44 2025
printer DEBUT_HOVAL_LSR_001 is idle.  enabled since Wed Jul  2 15:20:20 2025
printer DEBUT_LBL_01 is idle.  enabled since Fri Feb 28 16:37:33 2020
printer DEBUT_LBL_02 is idle.  enabled since Thu Oct 23 09:49:57 2025
printer DEBUT_LBL_03 is idle.  enabled since Wed Oct 22 12:16:28 2025
printer DEBUT_LBL_04 is idle.  enabled since Thu Jul 10 15:03:20 2025
printer DEBUT_LBL_05 is idle.  enabled since Mon Oct 13 15:58:57 2025
printer DEBUT_LBL_06 is idle.  enabled since Wed Oct 22 20:50:09 2025
printer DEBUT_LBL_07 is idle.  enabled since Tue Oct 21 20:46:23 2025
printer DEBUT_LBL_08 is idle.  enabled since Thu Oct 23 09:49:07 2025
printer DEBUT_LBL_09 is idle.  enabled since Wed Oct 22 20:44:28 2025
printer DEBUT_LBL_10 is idle.  enabled since Mon Sep 15 12:33:41 2025
printer DEBUT_LBL_11 is idle.  enabled since Tue Oct 21 20:54:15 2025
printer DEBUT_LBL_12 is idle.  enabled since Thu Oct 23 07:16:27 2025
printer DEBUT_LBL_13 is idle.  enabled since Wed Dec 21 13:02:15 2022
printer DEBUT_LBL_14 is idle.  enabled since Thu Jul 11 11:07:12 2019
printer DEBUT_LBL_15 is idle.  enabled since Mon Oct  6 08:20:28 2025
printer DEBUT_LBL_16 is idle.  enabled since Wed Apr 23 20:00:20 2025
printer DEBUT_LBL_17 is idle.  enabled since Thu Jul 11 11:05:54 2019
printer DEBUT_LBL_18 is idle.  enabled since Thu Jul 11 11:05:27 2019
printer DEBUT_LBL_19 is idle.  enabled since Thu Jul 11 11:04:59 2019
printer DEBUT_LBL_20 is idle.  enabled since Mon Dec 16 17:33:19 2024
printer DEBUT_LBL_21 is idle.  enabled since Thu Jul 11 11:03:53 2019
printer DEBUT_LBL_22 is idle.  enabled since Thu Jul 11 11:02:46 2019
printer DEBUT_LBL_23 is idle.  enabled since Thu Jul 11 11:02:19 2019
printer DEBUT_LBL_24 is idle.  enabled since Thu Jul 11 11:01:50 2019
printer DEBUT_LBL_25 is idle.  enabled since Tue Jun  1 11:08:27 2021
printer DEBUT_LBL_26 is idle.  enabled since Sat Jun 28 09:31:20 2025
printer DEBUT_LBL_27 is idle.  enabled since Thu May 22 19:48:07 2025
printer DEBUT_LBL_28 is idle.  enabled since Thu Feb 22 13:06:57 2024
printer DEBUT_LBL_29 is idle.  enabled since Fri Sep 26 15:32:10 2025
printer DEBUT_LBL_30 is idle.  enabled since Wed Oct 22 20:49:23 2025
printer DEBUT_LBL_31 is idle.  enabled since Mon Sep 26 06:57:03 2022
printer DEBUT_LBL_32 is idle.  enabled since Thu Jun 27 20:06:07 2024
printer DEBUT_LBL_33 is idle.  enabled since Tue Oct 14 19:42:41 2025
printer DEBUT_LBL_34 is idle.  enabled since Thu Oct 23 09:47:20 2025
printer DEBUT_LBL_35 is idle.  enabled since Wed Aug 20 15:25:06 2025
printer DEBUT_LBL_36 is idle.  enabled since Thu Oct 23 09:43:07 2025
printer DEBUT_LBL_37 is idle.  enabled since Thu Oct 23 09:44:28 2025
printer DEBUT_LBL_38 is idle.  enabled since Wed Oct 22 17:30:22 2025
printer DEBUT_LBL_39 is idle.  enabled since Tue Oct 21 15:39:26 2025
printer DEBUT_LBL_40 is idle.  enabled since Thu Oct 16 20:28:27 2025
printer DEBUT_LBL_41 is idle.  enabled since Tue Jun 17 20:28:19 2025
printer DEBUT_LBL_42 is idle.  enabled since Wed Oct 22 20:49:57 2025
printer DEBUT_LBL_43 is idle.  enabled since Fri Oct 17 14:38:09 2025
printer DEBUT_LBL_44 is idle.  enabled since Wed Oct 22 20:44:52 2025
printer DEBUT_LBL_45 is idle.  enabled since Sat Oct 11 07:19:31 2025
printer DEBUT_LBL_46 is idle.  enabled since Mon Sep 15 12:24:46 2025
printer DEBUT_LBL_47 is idle.  enabled since Mon Jun 14 12:41:58 2021
printer DEBUT_LBL_48 is idle.  enabled since Mon Feb 24 20:58:31 2025
printer DEBUT_LBL_50 is idle.  enabled since Mon Sep  5 09:49:18 2022
printer DEBUT_LBL_51 is idle.  enabled since Fri Dec 13 12:02:31 2024
printer DEBUT_LBL_52 is idle.  enabled since Mon Aug  4 07:48:10 2025
printer DEBUT_LBL_TEST is idle.  enabled since Thu Jan  2 13:17:28 2020
printer DEBUT_LBL_WELLHC is idle.  enabled since Mon Jul 10 07:41:10 2023
printer DEBUT_LSR_01 is idle.  enabled since Mon Jul 22 13:05:33 2019
printer DEBUT_LSR_02 is idle.  enabled since Thu Jul 11 11:20:09 2019
printer DEBUT_LSR_03 is idle.  enabled since Thu Jul 11 11:19:43 2019
printer DEBUT_LSR_04 is idle.  enabled since Thu Jul 11 11:19:22 2019
printer DEBUT_LSR_05 is idle.  enabled since Thu Jul 11 11:18:44 2019
printer DEBUT_LSR_06 is idle.  enabled since Thu Jul 11 11:18:22 2019
printer DEBUT_LSR_07 is idle.  enabled since Thu Jul 11 11:17:57 2019
printer DEBUT_LSR_08 is idle.  enabled since Thu Jul 11 11:17:26 2019
printer DEBUT_LSR_09 is idle.  enabled since Thu Jul 11 11:16:37 2019
printer DEBUT_LSR_11 is idle.  enabled since Thu Jul 11 11:15:35 2019
printer DEBUT_LSR_12 is idle.  enabled since Thu Jul 11 11:15:03 2019
printer DEBUT_LSR_13 is idle.  enabled since Thu Jul 11 11:14:40 2019
printer DEBUT_LSR_14 is idle.  enabled since Tue Dec 17 14:18:29 2019
printer DEBUT_LSR_16 is idle.  enabled since Mon Oct 11 12:55:48 2021
printer DEBUT_LSR_25 is idle.  enabled since Sun Feb  2 14:59:38 2020
printer DEBUT_LSR_26 is idle.  enabled since Sun Feb  2 15:00:31 2020
printer DEBUT_LSR_27 is idle.  enabled since Sun Feb  2 15:01:22 2020
printer DEBUT_LSR_28 is idle.  enabled since Sun Feb  2 15:02:16 2020
printer DEBUT_LSR_29 is idle.  enabled since Sun Feb  2 15:02:50 2020
printer DEBUT_LSR_30 is idle.  enabled since Thu Feb 22 14:57:17 2024
printer DEBUT_LSR_31 is idle.  enabled since Sun Feb  2 15:04:04 2020
printer DEBUT_LSR_32 is idle.  enabled since Thu May 14 10:26:59 2020
printer DEBUT_LSR_34 is idle.  enabled since Fri Nov 24 10:19:17 2023
printer DEBUT_LSR_35 is idle.  enabled since Wed Jan 27 14:05:39 2021
printer DEBUT_LSR_36 is idle.  enabled since Fri Nov 24 10:05:31 2023
printer DEBUT_LSR_37 is idle.  enabled since Wed Jan 27 14:07:07 2021
printer DEBUT_LSR_38 is idle.  enabled since Wed Jan 27 14:10:13 2021
printer DEBUT_LSR_39 is idle.  enabled since Thu Apr 29 12:26:36 2021
printer DEBUT_LSR_40 is idle.  enabled since Thu Oct 16 09:46:23 2025
printer DEBUT_LSR_42 is idle.  enabled since Thu Mar 24 14:41:29 2022
printer DEBUT_LSR_43 is idle.  enabled since Mon Aug 30 10:55:20 2021
printer DEBUT_LSR_45 is idle.  enabled since Thu Feb 22 14:59:22 2024
printer DEBUT_LSR_46 is idle.  enabled since Mon Jun 14 12:43:34 2021
printer DEBUT_LSR_47 is idle.  enabled since Mon Jun 14 12:44:39 2021
printer DEBUT_LSR_48 is idle.  enabled since Tue Jun 28 07:08:27 2022
printer DEBUT_LSR_49 is idle.  enabled since Tue Jun 28 07:09:24 2022
printer DEBUT_LSR_50 is idle.  enabled since Mon Apr 24 08:32:58 2023
printer DEBUT_LSR_WELLHC is idle.  enabled since Wed Feb  8 08:43:10 2023
printer DEBUT_NOVO_LBL01 is idle.  enabled since Tue Sep 16 08:16:54 2025
printer DEBUT_NOVO_LSR01 is idle.  enabled since Mon Nov 11 14:24:42 2024
printer DEBUT_RFID1_WELLHC is idle.  enabled since Wed Feb  8 08:24:10 2023
printer DEBUT_RFID2_WELLHC is idle.  enabled since Wed Feb  8 08:24:46 2023
printer DEBUT_RICOLA_LBL01 is idle.  enabled since Thu Aug 14 10:25:03 2025
printer DEBUT_STL_001 is idle.  enabled since Tue Nov  5 16:56:58 2019
printer DEBUT_STL_002 is idle.  enabled since Tue Nov  5 16:57:23 2019
printer DEBUT_STO_001 is idle.  enabled since Mon Oct 13 12:44:03 2025
printer DEBUT_STO_002 is idle.  enabled since Mon Oct 13 20:11:30 2025
printer DEKRE_CSM_LBL_001 is idle.  enabled since Thu Jan 30 13:04:24 2025
printer DEKRE_CSM_LBL_002 is idle.  enabled since Fri Jun 20 10:35:09 2025
printer DEKRE_CSM_LBL_003 is idle.  enabled since Tue Jan 21 14:27:50 2025
printer DEKRE_CSM_LBL_004 is idle.  enabled since Wed Jan  8 14:44:30 2025
printer DEKRE_CSM_LBL_005 is idle.  enabled since Fri Sep 20 07:08:25 2024
printer DEKRE_CSM_LBL_006 is idle.  enabled since Fri Sep 20 07:09:14 2024
printer DEKRE_LBL_KIT01 is idle.  enabled since Mon May 11 19:24:56 2020
printer DEKRE_LBL_KIT02 is idle.  enabled since Thu May 28 12:41:20 2020
printer DEKRE_LBL_KIT03 is idle.  enabled since Mon Mar  8 16:11:02 2021
printer DEKRE_LBL_LH is idle.  enabled since Wed Sep  7 13:15:09 2022
printer DEKRE_LBL_LH01 is idle.  enabled since Sun Aug 11 04:11:57 2024
printer DEKRE_LBL_OB011 is idle.  enabled since Tue Mar 28 08:12:28 2023
printer DEKRE_LBL_OB012 is idle.  enabled since Fri Nov 29 16:04:01 2024
printer DEKRE_LBL_OB021 is idle.  enabled since Fri Nov  4 10:46:55 2022
printer DEKRE_LBL_OB022 is idle.  enabled since Tue Nov 15 15:40:35 2022
printer DEKRE_LBL_OB031 is idle.  enabled since Mon Oct 24 10:25:04 2022
printer DEKRE_LBL_OB032 is idle.  enabled since Tue Nov 15 13:07:09 2022
printer DEKRE_LBL_OB034 is idle.  enabled since Thu Feb 25 08:33:19 2021
printer DEKRE_LBL_OB035 is idle.  enabled since Mon Jun 21 13:06:03 2021
printer DEKRE_LSR_LH is idle.  enabled since Mon May 11 19:28:53 2020
printer DEKRE_LSR_OB010 is idle.  enabled since Mon May 11 12:00:17 2020
printer DEKRE_LSR_OB020 is idle.  enabled since Mon May 11 12:01:31 2020
printer DEKRE_LSR_OB030 is idle.  enabled since Mon May 11 19:26:55 2020
printer DEKRE_LSR_OB033 is idle.  enabled since Thu Feb 25 08:32:52 2021
printer DEKRE_NOVO_LBL_001 is idle.  enabled since Thu Jan 30 14:46:02 2025
printer DEKRE_NOVO_LSR_001 is idle.  enabled since Thu Jul 25 11:07:44 2024
printer DESCA_LBL_01 is idle.  enabled since Thu Oct 23 08:57:30 2025
printer DESCA_LSR_01 is idle.  enabled since Fri Nov 24 12:00:18 2023
printer DRUKARKA is idle.  enabled since Mon Oct 13 19:41:21 2025
printer EEROLABEL1 is idle.  enabled since Wed Oct 22 13:45:43 2025
printer EEROLASER1 is idle.  enabled since Tue Oct 29 07:52:28 2024
printer ESRDM_LBL_01 is idle.  enabled since Wed Jan 29 10:21:00 2025
printer ESRDM_LBL_02 is idle.  enabled since Thu Aug  7 08:12:54 2025
printer ESRDM_LSR_01 is idle.  enabled since Tue May 28 09:32:10 2024
printer EURNLRNDP1001 is idle.  enabled since Mon May 16 14:53:14 2022
printer EURNLRNDP1002 is idle.  enabled since Mon May 16 15:09:38 2022
printer EURNLRNDP1003 is idle.  enabled since Mon May 16 15:10:14 2022
printer EURNLRNDP1004 is idle.  enabled since Mon May 16 15:10:50 2022
printer EURNLRNDP1005 is idle.  enabled since Mon May 16 15:11:48 2022
printer EURNLRNDP1006 is idle.  enabled since Mon May 16 15:12:36 2022
printer EURNLRNDP1007 is idle.  enabled since Mon May 16 15:13:48 2022
printer EURNLRNDP1008 is idle.  enabled since Mon May 16 15:15:17 2022
printer EURNLRNDP1009 is idle.  enabled since Mon May 16 15:16:17 2022
printer EURNLRNDP1010 is idle.  enabled since Mon May 16 15:16:52 2022
printer EURNLRNDP1011 is idle.  enabled since Mon May 16 15:17:43 2022
printer EURNLRNDP1012 is idle.  enabled since Mon May 16 15:18:19 2022
printer EURNLRNDP1021 is idle.  enabled since Thu May 30 09:41:15 2024
printer EURNLRNDP1023 is idle.  enabled since Mon Nov 20 14:25:50 2023
printer EURNLRNDP2001 is idle.  enabled since Tue Sep 16 14:25:28 2025
printer EURNLRNDP2002 is idle.  enabled since Wed Oct 22 06:02:20 2025
printer EURNLRNDP2003 is idle.  enabled since Mon Oct 13 16:50:34 2025
printer EURNLRNDP2004 is idle.  enabled since Thu Oct 23 09:45:39 2025
printer EURNLRNDP2005 is idle.  enabled since Thu Oct 23 09:49:43 2025
printer EURNLRNDP2006 is idle.  enabled since Mon Oct 13 14:41:09 2025
printer EURNLRNDP2007 is idle.  enabled since Thu Oct 16 14:26:54 2025
printer EURNLRNDP2008 is idle.  enabled since Mon Oct 20 18:26:38 2025
printer EURNLRNDP2009 is idle.  enabled since Wed Oct 22 13:05:06 2025
printer EURNLRNDP2010 is idle.  enabled since Sat Oct 18 15:56:01 2025
printer EURNLRNDP2011 is idle.  enabled since Wed Oct 22 04:32:00 2025
printer EURNLRNDP2014 is idle.  enabled since Mon Apr 28 18:45:23 2025
printer EURNLRNDP2020 is idle.  enabled since Wed Oct 22 11:32:50 2025
printer EURNLRNDP2021 is idle.  enabled since Thu Oct 23 09:24:50 2025
printer EURNLRNDP2024 is idle.  enabled since Tue Dec  5 06:05:17 2023
printer EURNLRNDP4107 is idle.  enabled since Mon Oct 20 16:25:32 2025
printer FRSQF_LBL_CTF is idle.  enabled since Mon Nov 18 14:43:09 2024
printer FRSQF_LBL_OB_CTF is idle.  enabled since Fri Nov 24 15:06:33 2023
printer FRSQF_LSR_CTF is idle.  enabled since Fri Nov 24 12:39:04 2023
printer FRSQF_LSR_IB_CTF is idle.  enabled since Thu Jan  4 13:20:30 2024
printer FRSWI_EMDFR_LBL_01 is idle.  enabled since Wed Oct 22 05:19:46 2025
printer FRSWI_EMDFR_LSR_01 is idle.  enabled since Mon Sep 30 14:32:48 2024
printer FRSWI_LBL_03 is idle.  enabled since Wed Oct 30 17:19:58 2024
printer GAAPR_SCOTT is idle.  enabled since Tue Jan 30 20:58:43 2024
printer GBCOV_04 is idle.  enabled since Thu Aug 15 08:26:45 2019
printer GBCOV_BVIUK_LBL_IB01 is idle.  enabled since Wed Oct  1 15:04:02 2025
printer GBCOV_BVIUK_LBL_IB02 is idle.  enabled since Tue Oct 21 10:39:59 2025
printer GBCOV_BVIUK_LBL_OB01 is idle.  enabled since Mon Oct 20 13:27:56 2025
printer GBCOV_BVIUK_LBL_OB02 is idle.  enabled since Tue Oct 21 10:37:48 2025
printer GBCOV_BVIUK_LSR_IB01 is idle.  enabled since Wed Jan 29 09:20:39 2025
printer GBCOV_BVIUK_LSR_IB02 is idle.  enabled since Tue Feb 11 14:38:26 2025
printer GBCOV_BVIUK_LSR_OB01 is idle.  enabled since Wed Jan 29 09:23:52 2025
printer GBCOV_BVIUK_LSR_OB02 is idle.  enabled since Wed Jan 29 09:24:11 2025
printer GBCOV_LBL_002 is idle.  enabled since Thu Oct 23 07:03:13 2025
printer GBCOV_LBL_003 is idle.  enabled since Wed Oct 22 14:59:56 2025
printer GBCOV_LBL_004 is idle.  enabled since Thu Oct 23 09:46:48 2025
printer GBCOV_LBL_005 is idle.  enabled since Fri Sep 12 12:37:42 2025
printer GBCOV_LBL_BDA is idle.  enabled since Wed Jul  1 12:53:53 2020
printer GBCOV_LBL_CSM01 is idle.  enabled since Thu Oct 23 09:48:58 2025
printer GBCOV_LBL_CSM02 is idle.  enabled since Mon Oct 20 11:36:42 2025
printer GBCOV_LSR_002 is idle.  enabled since Fri Nov 17 09:34:22 2023
printer GBCOV_LSR_003 is idle.  enabled since Wed Mar 27 14:06:19 2019
printer GBCOV_LSR_004 is idle.  enabled since Fri Nov 17 09:36:19 2023
printer GBCOV_LSR_005 is idle.  enabled since Tue Nov 26 09:41:17 2019
printer GBCOV_LSR_CSM01 is idle.  enabled since Thu Sep 19 11:38:37 2024
printer GBDRB_LBL_01 is idle.  enabled since Tue Jan 31 14:22:33 2023
printer GBDRN_LBL_001 is idle.  enabled since Thu Oct  9 12:28:15 2025
printer GBDRN_LSR_001 is idle.  enabled since Thu Apr  8 16:11:31 2021
printer GBDRN_LSR_002 is idle.  enabled since Fri Nov 17 12:37:27 2023
printer GBDWS_LBL_IB01 is idle.  enabled since Thu Nov 11 09:39:03 2021
printer GBDWS_LBL_IB02 is idle.  enabled since Tue Apr 29 15:23:52 2025
printer GBDWS_LBL_IB03 is idle.  enabled since Fri Nov 17 13:03:35 2023
printer GBDWS_LBL_OB01 is idle.  enabled since Thu Nov 11 09:40:35 2021
printer GBDWS_LBL_OB02 is idle.  enabled since Fri Nov 17 13:15:35 2023
printer GBDWS_LBL_OB03 is idle.  enabled since Fri Nov 17 13:08:56 2023
printer GBDWS_LSR_IB01 is idle.  enabled since Thu Nov 11 09:38:07 2021
printer GBDWS_LSR_IB02 is idle.  enabled since Fri Nov 17 13:10:15 2023
printer GBDWS_LSR_OB01 is idle.  enabled since Thu Nov 11 09:39:57 2021
printer GBDWS_LSR_OB02 is idle.  enabled since Fri Nov 17 13:11:20 2023
printer HUBOR_LBL_01 is idle.  enabled since Wed Oct 22 10:03:43 2025
printer HUBOR_LSR_01 is idle.  enabled since Fri Nov 17 07:07:25 2023
printer IESAT_ITG_LBL_01 is idle.  enabled since Thu Aug 14 12:51:56 2025
printer IESAT_ITG_LSR_01 is idle.  enabled since Wed Sep  3 16:17:06 2025
printer LB_NLRND_MWS2 is idle.  enabled since Wed Oct 22 14:37:59 2025
printer LFC_MEZ_SHIPPING_RIGHTSIDE is idle.  enabled since Wed Oct 22 10:54:16 2025
printer NLHKN_CHF_LBL_FG is idle.  enabled since Thu Oct 23 07:44:51 2025
printer NLHKN_CHF_LBL_SP is idle.  enabled since Thu Oct 23 09:11:09 2025
printer NLHKN_CHF_LSR_FG is idle.  enabled since Tue Jan 28 09:28:26 2025
printer NLHKN_CHF_LSR_SP is idle.  enabled since Tue Jan 28 09:26:18 2025
printer NLHKN_MONOS_LBL001 is idle.  enabled since Thu Oct 23 06:23:30 2025
printer NLHKN_MONOS_LSR001 is idle.  enabled since Wed Jul  2 05:55:05 2025
printer NLHKN_MONOS_MWS_LBL1 is idle.  enabled since Fri Jul 25 10:23:49 2025
printer NLHKN_MONOS_MWS_LSR1 is idle.  enabled since Fri Jul 25 10:22:39 2025
printer NLRMD_IB_MS_LBL_02 is idle.  enabled since Mon May 10 10:34:38 2021
printer NLRMD_IB_MS_LSR_02 is idle.  enabled since Mon Jan 27 15:45:14 2020
printer NLRMD_LBL_001 is idle.  enabled since Wed Jan 29 08:27:12 2020
printer NLRMD_LBL_FUR is idle.  enabled since Wed May 22 13:34:46 2019
printer NLRMD_LBL_FUR2 is idle.  enabled since Wed Aug 28 19:34:33 2019
printer NLRMD_LSR_001 is idle.  enabled since Thu May  9 15:04:04 2019
printer NLRMD_LSR_FUR is idle.  enabled since Wed May 22 13:38:17 2019
printer NLRMD_OB_OP_LBL_01 is idle.  enabled since Mon Jul 18 10:11:20 2022
printer NLRMD_OB_OP_LSR_01 is idle.  enabled since Wed Jan 29 14:24:30 2020
printer NLRMD_OB_PLR_LSR_01 is idle.  enabled since Wed Nov 11 18:49:54 2020
printer NLRND_AB_LBL_01 is idle.  enabled since Thu Oct 23 09:48:58 2025
printer NLRND_AB_LBL_02 is idle.  enabled since Wed Oct 22 21:06:05 2025
printer NLRND_AB_LBL_03 is idle.  enabled since Tue Oct 21 13:06:43 2025
printer NLRND_AB_LBL_04 is idle.  enabled since Thu Oct 23 09:48:57 2025
printer NLRND_AB_LBL_05 is idle.  enabled since Tue Oct 21 16:33:57 2025
printer NLRND_AB_LBL_06 is idle.  enabled since Thu Oct 23 09:49:52 2025
printer NLRND_AB_LBL_07 is idle.  enabled since Mon May 12 12:44:44 2025
printer NLRND_AB_LBL_08 is idle.  enabled since Mon May 12 12:45:37 2025
printer NLRND_AB_LBL_09 is idle.  enabled since Mon May 12 12:45:57 2025
printer NLRND_BV_LBL_01 is idle.  enabled since Wed Oct 22 07:37:02 2025
printer NLRND_BV_LBL_WE is idle.  enabled since Fri Nov 24 16:28:55 2023
printer NLRND_BV_LSR_01 is idle.  enabled since Mon Jul 31 09:39:33 2023
pr--output truncated--
2025-10-26 00:59:59,458 - 16891 - ERROR - app_validation.sh errors for i-010ed8ae1cb8aa072:

2025-10-26 00:59:59,460 - 16891 - INFO - After patching validation saved to: output/validation-2025-10-26/172.22.10.27-AfterPatching-2025-10-26-00-59-59-459.log
2025-10-26 00:59:59,498 - 16891 - INFO - Validation comparison report generated: output/validation-2025-10-26/172.22.10.27-Validation-details-2025-10-26-00-59-59-459.log
2025-10-26 00:59:59,566 - 16891 - INFO - Email sent successfully to ['adityak@softeon.com', 'ITSupport@softeon.com']
2025-10-26 00:59:59,567 - 16891 - INFO - HTML validation report email sent for i-010ed8ae1cb8aa072
2025-10-26 00:59:59,817 - 16891 - INFO - Started i-010ed8ae1cb8aa072 in 0:03:49.138666
2025-10-26 00:59:59,818 - 16891 - INFO - All instances processed.
2025-10-26 00:59:59,822 - 16891 - INFO - Restart Total time: 0:15:21.811324
2025-10-26 00:59:59,822 - 16891 - INFO - Auto-confirmed services are restarted
2025-10-26 00:59:59,822 - 16891 - INFO - Confirmed - services are started
2025-10-26 00:59:59,926 - 16891 - INFO - The following instances have failed the patch: []
2025-10-26 00:59:59,927 - 16891 - INFO - No instances have failed the patch.
2025-10-26 00:59:59,927 - 16891 - INFO - Total Patch Process time: 0:19:57.231310
2025-10-26 01:00:00,331 - 16891 - INFO - Email sent successfully to ['adityak@softeon.com', 'a80af5b5.softeon.com@in.teams.ms', 'ITSupport@softeon.com']
2025-10-26 01:01:00,563 - 16891 - INFO - Log file ./logs/patching_2025-10-26_UPS-EU-APP.log uploaded to s3://q4-2025-aws-security-patching/UPS-EU-APP_Patch/2025-10-26/patching_2025-10-26_UPS-EU-APP.log
