2025-10-26 00:45:02,443 - 17176 - INFO - Logger setup has been removed, using shared logger from common.logs.logger.
2025-10-26 00:45:02,443 - 17176 - INFO - Script Start Time: 2025-10-26 00:45:02
2025-10-26 00:45:02,688 - 17176 - INFO - Instance(s) selected for Patching: {'i-08f43b606b5e41fe4': '172.22.10.12', 'i-078ce009d29416e40': '172.22.10.44'}
2025-10-26 00:45:02,766 - 17176 - INFO - Email sent successfully to ['adityak@softeon.com', 'a80af5b5.softeon.com@in.teams.ms', 'ITSupport@softeon.com']
2025-10-26 00:45:02,767 - 17176 - INFO - Now patching instances at: 2025-10-26 00:45:02
2025-10-26 00:45:02,827 - 17176 - INFO - Sending patch command to instance i-078ce009d29416e40
2025-10-26 00:45:03,191 - 17176 - INFO - Command sent successfully to instance i-078ce009d29416e40. Command ID: ea9b4216-eb68-4b90-9e3d-30fda0988619
2025-10-26 00:45:03,324 - 17176 - INFO - Sending patch command to instance i-08f43b606b5e41fe4
2025-10-26 00:45:03,501 - 17176 - INFO - Command sent successfully to instance i-08f43b606b5e41fe4. Command ID: 1908d907-c4e9-4661-86b2-757adb54aa8c
2025-10-26 00:50:07,710 - 17176 - INFO - All patches applied successfully.
2025-10-26 00:50:07,711 - 17176 - INFO - Patching end time: 2025-10-26 00:50:07
2025-10-26 00:50:07,711 - 17176 - INFO - Patch Elapsed time: 0:05:04.944253
2025-10-26 00:50:07,796 - 17176 - INFO - Email sent successfully to ['adityak@softeon.com', 'a80af5b5.softeon.com@in.teams.ms', 'ITSupport@softeon.com']
2025-10-26 00:50:07,797 - 17176 - INFO - Confirmed - services are stopped
2025-10-26 00:50:12,897 - 17176 - INFO - Discovered TG map: {}
2025-10-26 00:50:13,390 - 17176 - INFO - Sent app_validation.sh to i-078ce009d29416e40 (command_id: 984542b4-a803-4a10-9036-2bf719791b6a)
2025-10-26 00:50:43,825 - 17176 - INFO - app_validation.sh output for i-078ce009d29416e40:

==============================================================================
Server Availability Check Started at Sun Oct 26 04:50:13 UTC 2025
==============================================================================

-------------------------------------
Server IP : 172.22.10.44
-------------------------------------
System Information
------------------
Hostname: ip-172-22-10-44.eu-west-1.compute.internal
Uptime: up 2 weeks, 5 days, 1 hour, 56 minutes
Current User: root
Working Directory: /usr/bin
-------------------------------------
Voice Console URL: http://172.22.10.44:9090/VoiceConsole
-------------------------------------

-------------------------------------
Server IP : 172.22.10.44
-------------------------------------
Physical Memory Information
---------------------------
Total Physical Memory = 15611 MB
Used Physical Memory  = 667 MB
Free Physical Memory  = 14944 MB
-------------------------------------
Swap Memory Information
-----------------------
Total Swap Memory = 10239 MB
Used Swap Memory  = 543 MB
Free Swap Memory  = 9696 MB
-------------------------------------
Load Average: 0.40 1.90 1.68 4/339 1505803
-------------------------------------

Disk Usage Information
----------------------
Filesystem                                  Size  Used Avail Use% Mounted on
/dev/nvme0n1p1                               20G  8.6G   12G  43% /
/dev/nvme0n1p128                             10M  1.3M  8.7M  13% /boot/efi
/dev/nvme1n1p2                              290G  209G   82G  72% /data
172.22.10.12:/data/sftpuser/upseusftpuser/  177G   94G   75G  56% /data/sftpuser/upseusftpuser
fs-0e7211c7.efs.eu-west-1.amazonaws.com:/   8.0E  3.1T  8.0E   1% /data2
devtmpfs                                    4.0M     0  4.0M   0% /dev
tmpfs                                       7.7G     0  7.7G   0% /dev/shm
tmpfs                                       3.1G  772K  3.1G   1% /run
tmpfs                                       1.6G     0  1.6G   0% /run/user/2001
tmpfs                                       1.6G     0  1.6G   0% /run/user/992
tmpfs                                       7.7G  258M  7.4G   4% /tmp
-------------------------------------

Application Port Validation for Server IP: 172.22.10.44 started on Sun Oct 26 04:50:13 UTC 2025

Server IP: 172.22.10.44 is reachable.

SSH Service (Port 22) Status:
SSH Service (Port 22): NOT REACHABLE
-------------------------------------

FTP Service Validation for Server IP: 172.22.10.44

FTP Service (Port 21): NOT REACHABLE
No FTP processes detected
-------------------------------------

CUPS Service Validation for Server IP: 172.22.10.44

CUPS Service (Port 631): NOT REACHABLE

Printer Configuration:
Total Printers Configured: 522
Printer Details:
printer ALPH_LBL_001 now printing ALPH_LBL_001-3196344.  enabled since Sun Oct 26 03:00:41 2025
	The printer is not responding.
printer ALPH_LSR_001 is idle.  enabled since Tue Oct 21 10:38:57 2025
printer BVI_LBL_01 is idle.  enabled since Tue Mar 14 06:12:45 2023
printer BVINL_LBL_CHECK01 is idle.  enabled since Mon Oct 20 07:37:23 2025
printer BVINL_LBL_REC01 is idle.  enabled since Wed Aug 20 09:20:24 2025
printer BVINL_LBL_SHIP1 is idle.  enabled since Thu Oct 23 08:54:22 2025
printer BVINL_LBL_SHIP2 is idle.  enabled since Wed Oct 22 09:15:11 2025
printer BVINL_LSR_REC01 is idle.  enabled since Tue Oct 21 08:29:04 2025
printer BVINL_LSR_SHIP1 is idle.  enabled since Thu Oct 23 09:50:21 2025
printer BVINL_LSR_SHIP2 is idle.  enabled since Wed Oct 22 13:31:51 2025
printer CZTCH_EW_LBL_04 is idle.  enabled since Tue Oct  7 06:12:17 2025
printer CZTCH_EW_LBL_05 is idle.  enabled since Tue Oct  7 06:13:31 2025
printer CZTCH_FLCO_LBL_001 is idle.  enabled since Thu Sep 18 07:37:16 2025
printer CZTCH_FLCO_LBL_002 is idle.  enabled since Thu Aug 29 16:59:18 2024
printer CZTCH_FLCO_LSR_001 is idle.  enabled since Thu Sep 18 07:37:46 2025
printer CZTCH_FLCO_LSR_002 is idle.  enabled since Fri Aug 30 09:44:00 2024
printer CZTCH_HFCE is idle.  enabled since Wed Apr 24 10:03:53 2024
printer CZTCH_LBL_01 is idle.  enabled since Fri Nov 29 09:11:56 2024
printer CZTCH_LBL_EW is idle.  enabled since Thu Oct 23 09:33:20 2025
printer CZTCH_LBL_EW3 is idle.  enabled since Fri Oct 17 11:09:19 2025
printer CZTCH_LBL_XPJHF is idle.  enabled since Tue Mar 14 06:12:45 2023
printer CZTCH_LSR_01 is idle.  enabled since Fri Nov 29 12:13:19 2024
printer CZTCH_LSR_EW is idle.  enabled since Thu Oct 23 09:35:23 2025
printer CZTCH_LSR_EW2 is idle.  enabled since Thu Oct 23 09:46:49 2025
printer CZTCH_LSR_EW3 is idle.  enabled since Tue Sep 16 13:43:54 2025
printer CZTCHP2009 is idle.  enabled since Thu Oct 19 17:49:28 2023
printer CZTCHP2011_LBL is idle.  enabled since Thu Oct 23 06:04:53 2025
printer DEBUT_DIV_LBL_01 is idle.  enabled since Tue Feb 20 16:11:32 2024
printer DEBUT_DIV_LBL_02 is idle.  enabled since Tue Feb 20 16:12:03 2024
printer DEBUT_DIV_LBL_03 is idle.  enabled since Tue Feb 20 16:13:06 2024
printer DEBUT_DIV_LBL_04 is idle.  enabled since Mon Dec 23 09:42:45 2024
printer DEBUT_DIV_LBL_05 is idle.  enabled since Tue Feb 20 16:14:05 2024
printer DEBUT_DIV_LBL_06 is idle.  enabled since Tue Feb 20 16:14:39 2024
printer DEBUT_DIV_LBL_07 is idle.  enabled since Tue Feb 20 16:15:23 2024
printer DEBUT_DIV_LBL_08 is idle.  enabled since Tue Feb 20 16:15:55 2024
printer DEBUT_DIV_LBL_09 is idle.  enabled since Thu Feb 22 13:34:47 2024
printer DEBUT_DIV_LBL_10 is idle.  enabled since Wed Mar 13 17:32:10 2024
printer DEBUT_DIV_LBL_11 is idle.  enabled since Fri Sep 13 14:56:55 2024
printer DEBUT_DIV_LBL_12 is idle.  enabled since Fri Sep 13 14:58:09 2024
printer DEBUT_DIV_LBL_13 is idle.  enabled since Fri Oct  4 07:06:08 2024
printer DEBUT_DIV_LBL_14 is idle.  enabled since Fri Oct  4 07:17:23 2024
printer DEBUT_DIV_LBL_15 is idle.  enabled since Fri May  9 11:27:13 2025
printer DEBUT_DIV_LBL_16 is idle.  enabled since Fri Oct  4 07:34:46 2024
printer DEBUT_DIV_LSR_01 is idle.  enabled since Wed Oct 22 13:24:52 2025
printer DEBUT_DIV_LSR_02 is idle.  enabled since Thu Oct 23 09:46:01 2025
printer DEBUT_DIV_LSR_03 is idle.  enabled since Wed Aug 13 08:00:47 2025
printer DEBUT_DIV_LSR_04 is idle.  enabled since Thu Oct 23 09:32:31 2025
printer DEBUT_DIV_LSR_10 is idle.  enabled since Thu Oct 23 09:45:39 2025
printer DEBUT_DIV_LSR_11 is idle.  enabled since Thu Oct 23 09:22:48 2025
printer DEBUT_DIV_LSR_12 is idle.  enabled since Thu Oct 23 09:31:37 2025
printer DEBUT_DIV_LSR_13 is idle.  enabled since Thu Oct 23 09:48:27 2025
printer DEBUT_DIV_LSR_14 is idle.  enabled since Thu Oct 23 09:46:01 2025
printer DEBUT_DIV_LSR_15 is idle.  enabled since Thu Oct 23 09:46:01 2025
printer DEBUT_HOVAL_LBL_001 is idle.  enabled since Mon Jun 16 09:45:31 2025
printer DEBUT_HOVAL_LSR_001 is idle.  enabled since Wed Oct 22 12:59:50 2025
printer DEBUT_LBL_01 is idle.  enabled since Tue Mar 14 06:12:45 2023
printer DEBUT_LBL_02 is idle.  enabled since Tue Mar 14 06:12:45 2023
printer DEBUT_LBL_03 is idle.  enabled since Mon Sep 15 08:30:05 2025
printer DEBUT_LBL_04 is idle.  enabled since Mon Feb 19 10:22:38 2024
printer DEBUT_LBL_05 is idle.  enabled since Mon Feb 19 09:35:16 2024
printer DEBUT_LBL_06 is idle.  enabled since Tue Mar 14 06:12:45 2023
printer DEBUT_LBL_07 is idle.  enabled since Wed Apr 10 07:45:57 2024
printer DEBUT_LBL_08 is idle.  enabled since Mon Feb 19 06:35:11 2024
printer DEBUT_LBL_09 is idle.  enabled since Tue Mar 14 06:12:45 2023
printer DEBUT_LBL_10 is idle.  enabled since Mon Feb 19 06:36:57 2024
printer DEBUT_LBL_11 is idle.  enabled since Tue Mar 14 06:12:45 2023
printer DEBUT_LBL_12 is idle.  enabled since Tue Mar 14 06:12:45 2023
printer DEBUT_LBL_13 is idle.  enabled since Tue Mar 14 06:12:45 2023
printer DEBUT_LBL_14 is idle.  enabled since Tue Mar 14 06:12:45 2023
printer DEBUT_LBL_15 is idle.  enabled since Mon Feb 19 06:34:00 2024
printer DEBUT_LBL_16 is idle.  enabled since Tue Mar 14 06:12:45 2023
printer DEBUT_LBL_17 is idle.  enabled since Tue Mar 14 06:12:45 2023
printer DEBUT_LBL_18 is idle.  enabled since Tue Mar 14 06:12:45 2023
printer DEBUT_LBL_19 is idle.  enabled since Tue Mar 14 06:12:45 2023
printer DEBUT_LBL_20 is idle.  enabled since Tue Mar 14 06:12:45 2023
printer DEBUT_LBL_21 is idle.  enabled since Tue Mar 14 06:12:45 2023
printer DEBUT_LBL_22 is idle.  enabled since Tue Mar 14 06:12:45 2023
printer DEBUT_LBL_23 is idle.  enabled since Tue Mar 14 06:12:45 2023
printer DEBUT_LBL_24 is idle.  enabled since Tue Mar 14 06:12:45 2023
printer DEBUT_LBL_25 is idle.  enabled since Tue Mar 14 06:12:45 2023
printer DEBUT_LBL_26 is idle.  enabled since Mon Feb 19 10:22:43 2024
printer DEBUT_LBL_27 is idle.  enabled since Tue Mar 14 06:12:45 2023
printer DEBUT_LBL_28 is idle.  enabled since Mon Feb 19 09:24:38 2024
printer DEBUT_LBL_29 is idle.  enabled since Mon Feb 19 10:22:53 2024
printer DEBUT_LBL_30 is idle.  enabled since Tue Mar 14 06:12:45 2023
printer DEBUT_LBL_31 is idle.  enabled since Tue Mar 14 06:12:45 2023
printer DEBUT_LBL_32 is idle.  enabled since Tue Mar 14 06:12:45 2023
printer DEBUT_LBL_33 is idle.  enabled since Tue Mar 14 06:12:45 2023
printer DEBUT_LBL_34 is idle.  enabled since Mon Feb 19 06:59:13 2024
printer DEBUT_LBL_35 is idle.  enabled since Mon Feb 19 09:41:58 2024
printer DEBUT_LBL_36 is idle.  enabled since Fri Nov 24 10:04:29 2023
printer DEBUT_LBL_37 is idle.  enabled since Mon Feb 19 07:45:08 2024
printer DEBUT_LBL_38 is idle.  enabled since Tue Mar 14 06:12:45 2023
printer DEBUT_LBL_39 is idle.  enabled since Tue Mar 14 06:12:45 2023
printer DEBUT_LBL_40 is idle.  enabled since Tue Mar 14 06:12:45 2023
printer DEBUT_LBL_41 is idle.  enabled since Tue Mar 14 06:12:45 2023
printer DEBUT_LBL_42 is idle.  enabled since Tue Mar 14 06:12:45 2023
printer DEBUT_LBL_43 is idle.  enabled since Tue Mar 14 06:12:45 2023
printer DEBUT_LBL_44 is idle.  enabled since Mon Feb 19 06:31:48 2024
printer DEBUT_LBL_45 is idle.  enabled since Tue Mar 14 06:12:45 2023
printer DEBUT_LBL_46 is idle.  enabled since Wed Oct 22 07:26:42 2025
printer DEBUT_LBL_47 is idle.  enabled since Tue Mar 14 06:12:45 2023
printer DEBUT_LBL_48 is idle.  enabled since Tue Mar 14 06:12:45 2023
printer DEBUT_LBL_50 is idle.  enabled since Tue Mar 14 06:12:45 2023
printer DEBUT_LBL_51 is idle.  enabled since Mon Feb 19 10:20:13 2024
printer DEBUT_LBL_52 is idle.  enabled since Mon Aug  4 07:48:13 2025
printer DEBUT_LBL_TEST is idle.  enabled since Tue Mar 14 06:12:45 2023
printer DEBUT_LBL_WELLHC is idle.  enabled since Tue Mar 14 06:12:45 2023
printer DEBUT_LSR_01 is idle.  enabled since Wed Oct 22 13:43:18 2025
printer DEBUT_LSR_02 is idle.  enabled since Wed Oct 22 13:56:49 2025
printer DEBUT_LSR_03 is idle.  enabled since Wed Oct 22 14:05:24 2025
printer DEBUT_LSR_04 is idle.  enabled since Thu Jul 10 14:48:34 2025
printer DEBUT_LSR_05 is idle.  enabled since Mon Oct 20 12:28:11 2025
printer DEBUT_LSR_06 is idle.  enabled since Thu Oct 23 08:49:29 2025
printer DEBUT_LSR_07 is idle.  enabled since Thu Oct 23 09:46:10 2025
printer DEBUT_LSR_08 is idle.  enabled since Thu Oct 23 09:49:09 2025
printer DEBUT_LSR_09 is idle.  enabled since Wed Oct 22 14:06:03 2025
printer DEBUT_LSR_11 is idle.  enabled since Wed Oct 22 13:26:56 2025
printer DEBUT_LSR_12 is idle.  enabled since Thu Oct 23 07:16:36 2025
printer DEBUT_LSR_13 is idle.  enabled since Tue Mar 14 06:12:46 2023
printer DEBUT_LSR_14 is idle.  enabled since Tue Mar 14 06:12:46 2023
printer DEBUT_LSR_16 is idle.  enabled since Wed Apr 23 23:00:25 2025
printer DEBUT_LSR_25 is idle.  enabled since Tue Mar 14 06:12:46 2023
printer DEBUT_LSR_26 is idle.  enabled since Sat Jun 28 09:31:22 2025
printer DEBUT_LSR_27 is idle.  enabled since Thu Oct 23 09:49:57 2025
printer DEBUT_LSR_28 is idle.  enabled since Fri Oct 25 15:13:07 2024
printer DEBUT_LSR_29 is idle.  enabled since Wed Apr  9 15:23:15 2025
printer DEBUT_LSR_30 is idle.  enabled since Wed Oct 22 13:38:04 2025
printer DEBUT_LSR_31 is idle.  enabled since Thu Oct 23 09:49:59 2025
printer DEBUT_LSR_32 is idle.  enabled since Wed Aug 28 17:32:51 2024
printer DEBUT_LSR_34 is idle.  enabled since Fri Nov 24 10:21:58 2023
printer DEBUT_LSR_35 is idle.  enabled since Wed Aug 20 15:25:06 2025
printer DEBUT_LSR_36 is idle.  enabled since Thu Oct 23 09:41:08 2025
printer DEBUT_LSR_37 is idle.  enabled since Thu Oct 23 09:49:41 2025
printer DEBUT_LSR_38 is idle.  enabled since Thu Oct 23 09:47:43 2025
printer DEBUT_LSR_39 is idle.  enabled since Wed Oct 22 14:05:14 2025
printer DEBUT_LSR_40 is idle.  enabled since Thu Oct 23 09:49:51 2025
printer DEBUT_LSR_42 is idle.  enabled since Sun Oct 27 05:29:19 2024
printer DEBUT_LSR_43 is idle.  enabled since Tue Aug 27 12:46:09 2024
printer DEBUT_LSR_45 is idle.  enabled since Wed Oct 22 14:04:18 2025
printer DEBUT_LSR_46 is idle.  enabled since Mon Sep 15 12:23:36 2025
printer DEBUT_LSR_47 is idle.  enabled since Thu Oct 23 09:47:21 2025
printer DEBUT_LSR_48 is idle.  enabled since Mon Feb 24 20:58:33 2025
printer DEBUT_LSR_49 is idle.  enabled since Tue Mar 14 06:12:46 2023
printer DEBUT_LSR_50 is idle.  enabled since Thu Oct 19 17:48:29 2023
printer DEBUT_LSR_WELLHC is idle.  enabled since Tue Sep 16 16:29:28 2025
printer DEBUT_NOVO_LBL01 is idle.  enabled since Wed Sep 10 05:53:08 2025
printer DEBUT_NOVO_LSR01 is idle.  enabled since Wed Sep 17 05:54:31 2025
printer DEBUT_RFID1_WELLHC is idle.  enabled since Tue Mar 14 06:12:46 2023
printer DEBUT_RFID2_WELLHC is idle.  enabled since Tue Mar 14 06:12:46 2023
printer DEBUT_RICOLA_LBL01 is idle.  enabled since Wed Dec 18 16:26:05 2024
printer DEBUT_STL_001 is idle.  enabled since Tue Mar 14 06:12:46 2023
printer DEBUT_STL_002 is idle.  enabled since Tue Mar 14 06:12:46 2023
printer DEBUT_STO_001 is idle.  enabled since Tue Mar 14 06:12:46 2023
printer DEBUT_STO_002 is idle.  enabled since Tue Mar 14 06:12:46 2023
printer DEKRE_CSM_LBL_001 is idle.  enabled since Mon Jan 27 10:29:13 2025
printer DEKRE_CSM_LBL_002 is idle.  enabled since Tue Apr 22 06:19:49 2025
printer DEKRE_CSM_LBL_003 is idle.  enabled since Mon Jan 27 10:29:23 2025
printer DEKRE_CSM_LBL_004 is idle.  enabled since Mon Jan 27 10:29:23 2025
printer DEKRE_CSM_LBL_005 is idle.  enabled since Mon Jan 27 10:29:29 2025
printer DEKRE_CSM_LBL_006 is idle.  enabled since Tue Feb  4 13:23:11 2025
printer DEKRE_LBL_KIT01 is idle.  enabled since Tue Mar 14 06:12:46 2023
printer DEKRE_LBL_KIT02 is idle.  enabled since Wed Nov 13 11:33:30 2024
printer DEKRE_LBL_KIT03 is idle.  enabled since Tue Mar 14 06:12:46 2023
printer DEKRE_LBL_LH is idle.  enabled since Fri Oct 11 09:43:07 2024
printer DEKRE_LBL_LH01 is idle.  enabled since Tue Mar 14 06:12:46 2023
printer DEKRE_LBL_OB011 is idle.  enabled since Tue Mar 14 06:12:46 2023
printer DEKRE_LBL_OB012 is idle.  enabled since Tue Mar 14 06:12:46 2023
printer DEKRE_LBL_OB021 is idle.  enabled since Tue Mar 14 06:12:46 2023
printer DEKRE_LBL_OB022 is idle.  enabled since Tue Mar 14 06:12:46 2023
printer DEKRE_LBL_OB031 is idle.  enabled since Tue Mar 14 06:12:46 2023
printer DEKRE_LBL_OB032 is idle.  enabled since Tue Mar 14 06:12:46 2023
printer DEKRE_LBL_OB034 is idle.  enabled since Tue Mar 14 06:12:46 2023
printer DEKRE_LBL_OB035 is idle.  enabled since Tue Mar 14 06:12:46 2023
printer DEKRE_LSR_LH is idle.  enabled since Fri Aug 23 18:16:02 2024
printer DEKRE_LSR_OB010 is idle.  enabled since Thu Jan 30 16:04:30 2025
printer DEKRE_LSR_OB020 is idle.  enabled since Wed Feb 26 10:05:43 2025
printer DEKRE_LSR_OB030 is idle.  enabled since Thu Jan 16 12:26:39 2025
printer DEKRE_LSR_OB033 is idle.  enabled since Wed Jan 15 16:12:16 2025
printer DEKRE_NOVO_LBL_001 is idle.  enabled since Mon Oct 20 12:37:44 2025
printer DEKRE_NOVO_LSR_001 is idle.  enabled since Mon Sep 15 08:46:23 2025
printer DESCA_LBL_01 is idle.  enabled since Thu Oct 23 08:48:28 2025
printer DESCA_LSR_01 is idle.  enabled since Thu Oct 23 07:01:46 2025
printer DRUKARKA now printing DRUKARKA-3242730.  enabled since Sun Oct 26 03:04:35 2025
	The printer is not responding.
printer EEROLABEL1 is idle.  enabled since Wed Oct 22 12:15:28 2025
printer EEROLASER1 is idle.  enabled since Wed Oct 22 13:52:16 2025
printer ESRDM_LBL_01 is idle.  enabled since Thu Oct 23 08:52:13 2025
printer ESRDM_LBL_02 is idle.  enabled since Thu Aug  7 08:12:56 2025
printer ESRDM_LSR_01 is idle.  enabled since Fri Apr 11 14:24:55 2025
printer EURNLRNDP1001 is idle.  enabled since Tue Sep 16 10:23:01 2025
printer EURNLRNDP1002 is idle.  enabled since Tue Oct 21 06:55:06 2025
printer EURNLRNDP1003 is idle.  enabled since Mon Oct 14 08:08:25 2024
printer EURNLRNDP1004 is idle.  enabled since Thu Oct 23 08:55:47 2025
printer EURNLRNDP1005 is idle.  enabled since Wed Jun 25 09:57:58 2025
printer EURNLRNDP1006 is idle.  enabled since Wed Aug 13 10:01:12 2025
printer EURNLRNDP1007 is idle.  enabled since Mon Oct 20 14:28:55 2025
printer EURNLRNDP1008 is idle.  enabled since Mon Feb 24 11:18:11 2025
printer EURNLRNDP1009 is idle.  enabled since Thu Aug 21 19:49:15 2025
printer EURNLRNDP1010 is idle.  enabled since Mon Apr  7 13:57:43 2025
printer EURNLRNDP1011 is idle.  enabled since Tue Jun 10 10:27:10 2025
printer EURNLRNDP1012 is idle.  enabled since Tue Mar 14 06:12:46 2023
printer EURNLRNDP1021 is idle.  enabled since Wed Oct 22 13:24:47 2025
printer EURNLRNDP1023 is idle.  enabled since Mon Nov 20 14:25:53 2023
printer EURNLRNDP2001 is idle.  enabled since Thu Oct  9 00:00:44 2025
printer EURNLRNDP2002 is idle.  enabled since Tue Jul  8 08:47:55 2025
printer EURNLRNDP2003 is idle.  enabled since Sun Aug  3 12:30:08 2025
printer EURNLRNDP2004 is idle.  enabled since Tue Oct 21 09:57:11 2025
printer EURNLRNDP2005 is idle.  enabled since Thu Jan  2 08:52:31 2025
printer EURNLRNDP2006 is idle.  enabled since Wed Oct 22 10:29:20 2025
printer EURNLRNDP2007 is idle.  enabled since Thu Jul 10 14:28:30 2025
printer EURNLRNDP2008 is idle.  enabled since Wed Oct 22 10:30:27 2025
printer EURNLRNDP2009 is idle.  enabled since Fri May 23 12:08:28 2025
printer EURNLRNDP2010 is idle.  enabled since Fri Jul  4 12:10:06 2025
printer EURNLRNDP2011 is idle.  enabled since Wed Aug  6 07:14:23 2025
printer EURNLRNDP2014 is idle.  enabled since Wed Oct 22 13:27:29 2025
printer EURNLRNDP2020 is idle.  enabled since Wed Oct 22 11:32:52 2025
printer EURNLRNDP2021 is idle.  enabled since Wed Oct 22 11:33:48 2025
printer EURNLRNDP2024 is idle.  enabled since Tue Jul 22 09:03:58 2025
printer EURNLRNDP4107 is idle.  enabled since Wed Oct 22 10:59:45 2025
printer FRSQF_LBL_CTF is idle.  enabled since Mon Nov 18 14:38:14 2024
printer FRSQF_LBL_OB_CTF is idle.  enabled since Mon Nov 18 14:39:14 2024
printer FRSQF_LSR_CTF is idle.  enabled since Thu Nov 28 14:19:48 2024
printer FRSQF_LSR_IB_CTF is idle.  enabled since Fri Sep 27 13:20:26 2024
printer FRSWI_EMDFR_LBL_01 is idle.  enabled since Sat Nov  9 09:25:53 2024
printer FRSWI_EMDFR_LSR_01 is idle.  enabled since Thu Aug  7 10:38:02 2025
printer FRSWI_LBL_03 is idle.  enabled since Wed Dec  4 06:44:54 2024
printer GAAPR_SCOTT is idle.  enabled since Tue Apr  2 10:42:18 2024
printer GBCOV_04 is idle.  enabled since Tue Mar 14 06:12:47 2023
printer GBCOV_BVIUK_LBL_IB01 is idle.  enabled since Wed Oct 22 11:03:38 2025
printer GBCOV_BVIUK_LBL_IB02 is idle.  enabled since Thu Oct 23 09:42:07 2025
printer GBCOV_BVIUK_LBL_OB01 is idle.  enabled since Wed Oct 22 12:46:47 2025
printer GBCOV_BVIUK_LBL_OB02 is idle.  enabled since Thu Oct 23 08:42:15 2025
printer GBCOV_BVIUK_LSR_IB01 is idle.  enabled since Wed Oct 22 07:36:33 2025
printer GBCOV_BVIUK_LSR_IB02 is idle.  enabled since Tue Oct 21 12:04:42 2025
printer GBCOV_BVIUK_LSR_OB01 is idle.  enabled since Thu Oct 23 09:04:01 2025
printer GBCOV_BVIUK_LSR_OB02 is idle.  enabled since Thu Oct 23 08:16:46 2025
printer GBCOV_LBL_002 is idle.  enabled since Thu Oct 23 09:00:08 2025
printer GBCOV_LBL_003 is idle.  enabled since Wed Oct 22 09:45:22 2025
printer GBCOV_LBL_004 is idle.  enabled since Thu Oct 23 08:33:25 2025
printer GBCOV_LBL_005 is idle.  enabled since Thu Oct 23 09:17:05 2025
printer GBCOV_LBL_BDA is idle.  enabled since Tue Mar 14 06:12:47 2023
printer GBCOV_LBL_CSM01 is idle.  enabled since Thu Oct 23 07:20:25 2025
printer GBCOV_LBL_CSM02 is idle.  enabled since Wed Oct 22 12:57:56 2025
printer GBCOV_LSR_002 is idle.  enabled since Thu Oct 23 09:33:21 2025
printer GBCOV_LSR_003 is idle.  enabled since Wed Aug 20 14:00:08 2025
printer GBCOV_LSR_004 is idle.  enabled since Thu Oct 23 08:33:24 2025
printer GBCOV_LSR_005 is idle.  enabled since Tue Apr 15 10:05:59 2025
printer GBCOV_LSR_CSM01 is idle.  enabled since Thu Oct 23 07:20:26 2025
printer GBDRB_LBL_01 is idle.  enabled since Tue Mar 14 06:12:47 2023
printer GBDRN_LBL_001 is idle.  enabled since Thu Oct 23 08:58:51 2025
printer GBDRN_LSR_001 is idle.  enabled since Tue Mar 14 06:12:47 2023
printer GBDRN_LSR_002 is idle.  enabled since Tue Oct 21 10:36:47 2025
printer GBDWS_LBL_IB01 is idle.  enabled since Tue Mar 14 06:12:47 2023
printer GBDWS_LBL_IB02 is idle.  enabled since Tue Apr 29 11:24:57 2025
printer GBDWS_LBL_IB03 is idle.  enabled since Fri May  9 12:05:38 2025
printer GBDWS_LBL_OB01 is idle.  enabled since Tue Mar 14 06:12:47 2023
printer GBDWS_LBL_OB02 is idle.  enabled since Fri May  9 10:03:48 2025
printer GBDWS_LBL_OB03 is idle.  enabled since Fri May  9 10:57:30 2025
printer GBDWS_LSR_IB01 is idle.  enabled since Tue Mar 14 06:12:47 2023
printer GBDWS_LSR_IB02 is idle.  enabled since Tue Apr 29 15:42:21 2025
printer GBDWS_LSR_OB01 is idle.  enabled since Tue Mar 14 06:12:47 2023
printer GBDWS_LSR_OB02 is idle.  enabled since Fri May  9 12:04:35 2025
printer HUBOR_LBL_01 is idle.  enabled since Wed Oct 22 13:26:51 2025
printer HUBOR_LSR_01 is idle.  enabled since Mon Feb 26 12:59:53 2024
printer IESAT_ITG_LBL_01 is idle.  enabled since Thu Oct 23 08:09:58 2025
printer IESAT_ITG_LSR_01 is idle.  enabled since Thu Oct 23 09:42:58 2025
printer LB_NLRND_MWS2 is idle.  enabled since Fri May 24 10:38:27 2024
printer LFC_MEZ_SHIPPING_RIGHTSIDE is idle.  enabled since Wed Sep 10 19:40:58 2025
printer NLHKN_CHF_LBL_FG is idle.  enabled since Wed Oct 22 10:37:53 2025
printer NLHKN_CHF_LBL_SP is idle.  enabled since Thu Oct 23 07:42:24 2025
printer NLHKN_CHF_LSR_FG is idle.  enabled since Thu Oct 23 07:45:07 2025
printer NLHKN_CHF_LSR_SP is idle.  enabled since Thu Oct 23 09:11:10 2025
printer NLHKN_MONOS_LBL001 is idle.  enabled since Thu Sep 18 06:23:06 2025
printer NLHKN_MONOS_LSR001 is idle.  enabled since Tue Jul 22 13:46:23 2025
printer NLHKN_MONOS_MWS_LBL1 is idle.  enabled since Thu Oct 23 06:10:26 2025
printer NLHKN_MONOS_MWS_LSR1 is idle.  enabled since Fri Oct 17 11:52:45 2025
printer NLRMD_IB_MS_LBL_02 is idle.  enabled since Tue Mar 14 06:12:47 2023
printer NLRMD_IB_MS_LSR_02 is idle.  enabled since Tue Mar 14 06:12:47 2023
printer NLRMD_LBL_001 is idle.  enabled since Tue Mar 14 06:12:47 2023
printer NLRMD_LBL_FUR is idle.  enabled since Tue Mar 14 06:12:47 2023
printer NLRMD_LBL_FUR2 is idle.  enabled since Tue Apr 16 12:44:02 2024
printer NLRMD_LSR_001 is idle.  enabled since Tue Mar 14 06:12:47 2023
printer NLRMD_LSR_FUR is idle.  enabled since Sat Jan 11 17:26:10 2025
printer NLRMD_OB_OP_LBL_01 is idle.  enabled since Thu Aug 28 06:03:06 2025
printer NLRMD_OB_OP_LSR_01 is idle.  enabled since Wed Aug  6 14:05:06 2025
printer NLRMD_OB_PLR_LSR_01 is idle.  enabled since Tue Mar 14 06:12:47 2023
printer NLRND_AB_LBL_01 is idle.  enabled since Thu Jul 31 07:01:05 2025
printer NLRND_AB_LBL_02 is idle.  enabled since Wed Sep 10 04:28:48 2025
printer NLRND_AB_LBL_03 is idle.  enabled since Tue Jul 29 11:45:43 2025
printer NLRND_AB_LBL_04 is idle.  enabled since Tue Aug 26 04:11:54 2025
printer NLRND_AB_LBL_05 is idle.  enabled since Mon May 12 12:41:36 2025
printer NLRND_AB_LBL_06 is idle.  enabled since Mon Oct 20 04:27:31 2025
printer NLRND_AB_LBL_07 is idle.  enabled since Mon May 12 12:44:47 2025
printer NLRND_AB_LBL_08 is idle.  enabled --output truncated--
2025-10-26 00:50:43,825 - 17176 - ERROR - app_validation.sh errors for i-078ce009d29416e40:

2025-10-26 00:50:43,827 - 17176 - INFO - Before patching validation saved to: output/validation-2025-10-26/172.22.10.44-BeforePatching-2025-10-26-00-50-43-826.log
2025-10-26 00:50:43,828 - 17176 - INFO - Stopping EC2 instance: i-078ce009d29416e40 at 2025-10-26 00:50:43
2025-10-26 00:52:30,813 - 17176 - INFO - Instance i-078ce009d29416e40 stopped successfully.
2025-10-26 00:52:31,043 - 17176 - INFO - Stopped i-078ce009d29416e40 in 0:01:47.215604
2025-10-26 00:52:31,043 - 17176 - INFO - Starting EC2 instance: i-078ce009d29416e40
2025-10-26 00:52:46,861 - 17176 - INFO - Instance i-078ce009d29416e40 started successfully.
2025-10-26 00:52:46,861 - 17176 - INFO - Waiting 30 seconds for SSM agent to be ready on i-078ce009d29416e40...
2025-10-26 00:53:17,308 - 17176 - INFO - Sent app_validation.sh to i-078ce009d29416e40 (command_id: 63d4e244-3aac-4ab6-8978-d5bbfdb99c56)
2025-10-26 00:53:47,740 - 17176 - INFO - app_validation.sh output for i-078ce009d29416e40:

==============================================================================
Server Availability Check Started at Sun Oct 26 04:53:17 UTC 2025
==============================================================================

-------------------------------------
Server IP : 172.22.10.44
-------------------------------------
System Information
------------------
Hostname: ip-172-22-10-44.eu-west-1.compute.internal
Uptime: up 0 minutes
Current User: root
Working Directory: /usr/bin
-------------------------------------
Voice Console URL: http://172.22.10.44:9090/VoiceConsole
-------------------------------------

-------------------------------------
Server IP : 172.22.10.44
-------------------------------------
Physical Memory Information
---------------------------
Total Physical Memory = 15611 MB
Used Physical Memory  = 4295 MB
Free Physical Memory  = 11316 MB
-------------------------------------
Swap Memory Information
-----------------------
Total Swap Memory = 10239 MB
Used Swap Memory  = 0 MB
Free Swap Memory  = 10239 MB
-------------------------------------
Load Average: 12.90 3.10 1.03 31/714 4226
-------------------------------------

Disk Usage Information
----------------------
Filesystem                                  Size  Used Avail Use% Mounted on
/dev/nvme0n1p1                               20G  8.3G   12G  42% /
/dev/nvme0n1p128                             10M  1.3M  8.7M  13% /boot/efi
/dev/nvme1n1p2                              290G  209G   82G  72% /data
172.22.10.12:/data/sftpuser/upseusftpuser/  177G   94G   75G  56% /data/sftpuser/upseusftpuser
fs-0e7211c7.efs.eu-west-1.amazonaws.com:/   8.0E  3.1T  8.0E   1% /data2
devtmpfs                                    4.0M     0  4.0M   0% /dev
tmpfs                                       7.7G     0  7.7G   0% /dev/shm
tmpfs                                       3.1G  860K  3.1G   1% /run
tmpfs                                       1.6G     0  1.6G   0% /run/user/2001
tmpfs                                       1.6G     0  1.6G   0% /run/user/992
tmpfs                                       7.7G   65M  7.6G   1% /tmp
-------------------------------------

Application Port Validation for Server IP: 172.22.10.44 started on Sun Oct 26 04:53:17 UTC 2025

Server IP: 172.22.10.44 is reachable.

SSH Service (Port 22) Status:
SSH Service (Port 22): NOT REACHABLE
-------------------------------------

FTP Service Validation for Server IP: 172.22.10.44

FTP Service (Port 21): NOT REACHABLE
No FTP processes detected
-------------------------------------

CUPS Service Validation for Server IP: 172.22.10.44

CUPS Service (Port 631): NOT REACHABLE

Printer Configuration:
Total Printers Configured: 522
Printer Details:
printer ALPH_LBL_001 now printing ALPH_LBL_001-3196344.  enabled since Sun Oct 26 04:53:03 2025
	Connecting to printer.
printer ALPH_LSR_001 is idle.  enabled since Tue Oct 21 10:38:57 2025
printer BVI_LBL_01 is idle.  enabled since Tue Mar 14 06:12:45 2023
printer BVINL_LBL_CHECK01 is idle.  enabled since Mon Oct 20 07:37:23 2025
printer BVINL_LBL_REC01 is idle.  enabled since Wed Aug 20 09:20:24 2025
printer BVINL_LBL_SHIP1 is idle.  enabled since Thu Oct 23 08:54:22 2025
printer BVINL_LBL_SHIP2 is idle.  enabled since Wed Oct 22 09:15:11 2025
printer BVINL_LSR_REC01 is idle.  enabled since Tue Oct 21 08:29:04 2025
printer BVINL_LSR_SHIP1 is idle.  enabled since Thu Oct 23 09:50:21 2025
printer BVINL_LSR_SHIP2 is idle.  enabled since Wed Oct 22 13:31:51 2025
printer CZTCH_EW_LBL_04 is idle.  enabled since Tue Oct  7 06:12:17 2025
printer CZTCH_EW_LBL_05 is idle.  enabled since Tue Oct  7 06:13:31 2025
printer CZTCH_FLCO_LBL_001 is idle.  enabled since Thu Sep 18 07:37:16 2025
printer CZTCH_FLCO_LBL_002 is idle.  enabled since Thu Aug 29 16:59:18 2024
printer CZTCH_FLCO_LSR_001 is idle.  enabled since Thu Sep 18 07:37:46 2025
printer CZTCH_FLCO_LSR_002 is idle.  enabled since Fri Aug 30 09:44:00 2024
printer CZTCH_HFCE is idle.  enabled since Wed Apr 24 10:03:53 2024
printer CZTCH_LBL_01 is idle.  enabled since Fri Nov 29 09:11:56 2024
printer CZTCH_LBL_EW is idle.  enabled since Thu Oct 23 09:33:20 2025
printer CZTCH_LBL_EW3 is idle.  enabled since Fri Oct 17 11:09:19 2025
printer CZTCH_LBL_XPJHF is idle.  enabled since Tue Mar 14 06:12:45 2023
printer CZTCH_LSR_01 is idle.  enabled since Fri Nov 29 12:13:19 2024
printer CZTCH_LSR_EW is idle.  enabled since Thu Oct 23 09:35:23 2025
printer CZTCH_LSR_EW2 is idle.  enabled since Thu Oct 23 09:46:49 2025
printer CZTCH_LSR_EW3 is idle.  enabled since Tue Sep 16 13:43:54 2025
printer CZTCHP2009 is idle.  enabled since Thu Oct 19 17:49:28 2023
printer CZTCHP2011_LBL is idle.  enabled since Thu Oct 23 06:04:53 2025
printer DEBUT_DIV_LBL_01 is idle.  enabled since Tue Feb 20 16:11:32 2024
printer DEBUT_DIV_LBL_02 is idle.  enabled since Tue Feb 20 16:12:03 2024
printer DEBUT_DIV_LBL_03 is idle.  enabled since Tue Feb 20 16:13:06 2024
printer DEBUT_DIV_LBL_04 is idle.  enabled since Mon Dec 23 09:42:45 2024
printer DEBUT_DIV_LBL_05 is idle.  enabled since Tue Feb 20 16:14:05 2024
printer DEBUT_DIV_LBL_06 is idle.  enabled since Tue Feb 20 16:14:39 2024
printer DEBUT_DIV_LBL_07 is idle.  enabled since Tue Feb 20 16:15:23 2024
printer DEBUT_DIV_LBL_08 is idle.  enabled since Tue Feb 20 16:15:55 2024
printer DEBUT_DIV_LBL_09 is idle.  enabled since Thu Feb 22 13:34:47 2024
printer DEBUT_DIV_LBL_10 is idle.  enabled since Wed Mar 13 17:32:10 2024
printer DEBUT_DIV_LBL_11 is idle.  enabled since Fri Sep 13 14:56:55 2024
printer DEBUT_DIV_LBL_12 is idle.  enabled since Fri Sep 13 14:58:09 2024
printer DEBUT_DIV_LBL_13 is idle.  enabled since Fri Oct  4 07:06:08 2024
printer DEBUT_DIV_LBL_14 is idle.  enabled since Fri Oct  4 07:17:23 2024
printer DEBUT_DIV_LBL_15 is idle.  enabled since Fri May  9 11:27:13 2025
printer DEBUT_DIV_LBL_16 is idle.  enabled since Fri Oct  4 07:34:46 2024
printer DEBUT_DIV_LSR_01 is idle.  enabled since Wed Oct 22 13:24:52 2025
printer DEBUT_DIV_LSR_02 is idle.  enabled since Thu Oct 23 09:46:01 2025
printer DEBUT_DIV_LSR_03 is idle.  enabled since Wed Aug 13 08:00:47 2025
printer DEBUT_DIV_LSR_04 is idle.  enabled since Thu Oct 23 09:32:31 2025
printer DEBUT_DIV_LSR_10 is idle.  enabled since Thu Oct 23 09:45:39 2025
printer DEBUT_DIV_LSR_11 is idle.  enabled since Thu Oct 23 09:22:48 2025
printer DEBUT_DIV_LSR_12 is idle.  enabled since Thu Oct 23 09:31:37 2025
printer DEBUT_DIV_LSR_13 is idle.  enabled since Thu Oct 23 09:48:27 2025
printer DEBUT_DIV_LSR_14 is idle.  enabled since Thu Oct 23 09:46:01 2025
printer DEBUT_DIV_LSR_15 is idle.  enabled since Thu Oct 23 09:46:01 2025
printer DEBUT_HOVAL_LBL_001 is idle.  enabled since Mon Jun 16 09:45:31 2025
printer DEBUT_HOVAL_LSR_001 is idle.  enabled since Wed Oct 22 12:59:50 2025
printer DEBUT_LBL_01 is idle.  enabled since Tue Mar 14 06:12:45 2023
printer DEBUT_LBL_02 is idle.  enabled since Tue Mar 14 06:12:45 2023
printer DEBUT_LBL_03 is idle.  enabled since Mon Sep 15 08:30:05 2025
printer DEBUT_LBL_04 is idle.  enabled since Mon Feb 19 10:22:38 2024
printer DEBUT_LBL_05 is idle.  enabled since Mon Feb 19 09:35:16 2024
printer DEBUT_LBL_06 is idle.  enabled since Tue Mar 14 06:12:45 2023
printer DEBUT_LBL_07 is idle.  enabled since Wed Apr 10 07:45:57 2024
printer DEBUT_LBL_08 is idle.  enabled since Mon Feb 19 06:35:11 2024
printer DEBUT_LBL_09 is idle.  enabled since Tue Mar 14 06:12:45 2023
printer DEBUT_LBL_10 is idle.  enabled since Mon Feb 19 06:36:57 2024
printer DEBUT_LBL_11 is idle.  enabled since Tue Mar 14 06:12:45 2023
printer DEBUT_LBL_12 is idle.  enabled since Tue Mar 14 06:12:45 2023
printer DEBUT_LBL_13 is idle.  enabled since Tue Mar 14 06:12:45 2023
printer DEBUT_LBL_14 is idle.  enabled since Tue Mar 14 06:12:45 2023
printer DEBUT_LBL_15 is idle.  enabled since Mon Feb 19 06:34:00 2024
printer DEBUT_LBL_16 is idle.  enabled since Tue Mar 14 06:12:45 2023
printer DEBUT_LBL_17 is idle.  enabled since Tue Mar 14 06:12:45 2023
printer DEBUT_LBL_18 is idle.  enabled since Tue Mar 14 06:12:45 2023
printer DEBUT_LBL_19 is idle.  enabled since Tue Mar 14 06:12:45 2023
printer DEBUT_LBL_20 is idle.  enabled since Tue Mar 14 06:12:45 2023
printer DEBUT_LBL_21 is idle.  enabled since Tue Mar 14 06:12:45 2023
printer DEBUT_LBL_22 is idle.  enabled since Tue Mar 14 06:12:45 2023
printer DEBUT_LBL_23 is idle.  enabled since Tue Mar 14 06:12:45 2023
printer DEBUT_LBL_24 is idle.  enabled since Tue Mar 14 06:12:45 2023
printer DEBUT_LBL_25 is idle.  enabled since Tue Mar 14 06:12:45 2023
printer DEBUT_LBL_26 is idle.  enabled since Mon Feb 19 10:22:43 2024
printer DEBUT_LBL_27 is idle.  enabled since Tue Mar 14 06:12:45 2023
printer DEBUT_LBL_28 is idle.  enabled since Mon Feb 19 09:24:38 2024
printer DEBUT_LBL_29 is idle.  enabled since Mon Feb 19 10:22:53 2024
printer DEBUT_LBL_30 is idle.  enabled since Tue Mar 14 06:12:45 2023
printer DEBUT_LBL_31 is idle.  enabled since Tue Mar 14 06:12:45 2023
printer DEBUT_LBL_32 is idle.  enabled since Tue Mar 14 06:12:45 2023
printer DEBUT_LBL_33 is idle.  enabled since Tue Mar 14 06:12:45 2023
printer DEBUT_LBL_34 is idle.  enabled since Mon Feb 19 06:59:13 2024
printer DEBUT_LBL_35 is idle.  enabled since Mon Feb 19 09:41:58 2024
printer DEBUT_LBL_36 is idle.  enabled since Fri Nov 24 10:04:29 2023
printer DEBUT_LBL_37 is idle.  enabled since Mon Feb 19 07:45:08 2024
printer DEBUT_LBL_38 is idle.  enabled since Tue Mar 14 06:12:45 2023
printer DEBUT_LBL_39 is idle.  enabled since Tue Mar 14 06:12:45 2023
printer DEBUT_LBL_40 is idle.  enabled since Tue Mar 14 06:12:45 2023
printer DEBUT_LBL_41 is idle.  enabled since Tue Mar 14 06:12:45 2023
printer DEBUT_LBL_42 is idle.  enabled since Tue Mar 14 06:12:45 2023
printer DEBUT_LBL_43 is idle.  enabled since Tue Mar 14 06:12:45 2023
printer DEBUT_LBL_44 is idle.  enabled since Mon Feb 19 06:31:48 2024
printer DEBUT_LBL_45 is idle.  enabled since Tue Mar 14 06:12:45 2023
printer DEBUT_LBL_46 is idle.  enabled since Wed Oct 22 07:26:42 2025
printer DEBUT_LBL_47 is idle.  enabled since Tue Mar 14 06:12:45 2023
printer DEBUT_LBL_48 is idle.  enabled since Tue Mar 14 06:12:45 2023
printer DEBUT_LBL_50 is idle.  enabled since Tue Mar 14 06:12:45 2023
printer DEBUT_LBL_51 is idle.  enabled since Mon Feb 19 10:20:13 2024
printer DEBUT_LBL_52 is idle.  enabled since Mon Aug  4 07:48:13 2025
printer DEBUT_LBL_TEST is idle.  enabled since Tue Mar 14 06:12:45 2023
printer DEBUT_LBL_WELLHC is idle.  enabled since Tue Mar 14 06:12:45 2023
printer DEBUT_LSR_01 is idle.  enabled since Wed Oct 22 13:43:18 2025
printer DEBUT_LSR_02 is idle.  enabled since Wed Oct 22 13:56:49 2025
printer DEBUT_LSR_03 is idle.  enabled since Wed Oct 22 14:05:24 2025
printer DEBUT_LSR_04 is idle.  enabled since Thu Jul 10 14:48:34 2025
printer DEBUT_LSR_05 is idle.  enabled since Mon Oct 20 12:28:11 2025
printer DEBUT_LSR_06 is idle.  enabled since Thu Oct 23 08:49:29 2025
printer DEBUT_LSR_07 is idle.  enabled since Thu Oct 23 09:46:10 2025
printer DEBUT_LSR_08 is idle.  enabled since Thu Oct 23 09:49:09 2025
printer DEBUT_LSR_09 is idle.  enabled since Wed Oct 22 14:06:03 2025
printer DEBUT_LSR_11 is idle.  enabled since Wed Oct 22 13:26:56 2025
printer DEBUT_LSR_12 is idle.  enabled since Thu Oct 23 07:16:36 2025
printer DEBUT_LSR_13 is idle.  enabled since Tue Mar 14 06:12:46 2023
printer DEBUT_LSR_14 is idle.  enabled since Tue Mar 14 06:12:46 2023
printer DEBUT_LSR_16 is idle.  enabled since Wed Apr 23 23:00:25 2025
printer DEBUT_LSR_25 is idle.  enabled since Tue Mar 14 06:12:46 2023
printer DEBUT_LSR_26 is idle.  enabled since Sat Jun 28 09:31:22 2025
printer DEBUT_LSR_27 is idle.  enabled since Thu Oct 23 09:49:57 2025
printer DEBUT_LSR_28 is idle.  enabled since Fri Oct 25 15:13:07 2024
printer DEBUT_LSR_29 is idle.  enabled since Wed Apr  9 15:23:15 2025
printer DEBUT_LSR_30 is idle.  enabled since Wed Oct 22 13:38:04 2025
printer DEBUT_LSR_31 is idle.  enabled since Thu Oct 23 09:49:59 2025
printer DEBUT_LSR_32 is idle.  enabled since Wed Aug 28 17:32:51 2024
printer DEBUT_LSR_34 is idle.  enabled since Fri Nov 24 10:21:58 2023
printer DEBUT_LSR_35 is idle.  enabled since Wed Aug 20 15:25:06 2025
printer DEBUT_LSR_36 is idle.  enabled since Thu Oct 23 09:41:08 2025
printer DEBUT_LSR_37 is idle.  enabled since Thu Oct 23 09:49:41 2025
printer DEBUT_LSR_38 is idle.  enabled since Thu Oct 23 09:47:43 2025
printer DEBUT_LSR_39 is idle.  enabled since Wed Oct 22 14:05:14 2025
printer DEBUT_LSR_40 is idle.  enabled since Thu Oct 23 09:49:51 2025
printer DEBUT_LSR_42 is idle.  enabled since Sun Oct 27 05:29:19 2024
printer DEBUT_LSR_43 is idle.  enabled since Tue Aug 27 12:46:09 2024
printer DEBUT_LSR_45 is idle.  enabled since Wed Oct 22 14:04:18 2025
printer DEBUT_LSR_46 is idle.  enabled since Mon Sep 15 12:23:36 2025
printer DEBUT_LSR_47 is idle.  enabled since Thu Oct 23 09:47:21 2025
printer DEBUT_LSR_48 is idle.  enabled since Mon Feb 24 20:58:33 2025
printer DEBUT_LSR_49 is idle.  enabled since Tue Mar 14 06:12:46 2023
printer DEBUT_LSR_50 is idle.  enabled since Thu Oct 19 17:48:29 2023
printer DEBUT_LSR_WELLHC is idle.  enabled since Tue Sep 16 16:29:28 2025
printer DEBUT_NOVO_LBL01 is idle.  enabled since Wed Sep 10 05:53:08 2025
printer DEBUT_NOVO_LSR01 is idle.  enabled since Wed Sep 17 05:54:31 2025
printer DEBUT_RFID1_WELLHC is idle.  enabled since Tue Mar 14 06:12:46 2023
printer DEBUT_RFID2_WELLHC is idle.  enabled since Tue Mar 14 06:12:46 2023
printer DEBUT_RICOLA_LBL01 is idle.  enabled since Wed Dec 18 16:26:05 2024
printer DEBUT_STL_001 is idle.  enabled since Tue Mar 14 06:12:46 2023
printer DEBUT_STL_002 is idle.  enabled since Tue Mar 14 06:12:46 2023
printer DEBUT_STO_001 is idle.  enabled since Tue Mar 14 06:12:46 2023
printer DEBUT_STO_002 is idle.  enabled since Tue Mar 14 06:12:46 2023
printer DEKRE_CSM_LBL_001 is idle.  enabled since Mon Jan 27 10:29:13 2025
printer DEKRE_CSM_LBL_002 is idle.  enabled since Tue Apr 22 06:19:49 2025
printer DEKRE_CSM_LBL_003 is idle.  enabled since Mon Jan 27 10:29:23 2025
printer DEKRE_CSM_LBL_004 is idle.  enabled since Mon Jan 27 10:29:23 2025
printer DEKRE_CSM_LBL_005 is idle.  enabled since Mon Jan 27 10:29:29 2025
printer DEKRE_CSM_LBL_006 is idle.  enabled since Tue Feb  4 13:23:11 2025
printer DEKRE_LBL_KIT01 is idle.  enabled since Tue Mar 14 06:12:46 2023
printer DEKRE_LBL_KIT02 is idle.  enabled since Wed Nov 13 11:33:30 2024
printer DEKRE_LBL_KIT03 is idle.  enabled since Tue Mar 14 06:12:46 2023
printer DEKRE_LBL_LH is idle.  enabled since Fri Oct 11 09:43:07 2024
printer DEKRE_LBL_LH01 is idle.  enabled since Tue Mar 14 06:12:46 2023
printer DEKRE_LBL_OB011 is idle.  enabled since Tue Mar 14 06:12:46 2023
printer DEKRE_LBL_OB012 is idle.  enabled since Tue Mar 14 06:12:46 2023
printer DEKRE_LBL_OB021 is idle.  enabled since Tue Mar 14 06:12:46 2023
printer DEKRE_LBL_OB022 is idle.  enabled since Tue Mar 14 06:12:46 2023
printer DEKRE_LBL_OB031 is idle.  enabled since Tue Mar 14 06:12:46 2023
printer DEKRE_LBL_OB032 is idle.  enabled since Tue Mar 14 06:12:46 2023
printer DEKRE_LBL_OB034 is idle.  enabled since Tue Mar 14 06:12:46 2023
printer DEKRE_LBL_OB035 is idle.  enabled since Tue Mar 14 06:12:46 2023
printer DEKRE_LSR_LH is idle.  enabled since Fri Aug 23 18:16:02 2024
printer DEKRE_LSR_OB010 is idle.  enabled since Thu Jan 30 16:04:30 2025
printer DEKRE_LSR_OB020 is idle.  enabled since Wed Feb 26 10:05:43 2025
printer DEKRE_LSR_OB030 is idle.  enabled since Thu Jan 16 12:26:39 2025
printer DEKRE_LSR_OB033 is idle.  enabled since Wed Jan 15 16:12:16 2025
printer DEKRE_NOVO_LBL_001 is idle.  enabled since Mon Oct 20 12:37:44 2025
printer DEKRE_NOVO_LSR_001 is idle.  enabled since Mon Sep 15 08:46:23 2025
printer DESCA_LBL_01 is idle.  enabled since Thu Oct 23 08:48:28 2025
printer DESCA_LSR_01 is idle.  enabled since Thu Oct 23 07:01:46 2025
printer DRUKARKA now printing DRUKARKA-3242730.  enabled since Sun Oct 26 04:53:17 2025
	Connecting to printer.
printer EEROLABEL1 is idle.  enabled since Wed Oct 22 12:15:28 2025
printer EEROLASER1 is idle.  enabled since Wed Oct 22 13:52:16 2025
printer ESRDM_LBL_01 is idle.  enabled since Thu Oct 23 08:52:13 2025
printer ESRDM_LBL_02 is idle.  enabled since Thu Aug  7 08:12:56 2025
printer ESRDM_LSR_01 is idle.  enabled since Fri Apr 11 14:24:55 2025
printer EURNLRNDP1001 is idle.  enabled since Tue Sep 16 10:23:01 2025
printer EURNLRNDP1002 is idle.  enabled since Tue Oct 21 06:55:06 2025
printer EURNLRNDP1003 is idle.  enabled since Mon Oct 14 08:08:25 2024
printer EURNLRNDP1004 is idle.  enabled since Thu Oct 23 08:55:47 2025
printer EURNLRNDP1005 is idle.  enabled since Wed Jun 25 09:57:58 2025
printer EURNLRNDP1006 is idle.  enabled since Wed Aug 13 10:01:12 2025
printer EURNLRNDP1007 is idle.  enabled since Mon Oct 20 14:28:55 2025
printer EURNLRNDP1008 is idle.  enabled since Mon Feb 24 11:18:11 2025
printer EURNLRNDP1009 is idle.  enabled since Thu Aug 21 19:49:15 2025
printer EURNLRNDP1010 is idle.  enabled since Mon Apr  7 13:57:43 2025
printer EURNLRNDP1011 is idle.  enabled since Tue Jun 10 10:27:10 2025
printer EURNLRNDP1012 is idle.  enabled since Tue Mar 14 06:12:46 2023
printer EURNLRNDP1021 is idle.  enabled since Wed Oct 22 13:24:47 2025
printer EURNLRNDP1023 is idle.  enabled since Mon Nov 20 14:25:53 2023
printer EURNLRNDP2001 is idle.  enabled since Thu Oct  9 00:00:44 2025
printer EURNLRNDP2002 is idle.  enabled since Tue Jul  8 08:47:55 2025
printer EURNLRNDP2003 is idle.  enabled since Sun Aug  3 12:30:08 2025
printer EURNLRNDP2004 is idle.  enabled since Tue Oct 21 09:57:11 2025
printer EURNLRNDP2005 is idle.  enabled since Thu Jan  2 08:52:31 2025
printer EURNLRNDP2006 is idle.  enabled since Wed Oct 22 10:29:20 2025
printer EURNLRNDP2007 is idle.  enabled since Thu Jul 10 14:28:30 2025
printer EURNLRNDP2008 is idle.  enabled since Wed Oct 22 10:30:27 2025
printer EURNLRNDP2009 is idle.  enabled since Fri May 23 12:08:28 2025
printer EURNLRNDP2010 is idle.  enabled since Fri Jul  4 12:10:06 2025
printer EURNLRNDP2011 is idle.  enabled since Wed Aug  6 07:14:23 2025
printer EURNLRNDP2014 is idle.  enabled since Wed Oct 22 13:27:29 2025
printer EURNLRNDP2020 is idle.  enabled since Wed Oct 22 11:32:52 2025
printer EURNLRNDP2021 is idle.  enabled since Wed Oct 22 11:33:48 2025
printer EURNLRNDP2024 is idle.  enabled since Tue Jul 22 09:03:58 2025
printer EURNLRNDP4107 is idle.  enabled since Wed Oct 22 10:59:45 2025
printer FRSQF_LBL_CTF is idle.  enabled since Mon Nov 18 14:38:14 2024
printer FRSQF_LBL_OB_CTF is idle.  enabled since Mon Nov 18 14:39:14 2024
printer FRSQF_LSR_CTF is idle.  enabled since Thu Nov 28 14:19:48 2024
printer FRSQF_LSR_IB_CTF is idle.  enabled since Fri Sep 27 13:20:26 2024
printer FRSWI_EMDFR_LBL_01 is idle.  enabled since Sat Nov  9 09:25:53 2024
printer FRSWI_EMDFR_LSR_01 is idle.  enabled since Thu Aug  7 10:38:02 2025
printer FRSWI_LBL_03 is idle.  enabled since Wed Dec  4 06:44:54 2024
printer GAAPR_SCOTT is idle.  enabled since Tue Apr  2 10:42:18 2024
printer GBCOV_04 is idle.  enabled since Tue Mar 14 06:12:47 2023
printer GBCOV_BVIUK_LBL_IB01 is idle.  enabled since Wed Oct 22 11:03:38 2025
printer GBCOV_BVIUK_LBL_IB02 is idle.  enabled since Thu Oct 23 09:42:07 2025
printer GBCOV_BVIUK_LBL_OB01 is idle.  enabled since Wed Oct 22 12:46:47 2025
printer GBCOV_BVIUK_LBL_OB02 is idle.  enabled since Thu Oct 23 08:42:15 2025
printer GBCOV_BVIUK_LSR_IB01 is idle.  enabled since Wed Oct 22 07:36:33 2025
printer GBCOV_BVIUK_LSR_IB02 is idle.  enabled since Tue Oct 21 12:04:42 2025
printer GBCOV_BVIUK_LSR_OB01 is idle.  enabled since Thu Oct 23 09:04:01 2025
printer GBCOV_BVIUK_LSR_OB02 is idle.  enabled since Thu Oct 23 08:16:46 2025
printer GBCOV_LBL_002 is idle.  enabled since Thu Oct 23 09:00:08 2025
printer GBCOV_LBL_003 is idle.  enabled since Wed Oct 22 09:45:22 2025
printer GBCOV_LBL_004 is idle.  enabled since Thu Oct 23 08:33:25 2025
printer GBCOV_LBL_005 is idle.  enabled since Thu Oct 23 09:17:05 2025
printer GBCOV_LBL_BDA is idle.  enabled since Tue Mar 14 06:12:47 2023
printer GBCOV_LBL_CSM01 is idle.  enabled since Thu Oct 23 07:20:25 2025
printer GBCOV_LBL_CSM02 is idle.  enabled since Wed Oct 22 12:57:56 2025
printer GBCOV_LSR_002 is idle.  enabled since Thu Oct 23 09:33:21 2025
printer GBCOV_LSR_003 is idle.  enabled since Wed Aug 20 14:00:08 2025
printer GBCOV_LSR_004 is idle.  enabled since Thu Oct 23 08:33:24 2025
printer GBCOV_LSR_005 is idle.  enabled since Tue Apr 15 10:05:59 2025
printer GBCOV_LSR_CSM01 is idle.  enabled since Thu Oct 23 07:20:26 2025
printer GBDRB_LBL_01 is idle.  enabled since Tue Mar 14 06:12:47 2023
printer GBDRN_LBL_001 is idle.  enabled since Thu Oct 23 08:58:51 2025
printer GBDRN_LSR_001 is idle.  enabled since Tue Mar 14 06:12:47 2023
printer GBDRN_LSR_002 is idle.  enabled since Tue Oct 21 10:36:47 2025
printer GBDWS_LBL_IB01 is idle.  enabled since Tue Mar 14 06:12:47 2023
printer GBDWS_LBL_IB02 is idle.  enabled since Tue Apr 29 11:24:57 2025
printer GBDWS_LBL_IB03 is idle.  enabled since Fri May  9 12:05:38 2025
printer GBDWS_LBL_OB01 is idle.  enabled since Tue Mar 14 06:12:47 2023
printer GBDWS_LBL_OB02 is idle.  enabled since Fri May  9 10:03:48 2025
printer GBDWS_LBL_OB03 is idle.  enabled since Fri May  9 10:57:30 2025
printer GBDWS_LSR_IB01 is idle.  enabled since Tue Mar 14 06:12:47 2023
printer GBDWS_LSR_IB02 is idle.  enabled since Tue Apr 29 15:42:21 2025
printer GBDWS_LSR_OB01 is idle.  enabled since Tue Mar 14 06:12:47 2023
printer GBDWS_LSR_OB02 is idle.  enabled since Fri May  9 12:04:35 2025
printer HUBOR_LBL_01 is idle.  enabled since Wed Oct 22 13:26:51 2025
printer HUBOR_LSR_01 is idle.  enabled since Mon Feb 26 12:59:53 2024
printer IESAT_ITG_LBL_01 is idle.  enabled since Thu Oct 23 08:09:58 2025
printer IESAT_ITG_LSR_01 is idle.  enabled since Thu Oct 23 09:42:58 2025
printer LB_NLRND_MWS2 is idle.  enabled since Fri May 24 10:38:27 2024
printer LFC_MEZ_SHIPPING_RIGHTSIDE is idle.  enabled since Wed Sep 10 19:40:58 2025
printer NLHKN_CHF_LBL_FG is idle.  enabled since Wed Oct 22 10:37:53 2025
printer NLHKN_CHF_LBL_SP is idle.  enabled since Thu Oct 23 07:42:24 2025
printer NLHKN_CHF_LSR_FG is idle.  enabled since Thu Oct 23 07:45:07 2025
printer NLHKN_CHF_LSR_SP is idle.  enabled since Thu Oct 23 09:11:10 2025
printer NLHKN_MONOS_LBL001 is idle.  enabled since Thu Sep 18 06:23:06 2025
printer NLHKN_MONOS_LSR001 is idle.  enabled since Tue Jul 22 13:46:23 2025
printer NLHKN_MONOS_MWS_LBL1 is idle.  enabled since Thu Oct 23 06:10:26 2025
printer NLHKN_MONOS_MWS_LSR1 is idle.  enabled since Fri Oct 17 11:52:45 2025
printer NLRMD_IB_MS_LBL_02 is idle.  enabled since Tue Mar 14 06:12:47 2023
printer NLRMD_IB_MS_LSR_02 is idle.  enabled since Tue Mar 14 06:12:47 2023
printer NLRMD_LBL_001 is idle.  enabled since Tue Mar 14 06:12:47 2023
printer NLRMD_LBL_FUR is idle.  enabled since Tue Mar 14 06:12:47 2023
printer NLRMD_LBL_FUR2 is idle.  enabled since Tue Apr 16 12:44:02 2024
printer NLRMD_LSR_001 is idle.  enabled since Tue Mar 14 06:12:47 2023
printer NLRMD_LSR_FUR is idle.  enabled since Sat Jan 11 17:26:10 2025
printer NLRMD_OB_OP_LBL_01 is idle.  enabled since Thu Aug 28 06:03:06 2025
printer NLRMD_OB_OP_LSR_01 is idle.  enabled since Wed Aug  6 14:05:06 2025
printer NLRMD_OB_PLR_LSR_01 is idle.  enabled since Tue Mar 14 06:12:47 2023
printer NLRND_AB_LBL_01 is idle.  enabled since Thu Jul 31 07:01:05 2025
printer NLRND_AB_LBL_02 is idle.  enabled since Wed Sep 10 04:28:48 2025
printer NLRND_AB_LBL_03 is idle.  enabled since Tue Jul 29 11:45:43 2025
printer NLRND_AB_LBL_04 is idle.  enabled since Tue Aug 26 04:11:54 2025
printer NLRND_AB_LBL_05 is idle.  enabled since Mon May 12 12:41:36 2025
printer NLRND_AB_LBL_06 is idle.  enabled since Mon Oct 20 04:27:31 2025
printer NLRND_AB_LBL_07 is idle.  enabled since Mon May 12 12:44:47 2025
printer NLRND_AB_LBL_08 is idle.  enabled since Mon May 12 12:45:39 2025
printer NLRN--output truncated--
2025-10-26 00:53:47,740 - 17176 - ERROR - app_validation.sh errors for i-078ce009d29416e40:

2025-10-26 00:53:47,743 - 17176 - INFO - After patching validation saved to: output/validation-2025-10-26/172.22.10.44-AfterPatching-2025-10-26-00-53-47-742.log
2025-10-26 00:53:47,781 - 17176 - INFO - Validation comparison report generated: output/validation-2025-10-26/172.22.10.44-Validation-details-2025-10-26-00-53-47-742.log
2025-10-26 00:53:47,875 - 17176 - INFO - Email sent successfully to ['adityak@softeon.com', 'ITSupport@softeon.com']
2025-10-26 00:53:47,875 - 17176 - INFO - HTML validation report email sent for i-078ce009d29416e40
2025-10-26 00:53:48,123 - 17176 - INFO - Started i-078ce009d29416e40 in 0:01:17.079038
2025-10-26 00:53:48,123 - 17176 - INFO - Waiting 120 seconds before proceeding to the next instance...
2025-10-26 00:55:48,560 - 17176 - INFO - Sent app_validation.sh to i-08f43b606b5e41fe4 (command_id: a95610e0-dd8b-4cec-9d47-0803400abb0f)
2025-10-26 00:56:19,023 - 17176 - INFO - app_validation.sh output for i-08f43b606b5e41fe4:

==============================================================================
Server Availability Check Started at Sun Oct 26 04:55:48 UTC 2025
==============================================================================

-------------------------------------
Server IP : 172.22.10.12
-------------------------------------
System Information
------------------
Hostname: ip-172-22-10-12.eu-west-1.compute.internal
Uptime: up 13 weeks, 6 days, 23 hours, 29 minutes
Current User: root
Working Directory: /usr/bin
-------------------------------------
Voice Console URL: http://172.22.10.12:9090/VoiceConsole
-------------------------------------

-------------------------------------
Server IP : 172.22.10.12
-------------------------------------
Physical Memory Information
---------------------------
Total Physical Memory = 15611 MB
Used Physical Memory  = 3175 MB
Free Physical Memory  = 12436 MB
-------------------------------------
Swap Memory Information
-----------------------
Total Swap Memory = 20479 MB
Used Swap Memory  = 954 MB
Free Swap Memory  = 19525 MB
-------------------------------------
Load Average: 2.00 2.55 2.83 1/387 988702
-------------------------------------

Disk Usage Information
----------------------
Filesystem                                 Size  Used Avail Use% Mounted on
/dev/nvme0n1p1                              20G  6.5G   14G  33% /
/dev/nvme0n1p128                            10M  1.3M  8.7M  13% /boot/efi
/dev/nvme1n1p2                             177G   94G   75G  56% /data
fs-0e7211c7.efs.eu-west-1.amazonaws.com:/  8.0E  3.1T  8.0E   1% /data2
devtmpfs                                   4.0M     0  4.0M   0% /dev
tmpfs                                      7.7G     0  7.7G   0% /dev/shm
tmpfs                                      3.1G  816K  3.1G   1% /run
tmpfs                                      1.6G     0  1.6G   0% /run/user/1000
tmpfs                                      1.6G     0  1.6G   0% /run/user/2001
tmpfs                                      1.6G     0  1.6G   0% /run/user/992
tmpfs                                      7.7G   46M  7.6G   1% /tmp
-------------------------------------

Application Port Validation for Server IP: 172.22.10.12 started on Sun Oct 26 04:55:48 UTC 2025

Server IP: 172.22.10.12 is reachable.

SSH Service (Port 22) Status:
SSH Service (Port 22): NOT REACHABLE
-------------------------------------

FTP Service Validation for Server IP: 172.22.10.12

FTP Service (Port 21): NOT REACHABLE
No FTP processes detected
-------------------------------------

CUPS Service Validation for Server IP: 172.22.10.12

CUPS Service (Port 631): NOT REACHABLE

Printer Configuration:
Total Printers Configured: 571
Printer Details:
printer ALPH_LBL_001 is idle.  enabled since Thu Oct 23 21:01:25 2025
	The printer is not responding.
printer ALPH_LSR_001 is idle.  enabled since Thu Oct  2 10:23:49 2025
printer BVI_LBL_01 is idle.  enabled since Thu Nov 12 13:36:23 2020
printer BVINL_LBL_CHECK01 is idle.  enabled since Mon Feb 19 10:02:59 2024
printer BVINL_LBL_REC01 is idle.  enabled since Mon Nov 13 15:56:22 2023
printer BVINL_LBL_SHIP1 is idle.  enabled since Mon Nov 13 16:00:25 2023
printer BVINL_LBL_SHIP2 is idle.  enabled since Mon Feb 19 08:26:06 2024
printer BVINL_LSR_REC01 is idle.  enabled since Tue Feb  6 08:05:23 2024
printer BVINL_LSR_SHIP1 is idle.  enabled since Tue Nov 28 05:30:52 2023
printer BVINL_LSR_SHIP2 is idle.  enabled since Mon Nov 13 16:05:48 2023
printer CZTCH_EW_LBL_04 is idle.  enabled since Tue Oct  7 06:12:19 2025
printer CZTCH_EW_LBL_05 is idle.  enabled since Tue Oct  7 06:13:34 2025
printer CZTCH_FLCO_LBL_001 is idle.  enabled since Thu Aug 29 14:19:53 2024
printer CZTCH_FLCO_LBL_002 is idle.  enabled since Thu Aug 29 16:37:55 2024
printer CZTCH_FLCO_LSR_001 is idle.  enabled since Thu Aug 29 12:45:45 2024
printer CZTCH_FLCO_LSR_002 is idle.  enabled since Thu Aug  8 10:00:24 2024
printer CZTCH_HFCE is idle.  enabled since Fri Apr 19 12:26:16 2024
printer CZTCH_LBL_01 is idle.  enabled since Mon Feb 19 08:14:44 2024
printer CZTCH_LBL_EW is idle.  enabled since Fri Feb 16 13:44:53 2024
printer CZTCH_LBL_EW3 is idle.  enabled since Tue Apr 22 16:02:55 2025
printer CZTCH_LBL_XPJHF is idle.  enabled since Wed Aug 31 14:34:17 2022
printer CZTCH_LSR_01 is idle.  enabled since Fri Feb 16 11:39:09 2024
printer CZTCH_LSR_EW is idle.  enabled since Fri Feb 16 17:12:18 2024
printer CZTCH_LSR_EW2 is idle.  enabled since Fri Feb 16 13:15:46 2024
printer CZTCH_LSR_EW3 is idle.  enabled since Tue Apr 22 16:01:54 2025
printer CZTCHP2009 is idle.  enabled since Tue Aug 15 12:05:20 2023
printer CZTCHP2011_LBL is idle.  enabled since Thu Feb 15 12:13:24 2024
printer DEBUT_DIV_LBL_01 is idle.  enabled since Sat Oct 25 09:28:47 2025
	Data file sent successfully.
printer DEBUT_DIV_LBL_02 is idle.  enabled since Fri Oct 24 22:44:18 2025
	Data file sent successfully.
printer DEBUT_DIV_LBL_03 is idle.  enabled since Fri Oct 24 14:25:21 2025
	Data file sent successfully.
printer DEBUT_DIV_LBL_04 is idle.  enabled since Sat Oct 25 06:10:26 2025
	Data file sent successfully.
printer DEBUT_DIV_LBL_05 is idle.  enabled since Mon Sep  8 07:43:55 2025
printer DEBUT_DIV_LBL_06 is idle.  enabled since Fri Oct 24 12:50:19 2025
	Data file sent successfully.
printer DEBUT_DIV_LBL_07 is idle.  enabled since Fri Sep  5 14:11:20 2025
printer DEBUT_DIV_LBL_08 is idle.  enabled since Wed Sep 17 05:54:23 2025
printer DEBUT_DIV_LBL_09 is idle.  enabled since Wed Oct 22 18:50:57 2025
	Data file sent successfully.
printer DEBUT_DIV_LBL_10 is idle.  enabled since Fri Oct 24 22:26:47 2025
	Data file sent successfully.
printer DEBUT_DIV_LBL_11 is idle.  enabled since Fri Oct 24 22:10:54 2025
	Data file sent successfully.
printer DEBUT_DIV_LBL_12 is idle.  enabled since Fri Oct 24 14:38:05 2025
	Data file sent successfully.
printer DEBUT_DIV_LBL_13 is idle.  enabled since Fri Oct 24 13:17:40 2025
	Data file sent successfully.
printer DEBUT_DIV_LBL_14 is idle.  enabled since Fri Oct 24 22:16:24 2025
	Data file sent successfully.
printer DEBUT_DIV_LBL_15 is idle.  enabled since Thu Oct 16 20:54:22 2025
	Data file sent successfully.
printer DEBUT_DIV_LBL_16 is idle.  enabled since Fri Oct 24 14:29:51 2025
	Data file sent successfully.
printer DEBUT_DIV_LSR_01 is idle.  enabled since Tue Feb 20 16:16:41 2024
printer DEBUT_DIV_LSR_02 is idle.  enabled since Tue Feb 20 16:18:24 2024
printer DEBUT_DIV_LSR_03 is idle.  enabled since Tue Feb 20 16:18:52 2024
printer DEBUT_DIV_LSR_04 is idle.  enabled since Tue Feb 20 16:19:19 2024
printer DEBUT_DIV_LSR_10 is idle.  enabled since Wed Mar 13 17:33:05 2024
printer DEBUT_DIV_LSR_11 is idle.  enabled since Fri Sep 13 14:59:38 2024
printer DEBUT_DIV_LSR_12 is idle.  enabled since Fri Sep 13 15:00:51 2024
printer DEBUT_DIV_LSR_13 is idle.  enabled since Fri Oct  4 07:07:11 2024
printer DEBUT_DIV_LSR_14 is idle.  enabled since Fri Oct  4 08:52:05 2024
printer DEBUT_DIV_LSR_15 is idle.  enabled since Tue May 13 08:22:40 2025
printer DEBUT_HOVAL_LBL_001 is idle.  enabled since Fri Oct 24 14:37:10 2025
	Data file sent successfully.
printer DEBUT_HOVAL_LSR_001 is idle.  enabled since Thu Jun  5 13:44:20 2025
printer DEBUT_LBL_01 is idle.  enabled since Fri Feb 28 17:40:31 2020
printer DEBUT_LBL_02 is idle.  enabled since Fri Oct 24 15:30:26 2025
	Data file sent successfully.
printer DEBUT_LBL_03 is idle.  enabled since Fri Oct 24 15:19:53 2025
	Data file sent successfully.
printer DEBUT_LBL_04 is idle.  enabled since Fri Oct 24 14:32:16 2025
	Data file sent successfully.
printer DEBUT_LBL_05 is idle.  enabled since Wed Oct 22 06:15:45 2025
	Waiting for printer to finish.
printer DEBUT_LBL_06 is idle.  enabled since Thu Oct 16 19:13:48 2025
	Data file sent successfully.
printer DEBUT_LBL_07 is idle.  enabled since Fri Oct 24 20:36:29 2025
	Data file sent successfully.
printer DEBUT_LBL_08 is idle.  enabled since Thu Oct 23 18:49:02 2025
	Data file sent successfully.
printer DEBUT_LBL_09 is idle.  enabled since Fri Oct 24 20:28:42 2025
	Data file sent successfully.
printer DEBUT_LBL_10 is idle.  enabled since Wed Sep 10 13:32:38 2025
printer DEBUT_LBL_11 is idle.  enabled since Wed Oct 22 20:39:45 2025
	Data file sent successfully.
printer DEBUT_LBL_12 is idle.  enabled since Fri Oct 10 20:29:16 2025
	Data file sent successfully.
printer DEBUT_LBL_13 is idle.  enabled since Wed Sep 10 13:32:28 2025
printer DEBUT_LBL_14 is idle.  enabled since Wed Oct  8 08:13:46 2025
	Waiting for printer to finish.
printer DEBUT_LBL_15 is idle.  enabled since Wed Oct 22 15:29:34 2025
	Data file sent successfully.
printer DEBUT_LBL_16 is idle.  enabled since Wed Sep 10 13:32:17 2025
printer DEBUT_LBL_17 is idle.  enabled since Wed Sep 10 13:32:14 2025
printer DEBUT_LBL_18 is idle.  enabled since Wed Sep 10 13:32:14 2025
printer DEBUT_LBL_19 is idle.  enabled since Wed Sep 10 13:32:11 2025
printer DEBUT_LBL_20 is idle.  enabled since Wed Sep 10 13:32:02 2025
printer DEBUT_LBL_21 is idle.  enabled since Wed Sep 10 13:31:58 2025
printer DEBUT_LBL_22 is idle.  enabled since Thu Jul 11 11:02:48 2019
printer DEBUT_LBL_23 is idle.  enabled since Wed Sep 10 13:31:53 2025
printer DEBUT_LBL_24 is idle.  enabled since Wed Sep 10 13:31:46 2025
printer DEBUT_LBL_25 is idle.  enabled since Wed Sep 10 13:31:46 2025
printer DEBUT_LBL_26 is idle.  enabled since Fri Oct 24 14:14:35 2025
	Data file sent successfully.
printer DEBUT_LBL_27 is idle.  enabled since Thu Sep 11 15:55:05 2025
printer DEBUT_LBL_28 is idle.  enabled since Fri Oct 24 14:39:20 2025
	Data file sent successfully.
printer DEBUT_LBL_29 is idle.  enabled since Mon Oct 20 14:50:14 2025
	Data file sent successfully.
printer DEBUT_LBL_30 is idle.  enabled since Fri Oct 24 19:03:37 2025
	Data file sent successfully.
printer DEBUT_LBL_31 is idle.  enabled since Wed Sep 10 13:31:20 2025
printer DEBUT_LBL_32 is idle.  enabled since Wed Sep 10 13:31:15 2025
printer DEBUT_LBL_33 is idle.  enabled since Wed Sep 10 16:31:14 2025
printer DEBUT_LBL_34 is idle.  enabled since Thu Oct 23 10:30:47 2025
	Data file sent successfully.
printer DEBUT_LBL_35 is idle.  enabled since Fri Oct 24 14:08:39 2025
	Data file sent successfully.
printer DEBUT_LBL_36 is idle.  enabled since Sat Oct 25 09:37:58 2025
	Data file sent successfully.
printer DEBUT_LBL_37 is idle.  enabled since Fri Oct 24 18:56:19 2025
	Data file sent successfully.
printer DEBUT_LBL_38 is idle.  enabled since Wed Oct 22 18:23:29 2025
	Data file sent successfully.
printer DEBUT_LBL_39 is idle.  enabled since Fri Oct 24 15:59:25 2025
	Data file sent successfully.
printer DEBUT_LBL_40 is idle.  enabled since Fri Oct 24 20:41:45 2025
	Data file sent successfully.
printer DEBUT_LBL_41 is idle.  enabled since Sat Oct 25 09:54:54 2025
	Data file sent successfully.
printer DEBUT_LBL_42 is idle.  enabled since Thu Oct 23 20:06:54 2025
	Data file sent successfully.
printer DEBUT_LBL_43 is idle.  enabled since Fri Oct 24 15:10:36 2025
	Data file sent successfully.
printer DEBUT_LBL_44 is idle.  enabled since Fri Oct 24 20:05:24 2025
	Data file sent successfully.
printer DEBUT_LBL_45 is idle.  enabled since Wed Sep 10 13:28:34 2025
printer DEBUT_LBL_46 is idle.  enabled since Sat Oct 25 08:11:22 2025
	Data file sent successfully.
printer DEBUT_LBL_47 is idle.  enabled since Wed Sep 10 13:28:24 2025
printer DEBUT_LBL_48 is idle.  enabled since Wed Sep 10 13:28:24 2025
printer DEBUT_LBL_50 is idle.  enabled since Wed Sep 10 13:28:18 2025
printer DEBUT_LBL_51 is idle.  enabled since Fri Oct 24 13:00:21 2025
	Data file sent successfully.
printer DEBUT_LBL_52 is idle.  enabled since Wed Sep 10 13:28:04 2025
printer DEBUT_LBL_TEST is idle.  enabled since Mon May 17 06:37:21 2021
printer DEBUT_LBL_WELLHC is idle.  enabled since Wed Apr 30 16:18:35 2025
printer DEBUT_LSR_01 is idle.  enabled since Mon Feb 19 22:33:54 2024
printer DEBUT_LSR_02 is idle.  enabled since Mon Feb 19 21:14:34 2024
printer DEBUT_LSR_03 is idle.  enabled since Mon Feb 19 21:44:42 2024
printer DEBUT_LSR_04 is idle.  enabled since Fri Feb 16 13:06:23 2024
printer DEBUT_LSR_05 is idle.  enabled since Fri Feb 16 20:02:25 2024
printer DEBUT_LSR_06 is idle.  enabled since Mon Feb 19 21:55:27 2024
printer DEBUT_LSR_07 is idle.  enabled since Mon Feb 19 18:44:21 2024
printer DEBUT_LSR_08 is idle.  enabled since Mon Feb 19 21:46:57 2024
printer DEBUT_LSR_09 is idle.  enabled since Mon Feb 19 21:55:24 2024
printer DEBUT_LSR_11 is idle.  enabled since Mon Feb 19 21:49:33 2024
printer DEBUT_LSR_12 is idle.  enabled since Mon Feb 19 21:40:00 2024
printer DEBUT_LSR_13 is idle.  enabled since Mon Jul 10 07:18:31 2023
printer DEBUT_LSR_14 is idle.  enabled since Tue Dec 17 14:18:32 2019
printer DEBUT_LSR_16 is idle.  enabled since Tue Jun 25 00:00:32 2024
printer DEBUT_LSR_25 is idle.  enabled since Fri Jan 19 18:40:49 2024
printer DEBUT_LSR_26 is idle.  enabled since Fri Feb 16 10:33:09 2024
printer DEBUT_LSR_27 is idle.  enabled since Mon Feb 19 15:44:21 2024
printer DEBUT_LSR_28 is idle.  enabled since Fri Feb 16 11:53:24 2024
printer DEBUT_LSR_29 is idle.  enabled since Mon Feb 12 17:29:43 2024
printer DEBUT_LSR_30 is idle.  enabled since Thu Feb 22 14:57:21 2024
printer DEBUT_LSR_31 is idle.  enabled since Mon Feb 19 21:58:33 2024
printer DEBUT_LSR_32 is idle.  enabled since Mon May 17 06:37:21 2021
printer DEBUT_LSR_34 is idle.  enabled since Fri Nov 24 10:21:14 2023
printer DEBUT_LSR_35 is idle.  enabled since Mon Dec  4 09:54:18 2023
printer DEBUT_LSR_36 is idle.  enabled since Mon Feb 19 23:54:47 2024
printer DEBUT_LSR_37 is idle.  enabled since Mon Feb 19 23:28:00 2024
printer DEBUT_LSR_38 is idle.  enabled since Mon Feb 19 21:53:24 2024
printer DEBUT_LSR_39 is idle.  enabled since Mon Feb 19 21:50:36 2024
printer DEBUT_LSR_40 is idle.  enabled since Mon Feb 19 21:51:15 2024
printer DEBUT_LSR_42 is idle.  enabled since Thu Mar  9 11:35:09 2023
printer DEBUT_LSR_43 is idle.  enabled since Mon Feb 19 22:14:11 2024
printer DEBUT_LSR_45 is idle.  enabled since Thu Feb 22 14:59:27 2024
printer DEBUT_LSR_46 is idle.  enabled since Mon Feb 19 21:43:21 2024
printer DEBUT_LSR_47 is idle.  enabled since Mon Feb 19 23:57:17 2024
printer DEBUT_LSR_48 is idle.  enabled since Mon Apr 17 15:18:41 2023
printer DEBUT_LSR_49 is idle.  enabled since Thu Jun 30 07:20:06 2022
printer DEBUT_LSR_50 is idle.  enabled since Mon Apr 24 08:33:09 2023
printer DEBUT_LSR_WELLHC is idle.  enabled since Mon Jul 10 07:41:18 2023
printer DEBUT_NOVO_LBL01 is idle.  enabled since Mon Nov 11 14:22:40 2024
printer DEBUT_NOVO_LSR01 is idle.  enabled since Mon Nov 11 14:24:46 2024
printer DEBUT_RFID1_WELLHC is idle.  enabled since Mon May 13 06:30:08 2024
printer DEBUT_RFID2_WELLHC is idle.  enabled since Mon May 13 06:30:03 2024
printer DEBUT_RICOLA_LBL01 is idle.  enabled since Mon Oct 13 14:15:57 2025
	Data file sent successfully.
printer DEBUT_STL_001 is idle.  enabled since Mon Jul 31 07:45:55 2023
printer DEBUT_STL_002 is idle.  enabled since Thu Nov  7 16:48:09 2019
printer DEBUT_STO_001 is idle.  enabled since Mon May 27 19:20:07 2024
printer DEBUT_STO_002 is idle.  enabled since Mon May 27 19:34:44 2024
printer DEKRE_CSM_LBL_001 is idle.  enabled since Wed Jan  8 14:43:18 2025
printer DEKRE_CSM_LBL_002 is idle.  enabled since Thu Oct 17 10:44:18 2024
printer DEKRE_CSM_LBL_003 is idle.  enabled since Thu Nov 21 10:28:17 2024
printer DEKRE_CSM_LBL_004 is idle.  enabled since Wed Jan  8 14:44:35 2025
printer DEKRE_CSM_LBL_005 is idle.  enabled since Fri Sep 20 07:08:29 2024
printer DEKRE_CSM_LBL_006 is idle.  enabled since Fri Sep 20 07:09:19 2024
printer DEKRE_LBL_KIT01 is idle.  enabled since Mon May  8 13:36:45 2023
printer DEKRE_LBL_KIT02 is idle.  enabled since Thu Apr 13 05:04:30 2023
printer DEKRE_LBL_KIT03 is idle.  enabled since Fri Feb  3 15:09:59 2023
printer DEKRE_LBL_LH is idle.  enabled since Sat Apr 22 08:12:27 2023
printer DEKRE_LBL_LH01 is idle.  enabled since Mon May  8 11:53:59 2023
printer DEKRE_LBL_OB011 is idle.  enabled since Tue Oct 12 13:49:57 2021
printer DEKRE_LBL_OB012 is idle.  enabled since Fri Feb 24 14:14:48 2023
printer DEKRE_LBL_OB021 is idle.  enabled since Tue Jun 16 08:24:10 2020
printer DEKRE_LBL_OB022 is idle.  enabled since Fri Jan 14 14:53:43 2022
printer DEKRE_LBL_OB031 is idle.  enabled since Fri Jan 14 14:53:13 2022
printer DEKRE_LBL_OB032 is idle.  enabled since Mon Nov 14 19:23:55 2022
printer DEKRE_LBL_OB034 is idle.  enabled since Mon May 23 06:43:31 2022
printer DEKRE_LBL_OB035 is idle.  enabled since Fri Jan 14 14:52:22 2022
printer DEKRE_LSR_LH is idle.  enabled since Wed May  3 11:22:30 2023
printer DEKRE_LSR_OB010 is idle.  enabled since Mon May  8 13:36:31 2023
printer DEKRE_LSR_OB020 is idle.  enabled since Tue Nov 15 15:16:41 2022
printer DEKRE_LSR_OB030 is idle.  enabled since Fri Apr 28 05:25:18 2023
printer DEKRE_LSR_OB033 is idle.  enabled since Thu Feb 25 08:32:54 2021
printer DEKRE_NOVO_LBL_001 is idle.  enabled since Thu Jul 25 11:09:29 2024
printer DEKRE_NOVO_LSR_001 is idle.  enabled since Thu Jul 25 11:07:48 2024
printer DESCA_LBL_01 is idle.  enabled since Tue Jan 28 07:47:40 2025
printer DESCA_LSR_01 is idle.  enabled since Fri Feb 16 12:07:31 2024
printer DRUKARKA is idle.  enabled since Tue Jun 25 00:00:17 2024
printer EEROLABEL1 is idle.  enabled since Tue Oct 29 07:49:35 2024
printer EEROLASER1 is idle.  enabled since Mon Jul  7 06:45:53 2025
printer ESRDM_LBL_01 is idle.  enabled since Mon May 27 07:54:14 2024
printer ESRDM_LBL_02 is idle.  enabled since Thu Aug  7 08:12:59 2025
printer ESRDM_LSR_01 is idle.  enabled since Mon May 27 07:55:16 2024
printer EURNLRNDP1001 is idle.  enabled since Thu Dec  7 09:43:34 2023
printer EURNLRNDP1002 is idle.  enabled since Fri Feb 16 17:13:49 2024
printer EURNLRNDP1003 is idle.  enabled since Fri Feb 16 07:24:12 2024
printer EURNLRNDP1004 is idle.  enabled since Thu Feb 15 10:28:42 2024
printer EURNLRNDP1005 is idle.  enabled since Sat Feb 17 09:40:31 2024
printer EURNLRNDP1006 is idle.  enabled since Fri Feb 16 07:30:54 2024
printer EURNLRNDP1007 is idle.  enabled since Fri Feb 16 16:19:49 2024
printer EURNLRNDP1008 is idle.  enabled since Thu Feb 15 12:12:06 2024
printer EURNLRNDP1009 is idle.  enabled since Tue Dec  5 14:45:03 2023
printer EURNLRNDP1010 is idle.  enabled since Tue Nov 29 19:03:07 2022
printer EURNLRNDP1011 is idle.  enabled since Fri Feb 16 15:44:41 2024
printer EURNLRNDP1012 is idle.  enabled since Mon May 16 15:18:22 2022
printer EURNLRNDP1021 is idle.  enabled since Thu May 30 09:41:19 2024
printer EURNLRNDP1023 is idle.  enabled since Sun Nov 26 12:08:47 2023
printer EURNLRNDP2001 is idle.  enabled since Mon Feb 19 10:21:37 2024
printer EURNLRNDP2002 is idle.  enabled since Thu Feb 15 16:47:56 2024
printer EURNLRNDP2003 is idle.  enabled since Mon Aug  4 14:12:14 2025
printer EURNLRNDP2004 is idle.  enabled since Thu Feb  8 13:06:55 2024
printer EURNLRNDP2005 is idle.  enabled since Fri Feb 16 07:56:59 2024
printer EURNLRNDP2006 is idle.  enabled since Fri Feb 16 14:41:28 2024
printer EURNLRNDP2007 is idle.  enabled since Mon Dec 11 16:52:57 2023
printer EURNLRNDP2008 is idle.  enabled since Fri Feb 16 12:33:09 2024
printer EURNLRNDP2009 is idle.  enabled since Tue May  2 11:41:42 2023
printer EURNLRNDP2010 is idle.  enabled since Mon May 13 06:28:43 2024
printer EURNLRNDP2011 is idle.  enabled since Tue Dec 19 16:11:03 2023
printer EURNLRNDP2014 is idle.  enabled since Tue Jun 25 00:00:17 2024
printer EURNLRNDP2020 is idle.  enabled since Wed Oct 22 11:32:55 2025
printer EURNLRNDP2021 is idle.  enabled since Wed Oct 22 11:33:50 2025
printer EURNLRNDP2024 is idle.  enabled since Mon Nov 20 14:27:17 2023
printer EURNLRNDP4107 is idle.  enabled since Thu May 30 09:36:56 2024
printer FRSQF_LBL_CTF is idle.  enabled since Tue Oct  1 13:21:21 2024
printer FRSQF_LBL_OB_CTF is idle.  enabled since Fri Feb 16 14:43:34 2024
printer FRSQF_LSR_CTF is idle.  enabled since Fri Feb 16 14:55:34 2024
printer FRSQF_LSR_IB_CTF is idle.  enabled since Fri Jan  5 14:22:58 2024
printer FRSWI_EMDFR_LBL_01 is idle.  enabled since Wed Sep 25 15:10:40 2024
printer FRSWI_EMDFR_LSR_01 is idle.  enabled since Thu Aug  7 10:37:57 2025
printer FRSWI_LBL_03 is idle.  enabled since Wed Oct 30 17:20:02 2024
printer GAAPR_SCOTT is idle.  enabled since Tue Jun 25 00:00:33 2024
printer GBCOV_04 is idle.  enabled since Mon May 17 06:37:21 2021
printer GBCOV_BVIUK_LBL_IB01 is idle.  enabled since Mon Jan 27 10:29:33 2025
printer GBCOV_BVIUK_LBL_IB02 is idle.  enabled since Tue Feb 11 14:37:16 2025
printer GBCOV_BVIUK_LBL_OB01 is idle.  enabled since Mon Jan 27 10:31:07 2025
printer GBCOV_BVIUK_LBL_OB02 is idle.  enabled since Mon Jan 27 10:40:44 2025
printer GBCOV_BVIUK_LSR_IB01 is idle.  enabled since Mon Jan 27 10:41:53 2025
printer GBCOV_BVIUK_LSR_IB02 is idle.  enabled since Tue Feb 11 14:38:31 2025
printer GBCOV_BVIUK_LSR_OB01 is idle.  enabled since Mon Jan 27 11:52:15 2025
printer GBCOV_BVIUK_LSR_OB02 is idle.  enabled since Mon Jan 27 11:53:18 2025
printer GBCOV_LBL_002 is idle.  enabled since Mon Feb 19 09:06:38 2024
printer GBCOV_LBL_003 is idle.  enabled since Thu Jun 26 18:09:37 2025
printer GBCOV_LBL_004 is idle.  enabled since Mon Feb 19 09:53:11 2024
printer GBCOV_LBL_005 is idle.  enabled since Fri Feb 16 12:19:41 2024
printer GBCOV_LBL_BDA is idle.  enabled since Mon Apr  4 12:01:57 2022
printer GBCOV_LBL_CSM01 is idle.  enabled since Thu Sep 19 11:35:51 2024
printer GBCOV_LBL_CSM02 is idle.  enabled since Thu Sep 19 11:37:06 2024
printer GBCOV_LSR_002 is idle.  enabled since Fri Feb 16 14:19:11 2024
printer GBCOV_LSR_003 is idle.  enabled since Mon Jan 22 14:33:18 2024
printer GBCOV_LSR_004 is idle.  enabled since Fri Feb 16 15:04:10 2024
printer GBCOV_LSR_005 is idle.  enabled since Fri Jul 24 13:25:44 2020
printer GBCOV_LSR_CSM01 is idle.  enabled since Thu Sep 19 11:38:41 2024
printer GBDRB_LBL_01 is idle.  enabled since Tue Dec  5 11:47:31 2023
printer GBDRN_LBL_001 is idle.  enabled since Fri Feb 16 10:59:52 2024
printer GBDRN_LSR_001 is idle.  enabled since Tue Apr 20 14:29:29 2021
printer GBDRN_LSR_002 is idle.  enabled since Fri Feb 16 11:05:35 2024
printer GBDWS_LBL_IB01 is idle.  enabled since Wed Jan 26 10:19:06 2022
printer GBDWS_LBL_IB02 is idle.  enabled since Mon Feb 19 10:22:33 2024
printer GBDWS_LBL_IB03 is idle.  enabled since Mon Feb 19 08:52:55 2024
printer GBDWS_LBL_OB01 is idle.  enabled since Wed Jan 26 10:38:31 2022
printer GBDWS_LBL_OB02 is idle.  enabled since Fri Nov 17 13:19:35 2023
printer GBDWS_LBL_OB03 is idle.  enabled since Fri Jan  5 09:55:34 2024
printer GBDWS_LSR_IB01 is idle.  enabled since Mon Nov 15 12:13:57 2021
printer GBDWS_LSR_IB02 is idle.  enabled since Mon Dec  4 08:41:21 2023
printer GBDWS_LSR_OB01 is idle.  enabled since Wed Jan 26 13:48:10 2022
printer GBDWS_LSR_OB02 is idle.  enabled since Fri Feb 16 15:52:10 2024
printer HUBOR_LBL_01 is idle.  enabled since Wed Oct 30 08:54:17 2024
printer HUBOR_LSR_01 is idle.  enabled since Mon Jan 15 13:10:39 2024
printer IESAT_ITG_LBL_01 is idle.  enabled since Fri Oct 24 14:09:44 2025
	Data file sent successfully.
printer IESAT_ITG_LSR_01 is idle.  enabled since Mon Sep 15 14:08:19 2025
printer LB_NLRND_MWS2 is idle.  enabled since Fri May 24 10:38:29 2024
printer LFC_MEZ_SHIPPING_RIGHTSIDE is idle.  enabled since Tue Jun 17 13:42:54 2025
printer NLHKN_CHF_LBL_FG is idle.  enabled since Tue Jan 28 09:29:30 2025
printer NLHKN_CHF_LBL_SP is idle.  enabled since Tue Jan 28 09:27:27 2025
printer NLHKN_CHF_LSR_FG is idle.  enabled since Tue Jan 28 09:28:31 2025
printer NLHKN_CHF_LSR_SP is idle.  enabled since Tue Jan 28 09:26:23 2025
printer NLHKN_MONOS_LBL001 is idle.  enabled since Wed Jul  2 05:54:19 2025
printer NLHKN_MONOS_LSR001 is idle.  enabled since Wed Jul  2 05:55:10 2025
printer NLHKN_MONOS_MWS_LBL1 is idle.  enabled since Fri Jul 25 10:23:54 2025
printer NLHKN_MONOS_MWS_LSR1 is idle.  enabled since Fri Jul 25 10:22:43 2025
printer NLRMD_IB_MS_LBL_02 is idle.  e--output truncated--
2025-10-26 00:56:19,023 - 17176 - ERROR - app_validation.sh errors for i-08f43b606b5e41fe4:

2025-10-26 00:56:19,025 - 17176 - INFO - Before patching validation saved to: output/validation-2025-10-26/172.22.10.12-BeforePatching-2025-10-26-00-56-19-024.log
2025-10-26 00:56:19,025 - 17176 - INFO - Stopping EC2 instance: i-08f43b606b5e41fe4 at 2025-10-26 00:56:19
2025-10-26 00:58:06,186 - 17176 - INFO - Instance i-08f43b606b5e41fe4 stopped successfully.
2025-10-26 00:58:06,425 - 17176 - INFO - Stopped i-08f43b606b5e41fe4 in 0:01:47.399646
2025-10-26 00:58:06,426 - 17176 - INFO - Starting EC2 instance: i-08f43b606b5e41fe4
2025-10-26 00:58:22,242 - 17176 - INFO - Instance i-08f43b606b5e41fe4 started successfully.
2025-10-26 00:58:22,242 - 17176 - INFO - Waiting 30 seconds for SSM agent to be ready on i-08f43b606b5e41fe4...
2025-10-26 00:58:52,656 - 17176 - INFO - Sent app_validation.sh to i-08f43b606b5e41fe4 (command_id: 7fdbb2f3-9b3c-421e-8607-d3c30a34f027)
2025-10-26 00:59:23,080 - 17176 - INFO - app_validation.sh output for i-08f43b606b5e41fe4:

==============================================================================
Server Availability Check Started at Sun Oct 26 04:58:53 UTC 2025
==============================================================================

-------------------------------------
Server IP : 172.22.10.12
-------------------------------------
System Information
------------------
Hostname: ip-172-22-10-12.eu-west-1.compute.internal
Uptime: up 0 minutes
Current User: root
Working Directory: /usr/bin
-------------------------------------
Voice Console URL: http://172.22.10.12:9090/VoiceConsole
-------------------------------------

-------------------------------------
Server IP : 172.22.10.12
-------------------------------------
Physical Memory Information
---------------------------
Total Physical Memory = 15611 MB
Used Physical Memory  = 4228 MB
Free Physical Memory  = 11383 MB
-------------------------------------
Swap Memory Information
-----------------------
Total Swap Memory = 20479 MB
Used Swap Memory  = 0 MB
Free Swap Memory  = 20479 MB
-------------------------------------
Load Average: 18.62 4.67 1.57 44/583 3709
-------------------------------------

Disk Usage Information
----------------------
Filesystem                                 Size  Used Avail Use% Mounted on
/dev/nvme0n1p1                              20G  6.3G   14G  32% /
/dev/nvme0n1p128                            10M  1.3M  8.7M  13% /boot/efi
/dev/nvme1n1p2                             177G   94G   75G  56% /data
fs-0e7211c7.efs.eu-west-1.amazonaws.com:/  8.0E  3.1T  8.0E   1% /data2
devtmpfs                                   4.0M     0  4.0M   0% /dev
tmpfs                                      7.7G     0  7.7G   0% /dev/shm
tmpfs                                      3.1G  844K  3.1G   1% /run
tmpfs                                      1.6G     0  1.6G   0% /run/user/2001
tmpfs                                      1.6G     0  1.6G   0% /run/user/992
tmpfs                                      7.7G   65M  7.6G   1% /tmp
-------------------------------------

Application Port Validation for Server IP: 172.22.10.12 started on Sun Oct 26 04:58:53 UTC 2025

Server IP: 172.22.10.12 is reachable.

SSH Service (Port 22) Status:
SSH Service (Port 22): NOT REACHABLE
-------------------------------------

FTP Service Validation for Server IP: 172.22.10.12

FTP Service (Port 21): NOT REACHABLE
No FTP processes detected
-------------------------------------

CUPS Service Validation for Server IP: 172.22.10.12

CUPS Service (Port 631): NOT REACHABLE

Printer Configuration:
Total Printers Configured: 518
Printer Details:
printer ALPH_LBL_001 is idle.  enabled since Thu Oct 23 09:01:11 2025
printer ALPH_LSR_001 is idle.  enabled since Thu Oct  2 10:23:49 2025
printer BVI_LBL_01 is idle.  enabled since Thu Nov 12 13:36:23 2020
printer BVINL_LBL_CHECK01 is idle.  enabled since Mon Feb 19 10:02:59 2024
printer BVINL_LBL_REC01 is idle.  enabled since Mon Nov 13 15:56:22 2023
printer BVINL_LBL_SHIP1 is idle.  enabled since Mon Nov 13 16:00:25 2023
printer BVINL_LBL_SHIP2 is idle.  enabled since Mon Feb 19 08:26:06 2024
printer BVINL_LSR_REC01 is idle.  enabled since Tue Feb  6 08:05:23 2024
printer BVINL_LSR_SHIP1 is idle.  enabled since Tue Nov 28 05:30:52 2023
printer BVINL_LSR_SHIP2 is idle.  enabled since Mon Nov 13 16:05:48 2023
printer CZTCH_EW_LBL_04 is idle.  enabled since Tue Oct  7 06:12:19 2025
printer CZTCH_EW_LBL_05 is idle.  enabled since Tue Oct  7 06:13:34 2025
printer CZTCH_FLCO_LBL_001 is idle.  enabled since Thu Aug 29 14:19:53 2024
printer CZTCH_FLCO_LBL_002 is idle.  enabled since Thu Aug 29 16:37:55 2024
printer CZTCH_FLCO_LSR_001 is idle.  enabled since Thu Aug 29 12:45:45 2024
printer CZTCH_FLCO_LSR_002 is idle.  enabled since Thu Aug  8 10:00:24 2024
printer CZTCH_HFCE is idle.  enabled since Fri Apr 19 12:26:16 2024
printer CZTCH_LBL_01 is idle.  enabled since Mon Feb 19 08:14:44 2024
printer CZTCH_LBL_EW is idle.  enabled since Fri Feb 16 13:44:53 2024
printer CZTCH_LBL_EW3 is idle.  enabled since Tue Apr 22 16:02:55 2025
printer CZTCH_LBL_XPJHF is idle.  enabled since Wed Aug 31 14:34:17 2022
printer CZTCH_LSR_01 is idle.  enabled since Fri Feb 16 11:39:09 2024
printer CZTCH_LSR_EW is idle.  enabled since Fri Feb 16 17:12:18 2024
printer CZTCH_LSR_EW2 is idle.  enabled since Fri Feb 16 13:15:46 2024
printer CZTCH_LSR_EW3 is idle.  enabled since Tue Apr 22 16:01:54 2025
printer CZTCHP2009 is idle.  enabled since Tue Aug 15 12:05:20 2023
printer CZTCHP2011_LBL is idle.  enabled since Thu Feb 15 12:13:24 2024
printer DEBUT_DIV_LBL_01 is idle.  enabled since Thu Oct 23 07:58:54 2025
printer DEBUT_DIV_LBL_02 is idle.  enabled since Mon Oct 20 21:56:28 2025
printer DEBUT_DIV_LBL_03 is idle.  enabled since Thu Oct 23 09:50:27 2025
printer DEBUT_DIV_LBL_04 is idle.  enabled since Thu Oct 23 07:28:54 2025
printer DEBUT_DIV_LBL_05 is idle.  enabled since Mon Sep  8 07:43:55 2025
printer DEBUT_DIV_LBL_06 is idle.  enabled since Wed Oct 22 12:25:11 2025
printer DEBUT_DIV_LBL_07 is idle.  enabled since Fri Sep  5 14:11:20 2025
printer DEBUT_DIV_LBL_08 is idle.  enabled since Wed Sep 17 05:54:23 2025
printer DEBUT_DIV_LBL_09 is idle.  enabled since Wed Oct 22 18:50:57 2025
printer DEBUT_DIV_LBL_10 is idle.  enabled since Wed Oct 22 22:41:51 2025
printer DEBUT_DIV_LBL_11 is idle.  enabled since Wed Oct 22 22:33:19 2025
printer DEBUT_DIV_LBL_12 is idle.  enabled since Wed Oct 22 15:53:21 2025
printer DEBUT_DIV_LBL_13 is idle.  enabled since Wed Oct 22 15:42:38 2025
printer DEBUT_DIV_LBL_14 is idle.  enabled since Wed Oct 22 23:29:51 2025
printer DEBUT_DIV_LBL_15 is idle.  enabled since Thu Oct 16 20:54:22 2025
printer DEBUT_DIV_LBL_16 is idle.  enabled since Thu Oct 23 09:49:42 2025
printer DEBUT_DIV_LSR_01 is idle.  enabled since Tue Feb 20 16:16:41 2024
printer DEBUT_DIV_LSR_02 is idle.  enabled since Tue Feb 20 16:18:24 2024
printer DEBUT_DIV_LSR_03 is idle.  enabled since Tue Feb 20 16:18:52 2024
printer DEBUT_DIV_LSR_04 is idle.  enabled since Tue Feb 20 16:19:19 2024
printer DEBUT_DIV_LSR_10 is idle.  enabled since Wed Mar 13 17:33:05 2024
printer DEBUT_DIV_LSR_11 is idle.  enabled since Fri Sep 13 14:59:38 2024
printer DEBUT_DIV_LSR_12 is idle.  enabled since Fri Sep 13 15:00:51 2024
printer DEBUT_DIV_LSR_13 is idle.  enabled since Fri Oct  4 07:07:11 2024
printer DEBUT_DIV_LSR_14 is idle.  enabled since Fri Oct  4 08:52:05 2024
printer DEBUT_DIV_LSR_15 is idle.  enabled since Tue May 13 08:22:40 2025
printer DEBUT_HOVAL_LBL_001 is idle.  enabled since Tue Oct 21 12:57:13 2025
printer DEBUT_HOVAL_LSR_001 is idle.  enabled since Thu Jun  5 13:44:20 2025
printer DEBUT_LBL_01 is idle.  enabled since Fri Feb 28 17:40:31 2020
printer DEBUT_LBL_02 is idle.  enabled since Wed Oct 22 22:33:35 2025
printer DEBUT_LBL_03 is idle.  enabled since Thu Oct 23 08:55:15 2025
printer DEBUT_LBL_04 is idle.  enabled since Thu Oct 23 09:50:22 2025
printer DEBUT_LBL_05 is idle.  enabled since Wed Oct 22 06:15:45 2025
printer DEBUT_LBL_06 is idle.  enabled since Thu Oct 16 19:13:48 2025
printer DEBUT_LBL_07 is idle.  enabled since Thu Oct 23 09:12:57 2025
printer DEBUT_LBL_08 is idle.  enabled since Thu Oct 23 06:15:14 2025
printer DEBUT_LBL_09 is idle.  enabled since Wed Oct 22 19:59:52 2025
printer DEBUT_LBL_10 is idle.  enabled since Wed Sep 10 13:32:38 2025
printer DEBUT_LBL_11 is idle.  enabled since Wed Oct 22 20:39:45 2025
printer DEBUT_LBL_12 is idle.  enabled since Fri Oct 10 20:29:16 2025
printer DEBUT_LBL_13 is idle.  enabled since Wed Sep 10 13:32:28 2025
printer DEBUT_LBL_14 is idle.  enabled since Wed Oct  8 08:13:46 2025
printer DEBUT_LBL_15 is idle.  enabled since Wed Oct 22 15:29:34 2025
printer DEBUT_LBL_16 is idle.  enabled since Wed Sep 10 13:32:17 2025
printer DEBUT_LBL_17 is idle.  enabled since Wed Sep 10 13:32:14 2025
printer DEBUT_LBL_18 is idle.  enabled since Wed Sep 10 13:32:14 2025
printer DEBUT_LBL_19 is idle.  enabled since Wed Sep 10 13:32:11 2025
printer DEBUT_LBL_20 is idle.  enabled since Wed Sep 10 13:32:02 2025
printer DEBUT_LBL_21 is idle.  enabled since Wed Sep 10 13:31:58 2025
printer DEBUT_LBL_22 is idle.  enabled since Thu Jul 11 11:02:48 2019
printer DEBUT_LBL_23 is idle.  enabled since Wed Sep 10 13:31:53 2025
printer DEBUT_LBL_24 is idle.  enabled since Wed Sep 10 13:31:46 2025
printer DEBUT_LBL_25 is idle.  enabled since Wed Sep 10 13:31:46 2025
printer DEBUT_LBL_26 is idle.  enabled since Thu Oct 23 06:12:48 2025
printer DEBUT_LBL_27 is idle.  enabled since Thu Sep 11 15:55:05 2025
printer DEBUT_LBL_28 is idle.  enabled since Thu Oct 23 09:35:40 2025
printer DEBUT_LBL_29 is idle.  enabled since Mon Oct 20 14:50:14 2025
printer DEBUT_LBL_30 is idle.  enabled since Wed Oct 22 20:48:27 2025
printer DEBUT_LBL_31 is idle.  enabled since Wed Sep 10 13:31:20 2025
printer DEBUT_LBL_32 is idle.  enabled since Wed Sep 10 13:31:15 2025
printer DEBUT_LBL_33 is idle.  enabled since Wed Sep 10 16:31:14 2025
printer DEBUT_LBL_34 is idle.  enabled since Tue Oct 21 20:54:57 2025
printer DEBUT_LBL_35 is idle.  enabled since Thu Oct 23 09:27:34 2025
printer DEBUT_LBL_36 is idle.  enabled since Thu Oct 23 08:57:20 2025
printer DEBUT_LBL_37 is idle.  enabled since Thu Oct 23 09:46:30 2025
printer DEBUT_LBL_38 is idle.  enabled since Wed Oct 22 18:23:29 2025
printer DEBUT_LBL_39 is idle.  enabled since Wed Oct 22 21:58:19 2025
printer DEBUT_LBL_40 is idle.  enabled since Thu Oct 23 06:42:04 2025
printer DEBUT_LBL_41 is idle.  enabled since Thu Oct 23 08:07:23 2025
printer DEBUT_LBL_42 is idle.  enabled since Wed Oct 22 19:34:50 2025
printer DEBUT_LBL_43 is idle.  enabled since Wed Oct 22 18:39:21 2025
printer DEBUT_LBL_44 is idle.  enabled since Fri Oct 17 20:30:29 2025
printer DEBUT_LBL_45 is idle.  enabled since Wed Sep 10 13:28:34 2025
printer DEBUT_LBL_46 is idle.  enabled since Thu Oct 23 09:47:52 2025
printer DEBUT_LBL_47 is idle.  enabled since Wed Sep 10 13:28:24 2025
printer DEBUT_LBL_48 is idle.  enabled since Wed Sep 10 13:28:24 2025
printer DEBUT_LBL_50 is idle.  enabled since Wed Sep 10 13:28:18 2025
printer DEBUT_LBL_51 is idle.  enabled since Thu Oct 23 09:40:22 2025
printer DEBUT_LBL_52 is idle.  enabled since Wed Sep 10 13:28:04 2025
printer DEBUT_LBL_TEST is idle.  enabled since Mon May 17 06:37:21 2021
printer DEBUT_LBL_WELLHC is idle.  enabled since Wed Apr 30 16:18:35 2025
printer DEBUT_LSR_01 is idle.  enabled since Mon Feb 19 22:33:54 2024
printer DEBUT_LSR_02 is idle.  enabled since Mon Feb 19 21:14:34 2024
printer DEBUT_LSR_03 is idle.  enabled since Mon Feb 19 21:44:42 2024
printer DEBUT_LSR_04 is idle.  enabled since Fri Feb 16 13:06:23 2024
printer DEBUT_LSR_05 is idle.  enabled since Fri Feb 16 20:02:25 2024
printer DEBUT_LSR_06 is idle.  enabled since Mon Feb 19 21:55:27 2024
printer DEBUT_LSR_07 is idle.  enabled since Mon Feb 19 18:44:21 2024
printer DEBUT_LSR_08 is idle.  enabled since Mon Feb 19 21:46:57 2024
printer DEBUT_LSR_09 is idle.  enabled since Mon Feb 19 21:55:24 2024
printer DEBUT_LSR_11 is idle.  enabled since Mon Feb 19 21:49:33 2024
printer DEBUT_LSR_12 is idle.  enabled since Mon Feb 19 21:40:00 2024
printer DEBUT_LSR_13 is idle.  enabled since Mon Jul 10 07:18:31 2023
printer DEBUT_LSR_14 is idle.  enabled since Tue Dec 17 14:18:32 2019
printer DEBUT_LSR_16 is idle.  enabled since Tue Jun 25 00:00:32 2024
printer DEBUT_LSR_25 is idle.  enabled since Fri Jan 19 18:40:49 2024
printer DEBUT_LSR_26 is idle.  enabled since Fri Feb 16 10:33:09 2024
printer DEBUT_LSR_27 is idle.  enabled since Mon Feb 19 15:44:21 2024
printer DEBUT_LSR_28 is idle.  enabled since Fri Feb 16 11:53:24 2024
printer DEBUT_LSR_29 is idle.  enabled since Mon Feb 12 17:29:43 2024
printer DEBUT_LSR_30 is idle.  enabled since Thu Feb 22 14:57:21 2024
printer DEBUT_LSR_31 is idle.  enabled since Mon Feb 19 21:58:33 2024
printer DEBUT_LSR_32 is idle.  enabled since Mon May 17 06:37:21 2021
printer DEBUT_LSR_34 is idle.  enabled since Fri Nov 24 10:21:14 2023
printer DEBUT_LSR_35 is idle.  enabled since Mon Dec  4 09:54:18 2023
printer DEBUT_LSR_36 is idle.  enabled since Mon Feb 19 23:54:47 2024
printer DEBUT_LSR_37 is idle.  enabled since Mon Feb 19 23:28:00 2024
printer DEBUT_LSR_38 is idle.  enabled since Mon Feb 19 21:53:24 2024
printer DEBUT_LSR_39 is idle.  enabled since Mon Feb 19 21:50:36 2024
printer DEBUT_LSR_40 is idle.  enabled since Mon Feb 19 21:51:15 2024
printer DEBUT_LSR_42 is idle.  enabled since Thu Mar  9 11:35:09 2023
printer DEBUT_LSR_43 is idle.  enabled since Mon Feb 19 22:14:11 2024
printer DEBUT_LSR_45 is idle.  enabled since Thu Feb 22 14:59:27 2024
printer DEBUT_LSR_46 is idle.  enabled since Mon Feb 19 21:43:21 2024
printer DEBUT_LSR_47 is idle.  enabled since Mon Feb 19 23:57:17 2024
printer DEBUT_LSR_48 is idle.  enabled since Mon Apr 17 15:18:41 2023
printer DEBUT_LSR_49 is idle.  enabled since Thu Jun 30 07:20:06 2022
printer DEBUT_LSR_50 is idle.  enabled since Mon Apr 24 08:33:09 2023
printer DEBUT_LSR_WELLHC is idle.  enabled since Mon Jul 10 07:41:18 2023
printer DEBUT_NOVO_LBL01 is idle.  enabled since Mon Nov 11 14:22:40 2024
printer DEBUT_NOVO_LSR01 is idle.  enabled since Mon Nov 11 14:24:46 2024
printer DEBUT_RFID1_WELLHC is idle.  enabled since Mon May 13 06:30:08 2024
printer DEBUT_RFID2_WELLHC is idle.  enabled since Mon May 13 06:30:03 2024
printer DEBUT_RICOLA_LBL01 is idle.  enabled since Mon Oct 13 14:15:57 2025
printer DEBUT_STL_001 is idle.  enabled since Mon Jul 31 07:45:55 2023
printer DEBUT_STL_002 is idle.  enabled since Thu Nov  7 16:48:09 2019
printer DEBUT_STO_001 is idle.  enabled since Mon May 27 19:20:07 2024
printer DEBUT_STO_002 is idle.  enabled since Mon May 27 19:34:44 2024
printer DEKRE_CSM_LBL_001 is idle.  enabled since Wed Jan  8 14:43:18 2025
printer DEKRE_CSM_LBL_002 is idle.  enabled since Thu Oct 17 10:44:18 2024
printer DEKRE_CSM_LBL_003 is idle.  enabled since Thu Nov 21 10:28:17 2024
printer DEKRE_CSM_LBL_004 is idle.  enabled since Wed Jan  8 14:44:35 2025
printer DEKRE_CSM_LBL_005 is idle.  enabled since Fri Sep 20 07:08:29 2024
printer DEKRE_CSM_LBL_006 is idle.  enabled since Fri Sep 20 07:09:19 2024
printer DEKRE_LBL_KIT01 is idle.  enabled since Mon May  8 13:36:45 2023
printer DEKRE_LBL_KIT02 is idle.  enabled since Thu Apr 13 05:04:30 2023
printer DEKRE_LBL_KIT03 is idle.  enabled since Fri Feb  3 15:09:59 2023
printer DEKRE_LBL_LH is idle.  enabled since Sat Apr 22 08:12:27 2023
printer DEKRE_LBL_LH01 is idle.  enabled since Mon May  8 11:53:59 2023
printer DEKRE_LBL_OB011 is idle.  enabled since Tue Oct 12 13:49:57 2021
printer DEKRE_LBL_OB012 is idle.  enabled since Fri Feb 24 14:14:48 2023
printer DEKRE_LBL_OB021 is idle.  enabled since Tue Jun 16 08:24:10 2020
printer DEKRE_LBL_OB022 is idle.  enabled since Fri Jan 14 14:53:43 2022
printer DEKRE_LBL_OB031 is idle.  enabled since Fri Jan 14 14:53:13 2022
printer DEKRE_LBL_OB032 is idle.  enabled since Mon Nov 14 19:23:55 2022
printer DEKRE_LBL_OB034 is idle.  enabled since Mon May 23 06:43:31 2022
printer DEKRE_LBL_OB035 is idle.  enabled since Fri Jan 14 14:52:22 2022
printer DEKRE_LSR_LH is idle.  enabled since Wed May  3 11:22:30 2023
printer DEKRE_LSR_OB010 is idle.  enabled since Mon May  8 13:36:31 2023
printer DEKRE_LSR_OB020 is idle.  enabled since Tue Nov 15 15:16:41 2022
printer DEKRE_LSR_OB030 is idle.  enabled since Fri Apr 28 05:25:18 2023
printer DEKRE_LSR_OB033 is idle.  enabled since Thu Feb 25 08:32:54 2021
printer DEKRE_NOVO_LBL_001 is idle.  enabled since Thu Jul 25 11:09:29 2024
printer DEKRE_NOVO_LSR_001 is idle.  enabled since Thu Jul 25 11:07:48 2024
printer DESCA_LBL_01 is idle.  enabled since Tue Jan 28 07:47:40 2025
printer DESCA_LSR_01 is idle.  enabled since Fri Feb 16 12:07:31 2024
printer DRUKARKA is idle.  enabled since Tue Jun 25 00:00:17 2024
printer EEROLABEL1 is idle.  enabled since Tue Oct 29 07:49:35 2024
printer EEROLASER1 is idle.  enabled since Mon Jul  7 06:45:53 2025
printer ESRDM_LBL_01 is idle.  enabled since Mon May 27 07:54:14 2024
printer ESRDM_LBL_02 is idle.  enabled since Thu Aug  7 08:12:59 2025
printer ESRDM_LSR_01 is idle.  enabled since Mon May 27 07:55:16 2024
printer EURNLRNDP1001 is idle.  enabled since Thu Dec  7 09:43:34 2023
printer EURNLRNDP1002 is idle.  enabled since Fri Feb 16 17:13:49 2024
printer EURNLRNDP1003 is idle.  enabled since Fri Feb 16 07:24:12 2024
printer EURNLRNDP1004 is idle.  enabled since Thu Feb 15 10:28:42 2024
printer EURNLRNDP1005 is idle.  enabled since Sat Feb 17 09:40:31 2024
printer EURNLRNDP1006 is idle.  enabled since Fri Feb 16 07:30:54 2024
printer EURNLRNDP1007 is idle.  enabled since Fri Feb 16 16:19:49 2024
printer EURNLRNDP1008 is idle.  enabled since Thu Feb 15 12:12:06 2024
printer EURNLRNDP1009 is idle.  enabled since Tue Dec  5 14:45:03 2023
printer EURNLRNDP1010 is idle.  enabled since Tue Nov 29 19:03:07 2022
printer EURNLRNDP1011 is idle.  enabled since Fri Feb 16 15:44:41 2024
printer EURNLRNDP1012 is idle.  enabled since Mon May 16 15:18:22 2022
printer EURNLRNDP1021 is idle.  enabled since Thu May 30 09:41:19 2024
printer EURNLRNDP1023 is idle.  enabled since Sun Nov 26 12:08:47 2023
printer EURNLRNDP2001 is idle.  enabled since Mon Feb 19 10:21:37 2024
printer EURNLRNDP2002 is idle.  enabled since Thu Feb 15 16:47:56 2024
printer EURNLRNDP2003 is idle.  enabled since Mon Aug  4 14:12:14 2025
printer EURNLRNDP2004 is idle.  enabled since Thu Feb  8 13:06:55 2024
printer EURNLRNDP2005 is idle.  enabled since Fri Feb 16 07:56:59 2024
printer EURNLRNDP2006 is idle.  enabled since Fri Feb 16 14:41:28 2024
printer EURNLRNDP2007 is idle.  enabled since Mon Dec 11 16:52:57 2023
printer EURNLRNDP2008 is idle.  enabled since Fri Feb 16 12:33:09 2024
printer EURNLRNDP2009 is idle.  enabled since Tue May  2 11:41:42 2023
printer EURNLRNDP2010 is idle.  enabled since Mon May 13 06:28:43 2024
printer EURNLRNDP2011 is idle.  enabled since Tue Dec 19 16:11:03 2023
printer EURNLRNDP2014 is idle.  enabled since Tue Jun 25 00:00:17 2024
printer EURNLRNDP2020 is idle.  enabled since Wed Oct 22 11:32:55 2025
printer EURNLRNDP2021 is idle.  enabled since Wed Oct 22 11:33:50 2025
printer EURNLRNDP2024 is idle.  enabled since Mon Nov 20 14:27:17 2023
printer EURNLRNDP4107 is idle.  enabled since Thu May 30 09:36:56 2024
printer FRSQF_LBL_CTF is idle.  enabled since Tue Oct  1 13:21:21 2024
printer FRSQF_LBL_OB_CTF is idle.  enabled since Fri Feb 16 14:43:34 2024
printer FRSQF_LSR_CTF is idle.  enabled since Fri Feb 16 14:55:34 2024
printer FRSQF_LSR_IB_CTF is idle.  enabled since Fri Jan  5 14:22:58 2024
printer FRSWI_EMDFR_LBL_01 is idle.  enabled since Wed Sep 25 15:10:40 2024
printer FRSWI_EMDFR_LSR_01 is idle.  enabled since Thu Aug  7 10:37:57 2025
printer FRSWI_LBL_03 is idle.  enabled since Wed Oct 30 17:20:02 2024
printer GAAPR_SCOTT is idle.  enabled since Tue Jun 25 00:00:33 2024
printer GBCOV_04 is idle.  enabled since Mon May 17 06:37:21 2021
printer GBCOV_BVIUK_LBL_IB01 is idle.  enabled since Mon Jan 27 10:29:33 2025
printer GBCOV_BVIUK_LBL_IB02 is idle.  enabled since Tue Feb 11 14:37:16 2025
printer GBCOV_BVIUK_LBL_OB01 is idle.  enabled since Mon Jan 27 10:31:07 2025
printer GBCOV_BVIUK_LBL_OB02 is idle.  enabled since Mon Jan 27 10:40:44 2025
printer GBCOV_BVIUK_LSR_IB01 is idle.  enabled since Mon Jan 27 10:41:53 2025
printer GBCOV_BVIUK_LSR_IB02 is idle.  enabled since Tue Feb 11 14:38:31 2025
printer GBCOV_BVIUK_LSR_OB01 is idle.  enabled since Mon Jan 27 11:52:15 2025
printer GBCOV_BVIUK_LSR_OB02 is idle.  enabled since Mon Jan 27 11:53:18 2025
printer GBCOV_LBL_002 is idle.  enabled since Mon Feb 19 09:06:38 2024
printer GBCOV_LBL_003 is idle.  enabled since Thu Jun 26 18:09:37 2025
printer GBCOV_LBL_004 is idle.  enabled since Mon Feb 19 09:53:11 2024
printer GBCOV_LBL_005 is idle.  enabled since Fri Feb 16 12:19:41 2024
printer GBCOV_LBL_BDA is idle.  enabled since Mon Apr  4 12:01:57 2022
printer GBCOV_LBL_CSM01 is idle.  enabled since Thu Sep 19 11:35:51 2024
printer GBCOV_LBL_CSM02 is idle.  enabled since Thu Sep 19 11:37:06 2024
printer GBCOV_LSR_002 is idle.  enabled since Fri Feb 16 14:19:11 2024
printer GBCOV_LSR_003 is idle.  enabled since Mon Jan 22 14:33:18 2024
printer GBCOV_LSR_004 is idle.  enabled since Fri Feb 16 15:04:10 2024
printer GBCOV_LSR_005 is idle.  enabled since Fri Jul 24 13:25:44 2020
printer GBCOV_LSR_CSM01 is idle.  enabled since Thu Sep 19 11:38:41 2024
printer GBDRB_LBL_01 is idle.  enabled since Tue Dec  5 11:47:31 2023
printer GBDRN_LBL_001 is idle.  enabled since Fri Feb 16 10:59:52 2024
printer GBDRN_LSR_001 is idle.  enabled since Tue Apr 20 14:29:29 2021
printer GBDRN_LSR_002 is idle.  enabled since Fri Feb 16 11:05:35 2024
printer GBDWS_LBL_IB01 is idle.  enabled since Wed Jan 26 10:19:06 2022
printer GBDWS_LBL_IB02 is idle.  enabled since Mon Feb 19 10:22:33 2024
printer GBDWS_LBL_IB03 is idle.  enabled since Mon Feb 19 08:52:55 2024
printer GBDWS_LBL_OB01 is idle.  enabled since Wed Jan 26 10:38:31 2022
printer GBDWS_LBL_OB02 is idle.  enabled since Fri Nov 17 13:19:35 2023
printer GBDWS_LBL_OB03 is idle.  enabled since Fri Jan  5 09:55:34 2024
printer GBDWS_LSR_IB01 is idle.  enabled since Mon Nov 15 12:13:57 2021
printer GBDWS_LSR_IB02 is idle.  enabled since Mon Dec  4 08:41:21 2023
printer GBDWS_LSR_OB01 is idle.  enabled since Wed Jan 26 13:48:10 2022
printer GBDWS_LSR_OB02 is idle.  enabled since Fri Feb 16 15:52:10 2024
printer HUBOR_LBL_01 is idle.  enabled since Wed Oct 30 08:54:17 2024
printer HUBOR_LSR_01 is idle.  enabled since Mon Jan 15 13:10:39 2024
printer IESAT_ITG_LBL_01 is idle.  enabled since Thu Oct 23 08:09:51 2025
printer IESAT_ITG_LSR_01 is idle.  enabled since Mon Sep 15 14:08:19 2025
printer LB_NLRND_MWS2 is idle.  enabled since Fri May 24 10:38:29 2024
printer LFC_MEZ_SHIPPING_RIGHTSIDE is idle.  enabled since Tue Jun 17 13:42:54 2025
printer NLHKN_CHF_LBL_FG is idle.  enabled since Tue Jan 28 09:29:30 2025
printer NLHKN_CHF_LBL_SP is idle.  enabled since Tue Jan 28 09:27:27 2025
printer NLHKN_CHF_LSR_FG is idle.  enabled since Tue Jan 28 09:28:31 2025
printer NLHKN_CHF_LSR_SP is idle.  enabled since Tue Jan 28 09:26:23 2025
printer NLHKN_MONOS_LBL001 is idle.  enabled since Wed Jul  2 05:54:19 2025
printer NLHKN_MONOS_LSR001 is idle.  enabled since Wed Jul  2 05:55:10 2025
printer NLHKN_MONOS_MWS_LBL1 is idle.  enabled since Fri Jul 25 10:23:54 2025
printer NLHKN_MONOS_MWS_LSR1 is idle.  enabled since Fri Jul 25 10:22:43 2025
printer NLRMD_IB_MS_LBL_02 is idle.  enabled since Wed Jun 15 08:56:42 2022
printer NLRMD_IB_MS_LSR_02 is idle.  enabled since Tue Feb  1 11:22:58 2022
printer NLRMD_LBL_001 is idle.  enabled since Mon Apr  6 09:05:46 2020
printer NLRMD_LBL_FUR is idle.  enabled since Fri Oct 28 09:15:10 2022
printer NLRMD_LBL_FUR2 is idle.  enabled since Tue Nov 14 11:28:10 2023
printer NLRMD_LSR_001 is idle.  enabled since Thu Apr  2 17:33:04 2020
printer NLRMD_LSR_FUR is idle.  enabled since Wed Jan 31 15:34:31 2024
printer NLRMD_OB_OP_LBL_01 is idle.  enabled since Wed Feb  8 10:05:26 2023
printer NLRMD_OB_OP_LSR_01 is idle.  enabled since Tue Mar 14 07:58:21 2023
printer NLRMD_OB_PLR_LSR_01 is idle.  enabled since Mon Jan 24 10:37:06 2022
printer NLRND_AB_LBL_01 is idle.  enabled since Mon May 12 10:44:44 2025
printer NLRND_AB_LBL_02 is idle.  enabled since Mon Oct 20 19:18:47 2025
printer NLRND_AB_LBL_03 is idle.  enabled since Mon May 12 12:39:32 2025
printer NLRND_AB_LBL_04 is idle.  enabled since Mon May 12 12:40:37 2025
printer NLRND_AB_LBL_05 is idle.  enabled since Mon May 12 12:41:39 2025
printer NLRND_AB_LBL_06 is idle.  enabled since Mon May 12 12:42:36 2025
printer NLRND_AB_LBL_07 is idle.  enabled since Mon May 12 12:44:49 2025
printer NLRND_AB_LBL_08 is idle.  enabled since Mon May 12 12:45:41 2025
printer NLRND_AB_LBL_09 is idle.  enabled since Mon May 12 12:46:02 2025
printer NLRND_BV_LBL_01 is idle.  enabled since Mon Feb 19 07:18:04 2024
printer NLRND_BV_LBL_WE is idle.  enabled since Mon Jul 31 09:38:54 --output truncated--
2025-10-26 00:59:23,081 - 17176 - ERROR - app_validation.sh errors for i-08f43b606b5e41fe4:

2025-10-26 00:59:23,083 - 17176 - INFO - After patching validation saved to: output/validation-2025-10-26/172.22.10.12-AfterPatching-2025-10-26-00-59-23-082.log
2025-10-26 00:59:23,120 - 17176 - INFO - Validation comparison report generated: output/validation-2025-10-26/172.22.10.12-Validation-details-2025-10-26-00-59-23-082.log
2025-10-26 00:59:23,197 - 17176 - INFO - Email sent successfully to ['adityak@softeon.com', 'ITSupport@softeon.com']
2025-10-26 00:59:23,197 - 17176 - INFO - HTML validation report email sent for i-08f43b606b5e41fe4
2025-10-26 00:59:23,438 - 17176 - INFO - Started i-08f43b606b5e41fe4 in 0:01:17.012821
2025-10-26 00:59:23,439 - 17176 - INFO - All instances processed.
2025-10-26 00:59:23,441 - 17176 - INFO - Restart Total time: 0:09:15.490940
2025-10-26 00:59:23,441 - 17176 - INFO - Auto-confirmed services are restarted
2025-10-26 00:59:23,441 - 17176 - INFO - Confirmed - services are started
2025-10-26 00:59:23,555 - 17176 - INFO - The following instances have failed the patch: []
2025-10-26 00:59:23,555 - 17176 - INFO - No instances have failed the patch.
2025-10-26 00:59:23,555 - 17176 - INFO - Total Patch Process time: 0:14:21.111222
2025-10-26 00:59:23,827 - 17176 - INFO - Email sent successfully to ['adityak@softeon.com', 'a80af5b5.softeon.com@in.teams.ms', 'ITSupport@softeon.com']
2025-10-26 01:00:24,097 - 17176 - INFO - Log file ./logs/patching_2025-10-26_UPS-EU-Batch.log uploaded to s3://q4-2025-aws-security-patching/UPS-EU-Batch_Patch/2025-10-26/patching_2025-10-26_UPS-EU-Batch.log
